[Licensing::Module] Trying to connect to existing licensing client channel...
Built from '6000.2/staging' branch; Version is '6000.2.2f1 (ea398eefe1c2) revision 15350158'; Using compiler version '194234433'; Build Type 'Release'
[Licensing::IpcConnector] Successfully connected to: "LicenseClient-ym167" at "2026-05-26T14:08:33.5382443Z"
OS: 'Windows 11  (10.0.26200) 64bit Professional' Language: 'ko' Physical Memory: 16243 MB
BatchMode: 1, IsHumanControllingUs: 0, StartBugReporterOnCrash: 0, Is64bit: 1
Date: 2026-05-26T14:08:33Z

COMMAND LINE ARGUMENTS:
C:\Program Files\Unity\Hub\Editor\6000.2.2f1\Editor\Unity.exe
-adb2
-batchMode
-noUpm
-name
AssetImportWorker1
-projectPath
C:/Users/ym167/Documents/GitHub/Lego-Digital-Twin/unity-client/AURA_Lego
-logFile
Logs/AssetImportWorker1.log
-srvPort
59241
-licensingIpc
LicenseClient-ym167
-job-worker-count
9
-background-job-worker-count
8
-gc-helper-count
1
-name
AssetImport
Successfully changed project path to: C:/Users/ym167/Documents/GitHub/Lego-Digital-Twin/unity-client/AURA_Lego
C:/Users/ym167/Documents/GitHub/Lego-Digital-Twin/unity-client/AURA_Lego
[UnityMemory] Configuration Parameters - Can be set up in boot.config
    "memorysetup-allocator-temp-initial-block-size-main=262144"
    "memorysetup-allocator-temp-initial-block-size-worker=262144"
    "memorysetup-bucket-allocator-granularity=16"
    "memorysetup-bucket-allocator-bucket-count=8"
    "memorysetup-bucket-allocator-block-size=33554432"
    "memorysetup-bucket-allocator-block-count=8"
    "memorysetup-main-allocator-block-size=16777216"
    "memorysetup-thread-allocator-block-size=16777216"
    "memorysetup-gfx-main-allocator-block-size=16777216"
    "memorysetup-gfx-thread-allocator-block-size=16777216"
    "memorysetup-cache-allocator-block-size=4194304"
    "memorysetup-typetree-allocator-block-size=2097152"
    "memorysetup-profiler-bucket-allocator-granularity=16"
    "memorysetup-profiler-bucket-allocator-bucket-count=8"
    "memorysetup-profiler-bucket-allocator-block-size=33554432"
    "memorysetup-profiler-bucket-allocator-block-count=8"
    "memorysetup-profiler-allocator-block-size=16777216"
    "memorysetup-profiler-editor-allocator-block-size=1048576"
    "memorysetup-temp-allocator-size-main=16777216"
    "memorysetup-job-temp-allocator-block-size=2097152"
    "memorysetup-job-temp-allocator-block-size-background=1048576"
    "memorysetup-job-temp-allocator-reduction-small-platforms=262144"
    "memorysetup-temp-allocator-size-background-worker=32768"
    "memorysetup-temp-allocator-size-job-worker=262144"
    "memorysetup-temp-allocator-size-preload-manager=33554432"
    "memorysetup-temp-allocator-size-nav-mesh-worker=65536"
    "memorysetup-temp-allocator-size-audio-worker=65536"
    "memorysetup-temp-allocator-size-cloud-worker=32768"
    "memorysetup-temp-allocator-size-gi-baking-worker=262144"
    "memorysetup-temp-allocator-size-gi-baking-worker=262144"
    "memorysetup-temp-allocator-size-gi-baking-worker=262144"
    "memorysetup-temp-allocator-size-gi-baking-worker=262144"
    "memorysetup-temp-allocator-size-gi-baking-worker=262144"
    "memorysetup-temp-allocator-size-gfx=262144"
Player connection [2360]  Target information:

Player connection [2360]  * "[IP] 172.30.1.67 [Port] 0 [Flags] 2 [Guid] 4011734193 [EditorId] 4011734193 [Version] 1048832 [Id] WindowsEditor(7,DESKTOP-M3M7B9U) [Debug] 1 [PackageName] WindowsEditor [ProjectName] Editor" 

Player connection [2360] Host joined multi-casting on [225.0.0.222:54997]...
Player connection [2360] Host joined alternative multi-casting on [225.0.0.222:34997]...
JobSystem: Creating JobQueue using job-worker-count value 9
Input System module state changed to: Initialized.
[Physics::Module] Initialized fallback backend.
[Physics::Module] Id: 0xdecafbad
[Licensing::Client] Code 10 while verifying Licensing Client signature (process Id: 19844, path: "C:/Program Files/Unity Hub/UnityLicensingClient_V1/Unity.Licensing.Client.exe")
[Licensing::Module] LicensingClient has failed validation; ignoring
[Licensing::Client] Handshaking with LicensingClient:
  Version:                 1.17.4+4293ba1
  Session Id:              acbae86173484a49a5c6bd9f30bf1e94
  Correlation Id:          80cc82a49ae77f99e5d0d6fdc54c7c3b
  External correlation Id: 4598204117077521766
  Machine Id:              nKW9zLnA3Cvjb+21/QgkJaxjydA=
[Licensing::Module] Successfully connected to LicensingClient on channel: "LicenseClient-ym167" (connect: 0.00s, validation: 0.00s, handshake: 0.07s)
[Licensing::IpcConnector] Successfully connected to: "LicenseClient-ym167-notifications" at "2026-05-26T14:08:33.613776Z"
[Licensing::Module] Licensing Background thread has ended after 0.08s
Library Redirect Path: Library/
[Physics::Module] Selected backend.
[Physics::Module] Name: PhysX
[Physics::Module] Id: 0xf2b8ea05
[Physics::Module] SDK Version: 4.1.2
[Physics::Module] Integration Version: 1.0.0
[Physics::Module] Threading Mode: Multi-Threaded
[Licensing::Client] Successfully resolved entitlement details
[Licensing::Module] License group:
  Id: 14569190939381-UnityPersXXXX
  Product: Unity Personal
  Type: Assigned
  Expiration: Unlimited
Refreshing native plugins compatible for Editor in 80.32 ms, found 19 plugins.
Preloading 2 native plugins for Editor in 1.94 ms.
Initialize engine version: 6000.2.2f1 (ea398eefe1c2)
[Subsystems] Discovering subsystems at path C:/Program Files/Unity/Hub/Editor/6000.2.2f1/Editor/Data/Resources/UnitySubsystems
[Subsystems] Discovering subsystems at path C:/Users/ym167/Documents/GitHub/Lego-Digital-Twin/unity-client/AURA_Lego/Assets
GfxDevice: creating device client; kGfxThreadingModeNonThreaded
Direct3D:
    Version:  Direct3D 11.0 [level 11.1]
    Renderer: NVIDIA GeForce RTX 3070 (ID=0x2488)
    Vendor:   NVIDIA
    VRAM:     8018 MB
    Driver:   32.0.15.6094
Initialize mono
Mono path[0] = 'C:/Program Files/Unity/Hub/Editor/6000.2.2f1/Editor/Data/Managed'
Mono path[1] = 'C:/Program Files/Unity/Hub/Editor/6000.2.2f1/Editor/Data/MonoBleedingEdge/lib/mono/unityjit-win32'
Mono config path = 'C:/Program Files/Unity/Hub/Editor/6000.2.2f1/Editor/Data/MonoBleedingEdge/etc'
Using monoOptions --debugger-agent=transport=dt_socket,embedding=1,server=y,suspend=n,address=127.0.0.1:56948
Begin MonoManager ReloadAssembly
Registering precompiled unity dll's ...
Register platform support module: C:/Program Files/Unity/Hub/Editor/6000.2.2f1/Editor/Data/PlaybackEngines/WindowsStandaloneSupport/UnityEditor.WindowsStandalone.Extensions.dll
Register platform support module: C:/Program Files/Unity/Hub/Editor/6000.2.2f1/Editor/Data/PlaybackEngines/AndroidPlayer/UnityEditor.Android.Extensions.dll
Registered in 0.004532 seconds.
- Loaded All Assemblies, in  0.400 seconds
Native extension for Android target not found
Android Extension - Scanning For ADB Devices 512 ms
Native extension for WindowsStandalone target not found
Mono: successfully reloaded assembly
- Finished resetting the current domain, in  0.816 seconds
Domain Reload Profiling: 1207ms
	BeginReloadAssembly (148ms)
		ExecutionOrderSort (0ms)
		DisableScriptedObjects (0ms)
		BackupInstance (0ms)
		ReleaseScriptingObjects (0ms)
		CreateAndSetChildDomain (1ms)
	RebuildCommonClasses (36ms)
	RebuildNativeTypeToScriptingClass (9ms)
	initialDomainReloadingComplete (51ms)
	LoadAllAssembliesAndSetupDomain (147ms)
		LoadAssemblies (144ms)
		RebuildTransferFunctionScriptingTraits (0ms)
		AnalyzeDomain (143ms)
			TypeCache.Refresh (142ms)
				TypeCache.ScanAssembly (130ms)
			BuildScriptInfoCaches (0ms)
			ResolveRequiredComponents (0ms)
	FinalizeReload (816ms)
		ReleaseScriptCaches (0ms)
		RebuildScriptCaches (0ms)
		SetupLoadedEditorAssemblies (774ms)
			LogAssemblyErrors (0ms)
			InitializePlatformSupportModulesInManaged (596ms)
			SetLoadedEditorAssemblies (3ms)
			BeforeProcessingInitializeOnLoad (44ms)
			ProcessInitializeOnLoadAttributes (88ms)
			ProcessInitializeOnLoadMethodAttributes (44ms)
			AfterProcessingInitializeOnLoad (0ms)
			EditorAssembliesLoaded (0ms)
		ExecutionOrderSort2 (0ms)
		AwakeInstancesAfterBackupRestoration (0ms)
========================================================================
Worker process is ready to serve import requests
Import Worker Mode flag is 0x00
Begin MonoManager ReloadAssembly
[Licensing::Client] Successfully resolved entitlement details
Symbol file LoadedFromMemory is not a mono symbol file
- Loaded All Assemblies, in  1.162 seconds
Refreshing native plugins compatible for Editor in 43.71 ms, found 19 plugins.
Native extension for Android target not found
Native extension for WindowsStandalone target not found
Package Manager log level set to [2]
[Package Manager] Failed to launch server process. Reason: Unity was launched with the -noUpm command-line argument
[Package Manager] Unable to send message (not connected to server process).
[Package Manager] Cannot connect to Unity Package Manager local server
[Package Manager] Failed to launch server process. Reason: Unity was launched with the -noUpm command-line argument
[Package Manager] Unable to send message (not connected to server process).
[Package Manager] Cannot connect to Unity Package Manager local server
Refreshing native plugins compatible for Editor in 41.51 ms, found 19 plugins.
[Package Manager] Failed to launch server process. Reason: Unity was launched with the -noUpm command-line argument
[Package Manager] Unable to send message (not connected to server process).
[Package Manager] Cannot connect to Unity Package Manager local server
System.Reflection.TargetInvocationException: Exception has been thrown by the target of an invocation. ---> System.NullReferenceException: Object reference not set to an instance of an object
  at Unity.XR.Oculus.OculusLoader.AssetPathToAbsolutePath (System.String assetPath) [0x0003d] in .\Library\PackageCache\com.unity.xr.oculus@68ef97a4d91e\Runtime\OculusLoader.cs:312 
  at Unity.XR.Oculus.OculusLoader.EditorLoadOVRPlugin () [0x0008c] in .\Library\PackageCache\com.unity.xr.oculus@68ef97a4d91e\Runtime\OculusLoader.cs:297 
  at (wrapper managed-to-native) System.Reflection.RuntimeMethodInfo.InternalInvoke(System.Reflection.RuntimeMethodInfo,object,object[],System.Exception&)
  at System.Reflection.RuntimeMethodInfo.Invoke (System.Object obj, System.Reflection.BindingFlags invokeAttr, System.Reflection.Binder binder, System.Object[] parameters, System.Globalization.CultureInfo culture) [0x0006a] in <59bd7c40c082431db25e1e728ab62789>:0 
   --- End of inner exception stack trace ---
  at System.Reflection.RuntimeMethodInfo.Invoke (System.Object obj, System.Reflection.BindingFlags invokeAttr, System.Reflection.Binder binder, System.Object[] parameters, System.Globalization.CultureInfo culture) [0x00083] in <59bd7c40c082431db25e1e728ab62789>:0 
  at System.Reflection.MethodBase.Invoke (System.Object obj, System.Object[] parameters) [0x00000] in <59bd7c40c082431db25e1e728ab62789>:0 
  at UnityEditor.EditorAssemblies.ProcessInitializeOnLoadMethodAttributes () [0x00087] in <1acad9deef3549c4b9617dfa169c6659>:0 
UnityEngine.Debug:ExtractStackTraceNoAlloc (byte*,int,string)
UnityEngine.StackTraceUtility:ExtractStackTrace ()
UnityEngine.DebugLogHandler:Internal_Log (UnityEngine.LogType,UnityEngine.LogOption,string,UnityEngine.Object)
UnityEngine.DebugLogHandler:LogFormat (UnityEngine.LogType,UnityEngine.Object,string,object[])
UnityEngine.Logger:Log (UnityEngine.LogType,object)
UnityEngine.Debug:LogError (object)
UnityEditor.EditorAssemblies:ProcessInitializeOnLoadMethodAttributes ()

[MODES] ModeService[none].Initialize
[MODES] ModeService[none].LoadModes
[MODES] Loading mode Default (0) for mode-current-id-AURA_Lego
[Package Manager] Failed to launch server process. Reason: Unity was launched with the -noUpm command-line argument
[Package Manager] Unable to send message (not connected to server process).
[Package Manager] Cannot connect to Unity Package Manager local server
AssertionException: Error removing KTX for Unity WebGL sub-packages.. Failed fetching installed packages.
Assertion failure. Values are not equal.
Expected: Failure == Success
  at UnityEngine.Assertions.Assert.Fail (System.String message, System.String userMessage) [0x00043] in <b4c8c45fec274213bfac03ee0e9a3d62>:0 
  at UnityEngine.Assertions.Assert.AreEqual[T] (T expected, T actual, System.String message, System.Collections.Generic.IEqualityComparer`1[T] comparer) [0x0005f] in <b4c8c45fec274213bfac03ee0e9a3d62>:0 
  at UnityEngine.Assertions.Assert.AreEqual[T] (T expected, T actual, System.String message) [0x00009] in <b4c8c45fec274213bfac03ee0e9a3d62>:0 
  at SubPackage.SubPackageRemover.GetAllInstalledPackagesAsync (System.Double timeout) [0x000b7] in .\Library\PackageCache\com.unity.cloud.ktx@7a35f681840e\Editor\Scripts\SubPackage\SubPackageRemover.cs:81 
  at SubPackage.SubPackageRemover.TryRemoveObsoleteSubPackagesAsync () [0x0002a] in .\Library\PackageCache\com.unity.cloud.ktx@7a35f681840e\Editor\Scripts\SubPackage\SubPackageRemover.cs:35 
UnityEngine.DebugLogHandler:Internal_LogException_Injected(Exception, IntPtr)
UnityEngine.DebugLogHandler:Internal_LogException(Exception, Object)
UnityEngine.DebugLogHandler:LogException(Exception, Object)
UnityEngine.Logger:LogException(Exception, Object)
UnityEngine.Debug:LogException(Exception)
SubPackage.<TryRemoveObsoleteSubPackagesAsync>d__5:MoveNext() (at .\Library\PackageCache\com.unity.cloud.ktx@7a35f681840e\Editor\Scripts\SubPackage\SubPackageRemover.cs:52)
System.Runtime.CompilerServices.AsyncVoidMethodBuilder:Start(<TryRemoveObsoleteSubPackagesAsync>d__5&)
SubPackage.SubPackageRemover:TryRemoveObsoleteSubPackagesAsync()
System.Reflection.RuntimeMethodInfo:InternalInvoke(RuntimeMethodInfo, Object, Object[], Exception&)
System.Reflection.RuntimeMethodInfo:Invoke(Object, BindingFlags, Binder, Object[], CultureInfo)
System.Reflection.MethodBase:Invoke(Object, Object[])
UnityEditor.EditorAssemblies:ProcessInitializeOnLoadMethodAttributes()

(Filename: ./Library/PackageCache/com.unity.cloud.ktx@7a35f681840e/Editor/Scripts/SubPackage/SubPackageRemover.cs Line: 52)

Mono: successfully reloaded assembly
[Package Manager] Failed to launch server process. Reason: Unity was launched with the -noUpm command-line argument
[Package Manager] Unable to send message (not connected to server process).
[Package Manager] Cannot connect to Unity Package Manager local server
[Package Manager] Failed to launch server process. Reason: Unity was launched with the -noUpm command-line argument
[Package Manager] Unable to send message (not connected to server process).
[Package Manager] Cannot connect to Unity Package Manager local server
- Finished resetting the current domain, in  1.084 seconds
Domain Reload Profiling: 2231ms
	BeginReloadAssembly (189ms)
		ExecutionOrderSort (0ms)
		DisableScriptedObjects (5ms)
		BackupInstance (0ms)
		ReleaseScriptingObjects (0ms)
		CreateAndSetChildDomain (24ms)
	RebuildCommonClasses (34ms)
	RebuildNativeTypeToScriptingClass (9ms)
	initialDomainReloadingComplete (48ms)
	LoadAllAssembliesAndSetupDomain (866ms)
		LoadAssemblies (653ms)
		RebuildTransferFunctionScriptingTraits (0ms)
		AnalyzeDomain (331ms)
			TypeCache.Refresh (237ms)
				TypeCache.ScanAssembly (218ms)
			BuildScriptInfoCaches (80ms)
			ResolveRequiredComponents (10ms)
	FinalizeReload (1085ms)
		ReleaseScriptCaches (0ms)
		RebuildScriptCaches (0ms)
		SetupLoadedEditorAssemblies (898ms)
			LogAssemblyErrors (0ms)
			InitializePlatformSupportModulesInManaged (8ms)
			SetLoadedEditorAssemblies (3ms)
			BeforeProcessingInitializeOnLoad (156ms)
			ProcessInitializeOnLoadAttributes (430ms)
			ProcessInitializeOnLoadMethodAttributes (291ms)
			AfterProcessingInitializeOnLoad (9ms)
			EditorAssembliesLoaded (0ms)
		ExecutionOrderSort2 (0ms)
		AwakeInstancesAfterBackupRestoration (10ms)
WARNING: Shader Unsupported: 'Hidden/Simulation/URP/Synthetic' - All subshaders removed
WARNING: Shader Did you use #pragma only_renderers and omit this platform?
WARNING: Shader If subshaders removal was intentional, you may have forgotten turning Fallback off?
WARNING: Shader Unsupported: 'Hidden/Simulation/URP/Synthetic' - All subshaders removed
WARNING: Shader Did you use #pragma only_renderers and omit this platform?
WARNING: Shader If subshaders removal was intentional, you may have forgotten turning Fallback off?
WARNING: Shader Unsupported: 'Simulation/Standard Lit' - All subshaders removed
WARNING: Shader Did you use #pragma only_renderers and omit this platform?
WARNING: Shader If subshaders removal was intentional, you may have forgotten turning Fallback off?
WARNING: Shader Unsupported: 'Simulation/Standard Lit' - All subshaders removed
WARNING: Shader Did you use #pragma only_renderers and omit this platform?
WARNING: Shader If subshaders removal was intentional, you may have forgotten turning Fallback off?
WARNING: Shader Unsupported: 'Hidden/Simulation/Synthetic Lit' - All subshaders removed
WARNING: Shader Did you use #pragma only_renderers and omit this platform?
WARNING: Shader If subshaders removal was intentional, you may have forgotten turning Fallback off?
WARNING: Shader Unsupported: 'Hidden/Simulation/Synthetic Lit' - All subshaders removed
WARNING: Shader Did you use #pragma only_renderers and omit this platform?
WARNING: Shader If subshaders removal was intentional, you may have forgotten turning Fallback off?
WARNING: Shader Unsupported: 'Simulation/URP/Room X-Ray' - All subshaders removed
WARNING: Shader Did you use #pragma only_renderers and omit this platform?
WARNING: Shader If subshaders removal was intentional, you may have forgotten turning Fallback off?
WARNING: Shader Unsupported: 'Simulation/URP/Room X-Ray' - All subshaders removed
WARNING: Shader Did you use #pragma only_renderers and omit this platform?
WARNING: Shader If subshaders removal was intentional, you may have forgotten turning Fallback off?
WARNING: Shader Unsupported: 'Simulation/Room X-Ray' - All subshaders removed
WARNING: Shader Did you use #pragma only_renderers and omit this platform?
WARNING: Shader If subshaders removal was intentional, you may have forgotten turning Fallback off?
WARNING: Shader Unsupported: 'Simulation/Room X-Ray' - All subshaders removed
WARNING: Shader Did you use #pragma only_renderers and omit this platform?
WARNING: Shader If subshaders removal was intentional, you may have forgotten turning Fallback off?
WARNING: Shader Unsupported: 'Simulation/URP/Lit' - All subshaders removed
WARNING: Shader Did you use #pragma only_renderers and omit this platform?
WARNING: Shader If subshaders removal was intentional, you may have forgotten turning Fallback off?
WARNING: Shader Unsupported: 'Simulation/URP/Lit' - All subshaders removed
WARNING: Shader Did you use #pragma only_renderers and omit this platform?
WARNING: Shader If subshaders removal was intentional, you may have forgotten turning Fallback off?
Launched and connected shader compiler UnityShaderCompiler.exe after 0.05 seconds
Refreshing native plugins compatible for Editor in 41.13 ms, found 19 plugins.
Preloading 2 native plugins for Editor in 0.20 ms.
Unloading 23 Unused Serialized files (Serialized files now loaded: 0)
Unloading 9114 unused Assets / (8.0 MB). Loaded Objects now: 9834.
Memory consumption went from 177.6 MB to 169.6 MB.
Total: 14.444300 ms (FindLiveObjects: 1.549000 ms CreateObjectMapping: 0.800400 ms MarkObjects: 8.608900 ms  DeleteObjects: 3.484800 ms)

========================================================================
Received Import Request.
  Time since last request: 8742.930861 seconds.
  path: Assets/00_Project/GeneratedCharacters/mocking/character/npc_3_rigged.fbm/Color_510f3761-e672-49d4-aa0d-beaa4678e4a1.jpg
  artifactKey: Guid(da9d722b6d2148d4fbc284811cbbef5f) Importer(815301076,1909f56bfc062723c751e8b465ee728b)
Start importing Assets/00_Project/GeneratedCharacters/mocking/character/npc_3_rigged.fbm/Color_510f3761-e672-49d4-aa0d-beaa4678e4a1.jpg using Guid(da9d722b6d2148d4fbc284811cbbef5f) Importer(815301076,1909f56bfc062723c751e8b465ee728b) (PreviewImporter) -> (artifact id: '82fe6d51e16c7af8ffe9ebae6ca1d35f') in 0.1233005 seconds
Number of updated asset objects reloaded before import = 0Number of asset objects unloaded after import = 2

========================================================================
Received Import Request.
  Time since last request: 2.662346 seconds.
  path: Assets/00_Project/GeneratedCharacters/mocking/character/Materials/npc_3.mat
  artifactKey: Guid(f25a25db2b4b04d4ab9e347d9a8b2c76) Importer(815301076,1909f56bfc062723c751e8b465ee728b)
Start importing Assets/00_Project/GeneratedCharacters/mocking/character/Materials/npc_3.mat using Guid(f25a25db2b4b04d4ab9e347d9a8b2c76) Importer(815301076,1909f56bfc062723c751e8b465ee728b) (PreviewImporter) -> (artifact id: '56d8181d0eb9e9704b9af006f9b70191') in 0.4114343 seconds
Number of updated asset objects reloaded before import = 0Number of asset objects unloaded after import = 3

========================================================================
Received Prepare
WARNING: Shader Unsupported: 'Hidden/Simulation/URP/Synthetic' - All subshaders removed
WARNING: Shader Did you use #pragma only_renderers and omit this platform?
WARNING: Shader If subshaders removal was intentional, you may have forgotten turning Fallback off?
WARNING: Shader Unsupported: 'Hidden/Simulation/URP/Synthetic' - All subshaders removed
WARNING: Shader Did you use #pragma only_renderers and omit this platform?
WARNING: Shader If subshaders removal was intentional, you may have forgotten turning Fallback off?
WARNING: Shader Unsupported: 'Simulation/Standard Lit' - All subshaders removed
WARNING: Shader Did you use #pragma only_renderers and omit this platform?
WARNING: Shader If subshaders removal was intentional, you may have forgotten turning Fallback off?
WARNING: Shader Unsupported: 'Simulation/Standard Lit' - All subshaders removed
WARNING: Shader Did you use #pragma only_renderers and omit this platform?
WARNING: Shader If subshaders removal was intentional, you may have forgotten turning Fallback off?
WARNING: Shader Unsupported: 'Hidden/Simulation/Synthetic Lit' - All subshaders removed
WARNING: Shader Did you use #pragma only_renderers and omit this platform?
WARNING: Shader If subshaders removal was intentional, you may have forgotten turning Fallback off?
WARNING: Shader Unsupported: 'Hidden/Simulation/Synthetic Lit' - All subshaders removed
WARNING: Shader Did you use #pragma only_renderers and omit this platform?
WARNING: Shader If subshaders removal was intentional, you may have forgotten turning Fallback off?
WARNING: Shader Unsupported: 'Simulation/URP/Room X-Ray' - All subshaders removed
WARNING: Shader Did you use #pragma only_renderers and omit this platform?
WARNING: Shader If subshaders removal was intentional, you may have forgotten turning Fallback off?
WARNING: Shader Unsupported: 'Simulation/URP/Room X-Ray' - All subshaders removed
WARNING: Shader Did you use #pragma only_renderers and omit this platform?
WARNING: Shader If subshaders removal was intentional, you may have forgotten turning Fallback off?
WARNING: Shader Unsupported: 'Simulation/Room X-Ray' - All subshaders removed
WARNING: Shader Did you use #pragma only_renderers and omit this platform?
WARNING: Shader If subshaders removal was intentional, you may have forgotten turning Fallback off?
WARNING: Shader Unsupported: 'Simulation/Room X-Ray' - All subshaders removed
WARNING: Shader Did you use #pragma only_renderers and omit this platform?
WARNING: Shader If subshaders removal was intentional, you may have forgotten turning Fallback off?
WARNING: Shader Unsupported: 'Simulation/URP/Lit' - All subshaders removed
WARNING: Shader Did you use #pragma only_renderers and omit this platform?
WARNING: Shader If subshaders removal was intentional, you may have forgotten turning Fallback off?
WARNING: Shader Unsupported: 'Simulation/URP/Lit' - All subshaders removed
WARNING: Shader Did you use #pragma only_renderers and omit this platform?
WARNING: Shader If subshaders removal was intentional, you may have forgotten turning Fallback off?
Refreshing native plugins compatible for Editor in 35.98 ms, found 19 plugins.
Preloading 2 native plugins for Editor in 0.20 ms.
Unloading 23 Unused Serialized files (Serialized files now loaded: 0)
Unloading 8966 unused Assets / (8.2 MB). Loaded Objects now: 9997.
Memory consumption went from 182.5 MB to 174.3 MB.
Total: 15.260600 ms (FindLiveObjects: 0.646000 ms CreateObjectMapping: 0.577500 ms MarkObjects: 10.533000 ms  DeleteObjects: 3.502800 ms)

Prepare: number of updated asset objects reloaded= 0
========================================================================
Received Prepare
WARNING: Shader Unsupported: 'Hidden/Simulation/URP/Synthetic' - All subshaders removed
WARNING: Shader Did you use #pragma only_renderers and omit this platform?
WARNING: Shader If subshaders removal was intentional, you may have forgotten turning Fallback off?
WARNING: Shader Unsupported: 'Hidden/Simulation/URP/Synthetic' - All subshaders removed
WARNING: Shader Did you use #pragma only_renderers and omit this platform?
WARNING: Shader If subshaders removal was intentional, you may have forgotten turning Fallback off?
WARNING: Shader Unsupported: 'Simulation/Standard Lit' - All subshaders removed
WARNING: Shader Did you use #pragma only_renderers and omit this platform?
WARNING: Shader If subshaders removal was intentional, you may have forgotten turning Fallback off?
WARNING: Shader Unsupported: 'Simulation/Standard Lit' - All subshaders removed
WARNING: Shader Did you use #pragma only_renderers and omit this platform?
WARNING: Shader If subshaders removal was intentional, you may have forgotten turning Fallback off?
WARNING: Shader Unsupported: 'Hidden/Simulation/Synthetic Lit' - All subshaders removed
WARNING: Shader Did you use #pragma only_renderers and omit this platform?
WARNING: Shader If subshaders removal was intentional, you may have forgotten turning Fallback off?
WARNING: Shader Unsupported: 'Hidden/Simulation/Synthetic Lit' - All subshaders removed
WARNING: Shader Did you use #pragma only_renderers and omit this platform?
WARNING: Shader If subshaders removal was intentional, you may have forgotten turning Fallback off?
WARNING: Shader Unsupported: 'Simulation/URP/Room X-Ray' - All subshaders removed
WARNING: Shader Did you use #pragma only_renderers and omit this platform?
WARNING: Shader If subshaders removal was intentional, you may have forgotten turning Fallback off?
WARNING: Shader Unsupported: 'Simulation/URP/Room X-Ray' - All subshaders removed
WARNING: Shader Did you use #pragma only_renderers and omit this platform?
WARNING: Shader If subshaders removal was intentional, you may have forgotten turning Fallback off?
WARNING: Shader Unsupported: 'Simulation/Room X-Ray' - All subshaders removed
WARNING: Shader Did you use #pragma only_renderers and omit this platform?
WARNING: Shader If subshaders removal was intentional, you may have forgotten turning Fallback off?
WARNING: Shader Unsupported: 'Simulation/Room X-Ray' - All subshaders removed
WARNING: Shader Did you use #pragma only_renderers and omit this platform?
WARNING: Shader If subshaders removal was intentional, you may have forgotten turning Fallback off?
WARNING: Shader Unsupported: 'Simulation/URP/Lit' - All subshaders removed
WARNING: Shader Did you use #pragma only_renderers and omit this platform?
WARNING: Shader If subshaders removal was intentional, you may have forgotten turning Fallback off?
WARNING: Shader Unsupported: 'Simulation/URP/Lit' - All subshaders removed
WARNING: Shader Did you use #pragma only_renderers and omit this platform?
WARNING: Shader If subshaders removal was intentional, you may have forgotten turning Fallback off?
Refreshing native plugins compatible for Editor in 44.96 ms, found 19 plugins.
Preloading 2 native plugins for Editor in 0.24 ms.
Unloading 23 Unused Serialized files (Serialized files now loaded: 0)
Unloading 8965 unused Assets / (7.8 MB). Loaded Objects now: 9997.
Memory consumption went from 182.6 MB to 174.7 MB.
Total: 13.662800 ms (FindLiveObjects: 0.775200 ms CreateObjectMapping: 0.644300 ms MarkObjects: 8.473100 ms  DeleteObjects: 3.768200 ms)

Prepare: number of updated asset objects reloaded= 0
========================================================================
Received Prepare
[Licensing::Client] Successfully resolved entitlement details
Begin MonoManager ReloadAssembly
[Licensing::Client] Successfully resolved entitlement details
Symbol file LoadedFromMemory is not a mono symbol file
- Loaded All Assemblies, in  1.174 seconds
Refreshing native plugins compatible for Editor in 54.11 ms, found 19 plugins.
Native extension for Android target not found
Native extension for WindowsStandalone target not found
[Package Manager] Failed to launch server process. Reason: Unity was launched with the -noUpm command-line argument
[Package Manager] Unable to send message (not connected to server process).
[Package Manager] Cannot connect to Unity Package Manager local server
[Package Manager] Failed to launch server process. Reason: Unity was launched with the -noUpm command-line argument
[Package Manager] Unable to send message (not connected to server process).
[Package Manager] Cannot connect to Unity Package Manager local server
[Package Manager] Failed to launch server process. Reason: Unity was launched with the -noUpm command-line argument
[Package Manager] Unable to send message (not connected to server process).
[Package Manager] Cannot connect to Unity Package Manager local server
System.Reflection.TargetInvocationException: Exception has been thrown by the target of an invocation. ---> System.NullReferenceException: Object reference not set to an instance of an object
  at Unity.XR.Oculus.OculusLoader.AssetPathToAbsolutePath (System.String assetPath) [0x0003d] in .\Library\PackageCache\com.unity.xr.oculus@68ef97a4d91e\Runtime\OculusLoader.cs:312 
  at Unity.XR.Oculus.OculusLoader.EditorLoadOVRPlugin () [0x0008c] in .\Library\PackageCache\com.unity.xr.oculus@68ef97a4d91e\Runtime\OculusLoader.cs:297 
  at (wrapper managed-to-native) System.Reflection.RuntimeMethodInfo.InternalInvoke(System.Reflection.RuntimeMethodInfo,object,object[],System.Exception&)
  at System.Reflection.RuntimeMethodInfo.Invoke (System.Object obj, System.Reflection.BindingFlags invokeAttr, System.Reflection.Binder binder, System.Object[] parameters, System.Globalization.CultureInfo culture) [0x0006a] in <59bd7c40c082431db25e1e728ab62789>:0 
   --- End of inner exception stack trace ---
  at System.Reflection.RuntimeMethodInfo.Invoke (System.Object obj, System.Reflection.BindingFlags invokeAttr, System.Reflection.Binder binder, System.Object[] parameters, System.Globalization.CultureInfo culture) [0x00083] in <59bd7c40c082431db25e1e728ab62789>:0 
  at System.Reflection.MethodBase.Invoke (System.Object obj, System.Object[] parameters) [0x00000] in <59bd7c40c082431db25e1e728ab62789>:0 
  at UnityEditor.EditorAssemblies.ProcessInitializeOnLoadMethodAttributes () [0x00087] in <1acad9deef3549c4b9617dfa169c6659>:0 
UnityEngine.Debug:ExtractStackTraceNoAlloc (byte*,int,string)
UnityEngine.StackTraceUtility:ExtractStackTrace ()
UnityEngine.DebugLogHandler:Internal_Log (UnityEngine.LogType,UnityEngine.LogOption,string,UnityEngine.Object)
UnityEngine.DebugLogHandler:LogFormat (UnityEngine.LogType,UnityEngine.Object,string,object[])
UnityEngine.Logger:Log (UnityEngine.LogType,object)
UnityEngine.Debug:LogError (object)
UnityEditor.EditorAssemblies:ProcessInitializeOnLoadMethodAttributes ()

[MODES] ModeService[none].Initialize
[MODES] ModeService[none].LoadModes
[Package Manager] Failed to launch server process. Reason: Unity was launched with the -noUpm command-line argument
[Package Manager] Unable to send message (not connected to server process).
[Package Manager] Cannot connect to Unity Package Manager local server
AssertionException: Error removing KTX for Unity WebGL sub-packages.. Failed fetching installed packages.
Assertion failure. Values are not equal.
Expected: Failure == Success
  at UnityEngine.Assertions.Assert.Fail (System.String message, System.String userMessage) [0x00043] in <b4c8c45fec274213bfac03ee0e9a3d62>:0 
  at UnityEngine.Assertions.Assert.AreEqual[T] (T expected, T actual, System.String message, System.Collections.Generic.IEqualityComparer`1[T] comparer) [0x0005f] in <b4c8c45fec274213bfac03ee0e9a3d62>:0 
  at UnityEngine.Assertions.Assert.AreEqual[T] (T expected, T actual, System.String message) [0x00009] in <b4c8c45fec274213bfac03ee0e9a3d62>:0 
  at SubPackage.SubPackageRemover.GetAllInstalledPackagesAsync (System.Double timeout) [0x000b7] in .\Library\PackageCache\com.unity.cloud.ktx@7a35f681840e\Editor\Scripts\SubPackage\SubPackageRemover.cs:81 
  at SubPackage.SubPackageRemover.TryRemoveObsoleteSubPackagesAsync () [0x0002a] in .\Library\PackageCache\com.unity.cloud.ktx@7a35f681840e\Editor\Scripts\SubPackage\SubPackageRemover.cs:35 
UnityEngine.DebugLogHandler:Internal_LogException_Injected(Exception, IntPtr)
UnityEngine.DebugLogHandler:Internal_LogException(Exception, Object)
UnityEngine.DebugLogHandler:LogException(Exception, Object)
UnityEngine.Logger:LogException(Exception, Object)
UnityEngine.Debug:LogException(Exception)
SubPackage.<TryRemoveObsoleteSubPackagesAsync>d__5:MoveNext() (at .\Library\PackageCache\com.unity.cloud.ktx@7a35f681840e\Editor\Scripts\SubPackage\SubPackageRemover.cs:52)
System.Runtime.CompilerServices.AsyncVoidMethodBuilder:Start(<TryRemoveObsoleteSubPackagesAsync>d__5&)
SubPackage.SubPackageRemover:TryRemoveObsoleteSubPackagesAsync()
System.Reflection.RuntimeMethodInfo:InternalInvoke(RuntimeMethodInfo, Object, Object[], Exception&)
System.Reflection.RuntimeMethodInfo:Invoke(Object, BindingFlags, Binder, Object[], CultureInfo)
System.Reflection.MethodBase:Invoke(Object, Object[])
UnityEditor.EditorAssemblies:ProcessInitializeOnLoadMethodAttributes()

(Filename: ./Library/PackageCache/com.unity.cloud.ktx@7a35f681840e/Editor/Scripts/SubPackage/SubPackageRemover.cs Line: 52)

Mono: successfully reloaded assembly
[Package Manager] Failed to launch server process. Reason: Unity was launched with the -noUpm command-line argument
[Package Manager] Unable to send message (not connected to server process).
[Package Manager] Cannot connect to Unity Package Manager local server
- Finished resetting the current domain, in  1.034 seconds
Domain Reload Profiling: 2197ms
	BeginReloadAssembly (289ms)
		ExecutionOrderSort (0ms)
		DisableScriptedObjects (19ms)
		BackupInstance (0ms)
		ReleaseScriptingObjects (0ms)
		CreateAndSetChildDomain (72ms)
	RebuildCommonClasses (30ms)
	RebuildNativeTypeToScriptingClass (10ms)
	initialDomainReloadingComplete (35ms)
	LoadAllAssembliesAndSetupDomain (798ms)
		LoadAssemblies (684ms)
		RebuildTransferFunctionScriptingTraits (0ms)
		AnalyzeDomain (237ms)
			TypeCache.Refresh (11ms)
				TypeCache.ScanAssembly (0ms)
			BuildScriptInfoCaches (211ms)
			ResolveRequiredComponents (10ms)
	FinalizeReload (1034ms)
		ReleaseScriptCaches (0ms)
		RebuildScriptCaches (0ms)
		SetupLoadedEditorAssemblies (873ms)
			LogAssemblyErrors (0ms)
			InitializePlatformSupportModulesInManaged (10ms)
			SetLoadedEditorAssemblies (5ms)
			BeforeProcessingInitializeOnLoad (160ms)
			ProcessInitializeOnLoadAttributes (423ms)
			ProcessInitializeOnLoadMethodAttributes (265ms)
			AfterProcessingInitializeOnLoad (9ms)
			EditorAssembliesLoaded (0ms)
		ExecutionOrderSort2 (0ms)
		AwakeInstancesAfterBackupRestoration (18ms)
WARNING: Shader Unsupported: 'Hidden/Simulation/URP/Synthetic' - All subshaders removed
WARNING: Shader Did you use #pragma only_renderers and omit this platform?
WARNING: Shader If subshaders removal was intentional, you may have forgotten turning Fallback off?
WARNING: Shader Unsupported: 'Hidden/Simulation/URP/Synthetic' - All subshaders removed
WARNING: Shader Did you use #pragma only_renderers and omit this platform?
WARNING: Shader If subshaders removal was intentional, you may have forgotten turning Fallback off?
WARNING: Shader Unsupported: 'Simulation/Standard Lit' - All subshaders removed
WARNING: Shader Did you use #pragma only_renderers and omit this platform?
WARNING: Shader If subshaders removal was intentional, you may have forgotten turning Fallback off?
WARNING: Shader Unsupported: 'Simulation/Standard Lit' - All subshaders removed
WARNING: Shader Did you use #pragma only_renderers and omit this platform?
WARNING: Shader If subshaders removal was intentional, you may have forgotten turning Fallback off?
WARNING: Shader Unsupported: 'Hidden/Simulation/Synthetic Lit' - All subshaders removed
WARNING: Shader Did you use #pragma only_renderers and omit this platform?
WARNING: Shader If subshaders removal was intentional, you may have forgotten turning Fallback off?
WARNING: Shader Unsupported: 'Hidden/Simulation/Synthetic Lit' - All subshaders removed
WARNING: Shader Did you use #pragma only_renderers and omit this platform?
WARNING: Shader If subshaders removal was intentional, you may have forgotten turning Fallback off?
WARNING: Shader Unsupported: 'Simulation/URP/Room X-Ray' - All subshaders removed
WARNING: Shader Did you use #pragma only_renderers and omit this platform?
WARNING: Shader If subshaders removal was intentional, you may have forgotten turning Fallback off?
WARNING: Shader Unsupported: 'Simulation/URP/Room X-Ray' - All subshaders removed
WARNING: Shader Did you use #pragma only_renderers and omit this platform?
WARNING: Shader If subshaders removal was intentional, you may have forgotten turning Fallback off?
WARNING: Shader Unsupported: 'Simulation/Room X-Ray' - All subshaders removed
WARNING: Shader Did you use #pragma only_renderers and omit this platform?
WARNING: Shader If subshaders removal was intentional, you may have forgotten turning Fallback off?
WARNING: Shader Unsupported: 'Simulation/Room X-Ray' - All subshaders removed
WARNING: Shader Did you use #pragma only_renderers and omit this platform?
WARNING: Shader If subshaders removal was intentional, you may have forgotten turning Fallback off?
WARNING: Shader Unsupported: 'Simulation/URP/Lit' - All subshaders removed
WARNING: Shader Did you use #pragma only_renderers and omit this platform?
WARNING: Shader If subshaders removal was intentional, you may have forgotten turning Fallback off?
WARNING: Shader Unsupported: 'Simulation/URP/Lit' - All subshaders removed
WARNING: Shader Did you use #pragma only_renderers and omit this platform?
WARNING: Shader If subshaders removal was intentional, you may have forgotten turning Fallback off?
Refreshing native plugins compatible for Editor in 36.81 ms, found 19 plugins.
Preloading 2 native plugins for Editor in 0.17 ms.
Unloading 23 Unused Serialized files (Serialized files now loaded: 0)
Unloading 9113 unused Assets / (9.3 MB). Loaded Objects now: 9919.
Memory consumption went from 220.9 MB to 211.6 MB.
Total: 12.375000 ms (FindLiveObjects: 0.771000 ms CreateObjectMapping: 0.691300 ms MarkObjects: 7.268500 ms  DeleteObjects: 3.643300 ms)

Prepare: number of updated asset objects reloaded= 0
========================================================================
Received Prepare
WARNING: Shader Unsupported: 'Hidden/Simulation/URP/Synthetic' - All subshaders removed
WARNING: Shader Did you use #pragma only_renderers and omit this platform?
WARNING: Shader If subshaders removal was intentional, you may have forgotten turning Fallback off?
WARNING: Shader Unsupported: 'Hidden/Simulation/URP/Synthetic' - All subshaders removed
WARNING: Shader Did you use #pragma only_renderers and omit this platform?
WARNING: Shader If subshaders removal was intentional, you may have forgotten turning Fallback off?
WARNING: Shader Unsupported: 'Simulation/Standard Lit' - All subshaders removed
WARNING: Shader Did you use #pragma only_renderers and omit this platform?
WARNING: Shader If subshaders removal was intentional, you may have forgotten turning Fallback off?
WARNING: Shader Unsupported: 'Simulation/Standard Lit' - All subshaders removed
WARNING: Shader Did you use #pragma only_renderers and omit this platform?
WARNING: Shader If subshaders removal was intentional, you may have forgotten turning Fallback off?
WARNING: Shader Unsupported: 'Hidden/Simulation/Synthetic Lit' - All subshaders removed
WARNING: Shader Did you use #pragma only_renderers and omit this platform?
WARNING: Shader If subshaders removal was intentional, you may have forgotten turning Fallback off?
WARNING: Shader Unsupported: 'Hidden/Simulation/Synthetic Lit' - All subshaders removed
WARNING: Shader Did you use #pragma only_renderers and omit this platform?
WARNING: Shader If subshaders removal was intentional, you may have forgotten turning Fallback off?
WARNING: Shader Unsupported: 'Simulation/URP/Room X-Ray' - All subshaders removed
WARNING: Shader Did you use #pragma only_renderers and omit this platform?
WARNING: Shader If subshaders removal was intentional, you may have forgotten turning Fallback off?
WARNING: Shader Unsupported: 'Simulation/URP/Room X-Ray' - All subshaders removed
WARNING: Shader Did you use #pragma only_renderers and omit this platform?
WARNING: Shader If subshaders removal was intentional, you may have forgotten turning Fallback off?
WARNING: Shader Unsupported: 'Simulation/Room X-Ray' - All subshaders removed
WARNING: Shader Did you use #pragma only_renderers and omit this platform?
WARNING: Shader If subshaders removal was intentional, you may have forgotten turning Fallback off?
WARNING: Shader Unsupported: 'Simulation/Room X-Ray' - All subshaders removed
WARNING: Shader Did you use #pragma only_renderers and omit this platform?
WARNING: Shader If subshaders removal was intentional, you may have forgotten turning Fallback off?
WARNING: Shader Unsupported: 'Simulation/URP/Lit' - All subshaders removed
WARNING: Shader Did you use #pragma only_renderers and omit this platform?
WARNING: Shader If subshaders removal was intentional, you may have forgotten turning Fallback off?
WARNING: Shader Unsupported: 'Simulation/URP/Lit' - All subshaders removed
WARNING: Shader Did you use #pragma only_renderers and omit this platform?
WARNING: Shader If subshaders removal was intentional, you may have forgotten turning Fallback off?
Refreshing native plugins compatible for Editor in 45.63 ms, found 19 plugins.
Preloading 2 native plugins for Editor in 0.21 ms.
Unloading 23 Unused Serialized files (Serialized files now loaded: 0)
Unloading 8965 unused Assets / (7.7 MB). Loaded Objects now: 9898.
Memory consumption went from 189.3 MB to 181.6 MB.
Total: 14.213500 ms (FindLiveObjects: 0.622100 ms CreateObjectMapping: 0.608400 ms MarkObjects: 9.280000 ms  DeleteObjects: 3.701700 ms)

Prepare: number of updated asset objects reloaded= 0
========================================================================
Received Prepare
[Licensing::Client] Successfully resolved entitlement details
Begin MonoManager ReloadAssembly
[Licensing::Client] Successfully resolved entitlement details
Symbol file LoadedFromMemory is not a mono symbol file
- Loaded All Assemblies, in  1.055 seconds
Refreshing native plugins compatible for Editor in 34.97 ms, found 19 plugins.
Native extension for Android target not found
Native extension for WindowsStandalone target not found
[Package Manager] Failed to launch server process. Reason: Unity was launched with the -noUpm command-line argument
[Package Manager] Unable to send message (not connected to server process).
[Package Manager] Cannot connect to Unity Package Manager local server
[Package Manager] Failed to launch server process. Reason: Unity was launched with the -noUpm command-line argument
[Package Manager] Unable to send message (not connected to server process).
[Package Manager] Cannot connect to Unity Package Manager local server
[Package Manager] Failed to launch server process. Reason: Unity was launched with the -noUpm command-line argument
[Package Manager] Unable to send message (not connected to server process).
[Package Manager] Cannot connect to Unity Package Manager local server
System.Reflection.TargetInvocationException: Exception has been thrown by the target of an invocation. ---> System.NullReferenceException: Object reference not set to an instance of an object
  at Unity.XR.Oculus.OculusLoader.AssetPathToAbsolutePath (System.String assetPath) [0x0003d] in .\Library\PackageCache\com.unity.xr.oculus@68ef97a4d91e\Runtime\OculusLoader.cs:312 
  at Unity.XR.Oculus.OculusLoader.EditorLoadOVRPlugin () [0x0008c] in .\Library\PackageCache\com.unity.xr.oculus@68ef97a4d91e\Runtime\OculusLoader.cs:297 
  at (wrapper managed-to-native) System.Reflection.RuntimeMethodInfo.InternalInvoke(System.Reflection.RuntimeMethodInfo,object,object[],System.Exception&)
  at System.Reflection.RuntimeMethodInfo.Invoke (System.Object obj, System.Reflection.BindingFlags invokeAttr, System.Reflection.Binder binder, System.Object[] parameters, System.Globalization.CultureInfo culture) [0x0006a] in <59bd7c40c082431db25e1e728ab62789>:0 
   --- End of inner exception stack trace ---
  at System.Reflection.RuntimeMethodInfo.Invoke (System.Object obj, System.Reflection.BindingFlags invokeAttr, System.Reflection.Binder binder, System.Object[] parameters, System.Globalization.CultureInfo culture) [0x00083] in <59bd7c40c082431db25e1e728ab62789>:0 
  at System.Reflection.MethodBase.Invoke (System.Object obj, System.Object[] parameters) [0x00000] in <59bd7c40c082431db25e1e728ab62789>:0 
  at UnityEditor.EditorAssemblies.ProcessInitializeOnLoadMethodAttributes () [0x00087] in <1acad9deef3549c4b9617dfa169c6659>:0 
UnityEngine.Debug:ExtractStackTraceNoAlloc (byte*,int,string)
UnityEngine.StackTraceUtility:ExtractStackTrace ()
UnityEngine.DebugLogHandler:Internal_Log (UnityEngine.LogType,UnityEngine.LogOption,string,UnityEngine.Object)
UnityEngine.DebugLogHandler:LogFormat (UnityEngine.LogType,UnityEngine.Object,string,object[])
UnityEngine.Logger:Log (UnityEngine.LogType,object)
UnityEngine.Debug:LogError (object)
UnityEditor.EditorAssemblies:ProcessInitializeOnLoadMethodAttributes ()

[MODES] ModeService[none].Initialize
[MODES] ModeService[none].LoadModes
[Package Manager] Failed to launch server process. Reason: Unity was launched with the -noUpm command-line argument
[Package Manager] Unable to send message (not connected to server process).
[Package Manager] Cannot connect to Unity Package Manager local server
AssertionException: Error removing KTX for Unity WebGL sub-packages.. Failed fetching installed packages.
Assertion failure. Values are not equal.
Expected: Failure == Success
  at UnityEngine.Assertions.Assert.Fail (System.String message, System.String userMessage) [0x00043] in <b4c8c45fec274213bfac03ee0e9a3d62>:0 
  at UnityEngine.Assertions.Assert.AreEqual[T] (T expected, T actual, System.String message, System.Collections.Generic.IEqualityComparer`1[T] comparer) [0x0005f] in <b4c8c45fec274213bfac03ee0e9a3d62>:0 
  at UnityEngine.Assertions.Assert.AreEqual[T] (T expected, T actual, System.String message) [0x00009] in <b4c8c45fec274213bfac03ee0e9a3d62>:0 
  at SubPackage.SubPackageRemover.GetAllInstalledPackagesAsync (System.Double timeout) [0x000b7] in .\Library\PackageCache\com.unity.cloud.ktx@7a35f681840e\Editor\Scripts\SubPackage\SubPackageRemover.cs:81 
  at SubPackage.SubPackageRemover.TryRemoveObsoleteSubPackagesAsync () [0x0002a] in .\Library\PackageCache\com.unity.cloud.ktx@7a35f681840e\Editor\Scripts\SubPackage\SubPackageRemover.cs:35 
UnityEngine.DebugLogHandler:Internal_LogException_Injected(Exception, IntPtr)
UnityEngine.DebugLogHandler:Internal_LogException(Exception, Object)
UnityEngine.DebugLogHandler:LogException(Exception, Object)
UnityEngine.Logger:LogException(Exception, Object)
UnityEngine.Debug:LogException(Exception)
SubPackage.<TryRemoveObsoleteSubPackagesAsync>d__5:MoveNext() (at .\Library\PackageCache\com.unity.cloud.ktx@7a35f681840e\Editor\Scripts\SubPackage\SubPackageRemover.cs:52)
System.Runtime.CompilerServices.AsyncVoidMethodBuilder:Start(<TryRemoveObsoleteSubPackagesAsync>d__5&)
SubPackage.SubPackageRemover:TryRemoveObsoleteSubPackagesAsync()
System.Reflection.RuntimeMethodInfo:InternalInvoke(RuntimeMethodInfo, Object, Object[], Exception&)
System.Reflection.RuntimeMethodInfo:Invoke(Object, BindingFlags, Binder, Object[], CultureInfo)
System.Reflection.MethodBase:Invoke(Object, Object[])
UnityEditor.EditorAssemblies:ProcessInitializeOnLoadMethodAttributes()

(Filename: ./Library/PackageCache/com.unity.cloud.ktx@7a35f681840e/Editor/Scripts/SubPackage/SubPackageRemover.cs Line: 52)

Mono: successfully reloaded assembly
[Package Manager] Failed to launch server process. Reason: Unity was launched with the -noUpm command-line argument
[Package Manager] Unable to send message (not connected to server process).
[Package Manager] Cannot connect to Unity Package Manager local server
- Finished resetting the current domain, in  0.989 seconds
Domain Reload Profiling: 2029ms
	BeginReloadAssembly (255ms)
		ExecutionOrderSort (0ms)
		DisableScriptedObjects (5ms)
		BackupInstance (0ms)
		ReleaseScriptingObjects (0ms)
		CreateAndSetChildDomain (58ms)
	RebuildCommonClasses (30ms)
	RebuildNativeTypeToScriptingClass (10ms)
	initialDomainReloadingComplete (34ms)
	LoadAllAssembliesAndSetupDomain (711ms)
		LoadAssemblies (586ms)
		RebuildTransferFunctionScriptingTraits (0ms)
		AnalyzeDomain (235ms)
			TypeCache.Refresh (11ms)
				TypeCache.ScanAssembly (0ms)
			BuildScriptInfoCaches (210ms)
			ResolveRequiredComponents (9ms)
	FinalizeReload (989ms)
		ReleaseScriptCaches (0ms)
		RebuildScriptCaches (0ms)
		SetupLoadedEditorAssemblies (846ms)
			LogAssemblyErrors (0ms)
			InitializePlatformSupportModulesInManaged (9ms)
			SetLoadedEditorAssemblies (5ms)
			BeforeProcessingInitializeOnLoad (161ms)
			ProcessInitializeOnLoadAttributes (395ms)
			ProcessInitializeOnLoadMethodAttributes (268ms)
			AfterProcessingInitializeOnLoad (7ms)
			EditorAssembliesLoaded (0ms)
		ExecutionOrderSort2 (0ms)
		AwakeInstancesAfterBackupRestoration (16ms)
WARNING: Shader Unsupported: 'Hidden/Simulation/URP/Synthetic' - All subshaders removed
WARNING: Shader Did you use #pragma only_renderers and omit this platform?
WARNING: Shader If subshaders removal was intentional, you may have forgotten turning Fallback off?
WARNING: Shader Unsupported: 'Hidden/Simulation/URP/Synthetic' - All subshaders removed
WARNING: Shader Did you use #pragma only_renderers and omit this platform?
WARNING: Shader If subshaders removal was intentional, you may have forgotten turning Fallback off?
WARNING: Shader Unsupported: 'Simulation/Standard Lit' - All subshaders removed
WARNING: Shader Did you use #pragma only_renderers and omit this platform?
WARNING: Shader If subshaders removal was intentional, you may have forgotten turning Fallback off?
WARNING: Shader Unsupported: 'Simulation/Standard Lit' - All subshaders removed
WARNING: Shader Did you use #pragma only_renderers and omit this platform?
WARNING: Shader If subshaders removal was intentional, you may have forgotten turning Fallback off?
WARNING: Shader Unsupported: 'Hidden/Simulation/Synthetic Lit' - All subshaders removed
WARNING: Shader Did you use #pragma only_renderers and omit this platform?
WARNING: Shader If subshaders removal was intentional, you may have forgotten turning Fallback off?
WARNING: Shader Unsupported: 'Hidden/Simulation/Synthetic Lit' - All subshaders removed
WARNING: Shader Did you use #pragma only_renderers and omit this platform?
WARNING: Shader If subshaders removal was intentional, you may have forgotten turning Fallback off?
WARNING: Shader Unsupported: 'Simulation/URP/Room X-Ray' - All subshaders removed
WARNING: Shader Did you use #pragma only_renderers and omit this platform?
WARNING: Shader If subshaders removal was intentional, you may have forgotten turning Fallback off?
WARNING: Shader Unsupported: 'Simulation/URP/Room X-Ray' - All subshaders removed
WARNING: Shader Did you use #pragma only_renderers and omit this platform?
WARNING: Shader If subshaders removal was intentional, you may have forgotten turning Fallback off?
WARNING: Shader Unsupported: 'Simulation/Room X-Ray' - All subshaders removed
WARNING: Shader Did you use #pragma only_renderers and omit this platform?
WARNING: Shader If subshaders removal was intentional, you may have forgotten turning Fallback off?
WARNING: Shader Unsupported: 'Simulation/Room X-Ray' - All subshaders removed
WARNING: Shader Did you use #pragma only_renderers and omit this platform?
WARNING: Shader If subshaders removal was intentional, you may have forgotten turning Fallback off?
WARNING: Shader Unsupported: 'Simulation/URP/Lit' - All subshaders removed
WARNING: Shader Did you use #pragma only_renderers and omit this platform?
WARNING: Shader If subshaders removal was intentional, you may have forgotten turning Fallback off?
WARNING: Shader Unsupported: 'Simulation/URP/Lit' - All subshaders removed
WARNING: Shader Did you use #pragma only_renderers and omit this platform?
WARNING: Shader If subshaders removal was intentional, you may have forgotten turning Fallback off?
Refreshing native plugins compatible for Editor in 37.19 ms, found 19 plugins.
Preloading 2 native plugins for Editor in 0.19 ms.
Unloading 23 Unused Serialized files (Serialized files now loaded: 0)
Unloading 9113 unused Assets / (8.9 MB). Loaded Objects now: 9924.
Memory consumption went from 220.8 MB to 211.9 MB.
Total: 12.094400 ms (FindLiveObjects: 0.618500 ms CreateObjectMapping: 0.561900 ms MarkObjects: 7.165600 ms  DeleteObjects: 3.747100 ms)

Prepare: number of updated asset objects reloaded= 0
========================================================================
Received Prepare
WARNING: Shader Unsupported: 'Hidden/Simulation/URP/Synthetic' - All subshaders removed
WARNING: Shader Did you use #pragma only_renderers and omit this platform?
WARNING: Shader If subshaders removal was intentional, you may have forgotten turning Fallback off?
WARNING: Shader Unsupported: 'Hidden/Simulation/URP/Synthetic' - All subshaders removed
WARNING: Shader Did you use #pragma only_renderers and omit this platform?
WARNING: Shader If subshaders removal was intentional, you may have forgotten turning Fallback off?
WARNING: Shader Unsupported: 'Simulation/Standard Lit' - All subshaders removed
WARNING: Shader Did you use #pragma only_renderers and omit this platform?
WARNING: Shader If subshaders removal was intentional, you may have forgotten turning Fallback off?
WARNING: Shader Unsupported: 'Simulation/Standard Lit' - All subshaders removed
WARNING: Shader Did you use #pragma only_renderers and omit this platform?
WARNING: Shader If subshaders removal was intentional, you may have forgotten turning Fallback off?
WARNING: Shader Unsupported: 'Hidden/Simulation/Synthetic Lit' - All subshaders removed
WARNING: Shader Did you use #pragma only_renderers and omit this platform?
WARNING: Shader If subshaders removal was intentional, you may have forgotten turning Fallback off?
WARNING: Shader Unsupported: 'Hidden/Simulation/Synthetic Lit' - All subshaders removed
WARNING: Shader Did you use #pragma only_renderers and omit this platform?
WARNING: Shader If subshaders removal was intentional, you may have forgotten turning Fallback off?
WARNING: Shader Unsupported: 'Simulation/URP/Room X-Ray' - All subshaders removed
WARNING: Shader Did you use #pragma only_renderers and omit this platform?
WARNING: Shader If subshaders removal was intentional, you may have forgotten turning Fallback off?
WARNING: Shader Unsupported: 'Simulation/URP/Room X-Ray' - All subshaders removed
WARNING: Shader Did you use #pragma only_renderers and omit this platform?
WARNING: Shader If subshaders removal was intentional, you may have forgotten turning Fallback off?
WARNING: Shader Unsupported: 'Simulation/Room X-Ray' - All subshaders removed
WARNING: Shader Did you use #pragma only_renderers and omit this platform?
WARNING: Shader If subshaders removal was intentional, you may have forgotten turning Fallback off?
WARNING: Shader Unsupported: 'Simulation/Room X-Ray' - All subshaders removed
WARNING: Shader Did you use #pragma only_renderers and omit this platform?
WARNING: Shader If subshaders removal was intentional, you may have forgotten turning Fallback off?
WARNING: Shader Unsupported: 'Simulation/URP/Lit' - All subshaders removed
WARNING: Shader Did you use #pragma only_renderers and omit this platform?
WARNING: Shader If subshaders removal was intentional, you may have forgotten turning Fallback off?
WARNING: Shader Unsupported: 'Simulation/URP/Lit' - All subshaders removed
WARNING: Shader Did you use #pragma only_renderers and omit this platform?
WARNING: Shader If subshaders removal was intentional, you may have forgotten turning Fallback off?
Refreshing native plugins compatible for Editor in 42.03 ms, found 19 plugins.
Preloading 2 native plugins for Editor in 0.24 ms.
Unloading 23 Unused Serialized files (Serialized files now loaded: 0)
Unloading 8965 unused Assets / (7.9 MB). Loaded Objects now: 9903.
Memory consumption went from 189.4 MB to 181.5 MB.
Total: 14.093100 ms (FindLiveObjects: 0.671600 ms CreateObjectMapping: 0.639100 ms MarkObjects: 9.089400 ms  DeleteObjects: 3.691600 ms)

Prepare: number of updated asset objects reloaded= 0
========================================================================
Received Prepare
[Licensing::Client] Successfully resolved entitlement details
Begin MonoManager ReloadAssembly
[Licensing::Client] Successfully resolved entitlement details
Symbol file LoadedFromMemory is not a mono symbol file
- Loaded All Assemblies, in  1.044 seconds
Refreshing native plugins compatible for Editor in 39.33 ms, found 19 plugins.
Native extension for Android target not found
Native extension for WindowsStandalone target not found
[Package Manager] Failed to launch server process. Reason: Unity was launched with the -noUpm command-line argument
[Package Manager] Unable to send message (not connected to server process).
[Package Manager] Cannot connect to Unity Package Manager local server
[Package Manager] Failed to launch server process. Reason: Unity was launched with the -noUpm command-line argument
[Package Manager] Unable to send message (not connected to server process).
[Package Manager] Cannot connect to Unity Package Manager local server
[Package Manager] Failed to launch server process. Reason: Unity was launched with the -noUpm command-line argument
[Package Manager] Unable to send message (not connected to server process).
[Package Manager] Cannot connect to Unity Package Manager local server
System.Reflection.TargetInvocationException: Exception has been thrown by the target of an invocation. ---> System.NullReferenceException: Object reference not set to an instance of an object
  at Unity.XR.Oculus.OculusLoader.AssetPathToAbsolutePath (System.String assetPath) [0x0003d] in .\Library\PackageCache\com.unity.xr.oculus@68ef97a4d91e\Runtime\OculusLoader.cs:312 
  at Unity.XR.Oculus.OculusLoader.EditorLoadOVRPlugin () [0x0008c] in .\Library\PackageCache\com.unity.xr.oculus@68ef97a4d91e\Runtime\OculusLoader.cs:297 
  at (wrapper managed-to-native) System.Reflection.RuntimeMethodInfo.InternalInvoke(System.Reflection.RuntimeMethodInfo,object,object[],System.Exception&)
  at System.Reflection.RuntimeMethodInfo.Invoke (System.Object obj, System.Reflection.BindingFlags invokeAttr, System.Reflection.Binder binder, System.Object[] parameters, System.Globalization.CultureInfo culture) [0x0006a] in <59bd7c40c082431db25e1e728ab62789>:0 
   --- End of inner exception stack trace ---
  at System.Reflection.RuntimeMethodInfo.Invoke (System.Object obj, System.Reflection.BindingFlags invokeAttr, System.Reflection.Binder binder, System.Object[] parameters, System.Globalization.CultureInfo culture) [0x00083] in <59bd7c40c082431db25e1e728ab62789>:0 
  at System.Reflection.MethodBase.Invoke (System.Object obj, System.Object[] parameters) [0x00000] in <59bd7c40c082431db25e1e728ab62789>:0 
  at UnityEditor.EditorAssemblies.ProcessInitializeOnLoadMethodAttributes () [0x00087] in <1acad9deef3549c4b9617dfa169c6659>:0 
UnityEngine.Debug:ExtractStackTraceNoAlloc (byte*,int,string)
UnityEngine.StackTraceUtility:ExtractStackTrace ()
UnityEngine.DebugLogHandler:Internal_Log (UnityEngine.LogType,UnityEngine.LogOption,string,UnityEngine.Object)
UnityEngine.DebugLogHandler:LogFormat (UnityEngine.LogType,UnityEngine.Object,string,object[])
UnityEngine.Logger:Log (UnityEngine.LogType,object)
UnityEngine.Debug:LogError (object)
UnityEditor.EditorAssemblies:ProcessInitializeOnLoadMethodAttributes ()

[MODES] ModeService[none].Initialize
[MODES] ModeService[none].LoadModes
[Package Manager] Failed to launch server process. Reason: Unity was launched with the -noUpm command-line argument
[Package Manager] Unable to send message (not connected to server process).
[Package Manager] Cannot connect to Unity Package Manager local server
AssertionException: Error removing KTX for Unity WebGL sub-packages.. Failed fetching installed packages.
Assertion failure. Values are not equal.
Expected: Failure == Success
  at UnityEngine.Assertions.Assert.Fail (System.String message, System.String userMessage) [0x00043] in <b4c8c45fec274213bfac03ee0e9a3d62>:0 
  at UnityEngine.Assertions.Assert.AreEqual[T] (T expected, T actual, System.String message, System.Collections.Generic.IEqualityComparer`1[T] comparer) [0x0005f] in <b4c8c45fec274213bfac03ee0e9a3d62>:0 
  at UnityEngine.Assertions.Assert.AreEqual[T] (T expected, T actual, System.String message) [0x00009] in <b4c8c45fec274213bfac03ee0e9a3d62>:0 
  at SubPackage.SubPackageRemover.GetAllInstalledPackagesAsync (System.Double timeout) [0x000b7] in .\Library\PackageCache\com.unity.cloud.ktx@7a35f681840e\Editor\Scripts\SubPackage\SubPackageRemover.cs:81 
  at SubPackage.SubPackageRemover.TryRemoveObsoleteSubPackagesAsync () [0x0002a] in .\Library\PackageCache\com.unity.cloud.ktx@7a35f681840e\Editor\Scripts\SubPackage\SubPackageRemover.cs:35 
UnityEngine.DebugLogHandler:Internal_LogException_Injected(Exception, IntPtr)
UnityEngine.DebugLogHandler:Internal_LogException(Exception, Object)
UnityEngine.DebugLogHandler:LogException(Exception, Object)
UnityEngine.Logger:LogException(Exception, Object)
UnityEngine.Debug:LogException(Exception)
SubPackage.<TryRemoveObsoleteSubPackagesAsync>d__5:MoveNext() (at .\Library\PackageCache\com.unity.cloud.ktx@7a35f681840e\Editor\Scripts\SubPackage\SubPackageRemover.cs:52)
System.Runtime.CompilerServices.AsyncVoidMethodBuilder:Start(<TryRemoveObsoleteSubPackagesAsync>d__5&)
SubPackage.SubPackageRemover:TryRemoveObsoleteSubPackagesAsync()
System.Reflection.RuntimeMethodInfo:InternalInvoke(RuntimeMethodInfo, Object, Object[], Exception&)
System.Reflection.RuntimeMethodInfo:Invoke(Object, BindingFlags, Binder, Object[], CultureInfo)
System.Reflection.MethodBase:Invoke(Object, Object[])
UnityEditor.EditorAssemblies:ProcessInitializeOnLoadMethodAttributes()

(Filename: ./Library/PackageCache/com.unity.cloud.ktx@7a35f681840e/Editor/Scripts/SubPackage/SubPackageRemover.cs Line: 52)

Mono: successfully reloaded assembly
[Package Manager] Failed to launch server process. Reason: Unity was launched with the -noUpm command-line argument
[Package Manager] Unable to send message (not connected to server process).
[Package Manager] Cannot connect to Unity Package Manager local server
- Finished resetting the current domain, in  1.382 seconds
Domain Reload Profiling: 2415ms
	BeginReloadAssembly (247ms)
		ExecutionOrderSort (0ms)
		DisableScriptedObjects (6ms)
		BackupInstance (0ms)
		ReleaseScriptingObjects (0ms)
		CreateAndSetChildDomain (57ms)
	RebuildCommonClasses (32ms)
	RebuildNativeTypeToScriptingClass (10ms)
	initialDomainReloadingComplete (33ms)
	LoadAllAssembliesAndSetupDomain (711ms)
		LoadAssemblies (581ms)
		RebuildTransferFunctionScriptingTraits (0ms)
		AnalyzeDomain (240ms)
			TypeCache.Refresh (14ms)
				TypeCache.ScanAssembly (0ms)
			BuildScriptInfoCaches (212ms)
			ResolveRequiredComponents (9ms)
	FinalizeReload (1382ms)
		ReleaseScriptCaches (0ms)
		RebuildScriptCaches (0ms)
		SetupLoadedEditorAssemblies (1213ms)
			LogAssemblyErrors (0ms)
			InitializePlatformSupportModulesInManaged (9ms)
			SetLoadedEditorAssemblies (5ms)
			BeforeProcessingInitializeOnLoad (201ms)
			ProcessInitializeOnLoadAttributes (595ms)
			ProcessInitializeOnLoadMethodAttributes (386ms)
			AfterProcessingInitializeOnLoad (16ms)
			EditorAssembliesLoaded (1ms)
		ExecutionOrderSort2 (0ms)
		AwakeInstancesAfterBackupRestoration (24ms)
WARNING: Shader Unsupported: 'Hidden/Simulation/URP/Synthetic' - All subshaders removed
WARNING: Shader Did you use #pragma only_renderers and omit this platform?
WARNING: Shader If subshaders removal was intentional, you may have forgotten turning Fallback off?
WARNING: Shader Unsupported: 'Hidden/Simulation/URP/Synthetic' - All subshaders removed
WARNING: Shader Did you use #pragma only_renderers and omit this platform?
WARNING: Shader If subshaders removal was intentional, you may have forgotten turning Fallback off?
WARNING: Shader Unsupported: 'Simulation/Standard Lit' - All subshaders removed
WARNING: Shader Did you use #pragma only_renderers and omit this platform?
WARNING: Shader If subshaders removal was intentional, you may have forgotten turning Fallback off?
WARNING: Shader Unsupported: 'Simulation/Standard Lit' - All subshaders removed
WARNING: Shader Did you use #pragma only_renderers and omit this platform?
WARNING: Shader If subshaders removal was intentional, you may have forgotten turning Fallback off?
WARNING: Shader Unsupported: 'Hidden/Simulation/Synthetic Lit' - All subshaders removed
WARNING: Shader Did you use #pragma only_renderers and omit this platform?
WARNING: Shader If subshaders removal was intentional, you may have forgotten turning Fallback off?
WARNING: Shader Unsupported: 'Hidden/Simulation/Synthetic Lit' - All subshaders removed
WARNING: Shader Did you use #pragma only_renderers and omit this platform?
WARNING: Shader If subshaders removal was intentional, you may have forgotten turning Fallback off?
WARNING: Shader Unsupported: 'Simulation/URP/Room X-Ray' - All subshaders removed
WARNING: Shader Did you use #pragma only_renderers and omit this platform?
WARNING: Shader If subshaders removal was intentional, you may have forgotten turning Fallback off?
WARNING: Shader Unsupported: 'Simulation/URP/Room X-Ray' - All subshaders removed
WARNING: Shader Did you use #pragma only_renderers and omit this platform?
WARNING: Shader If subshaders removal was intentional, you may have forgotten turning Fallback off?
WARNING: Shader Unsupported: 'Simulation/Room X-Ray' - All subshaders removed
WARNING: Shader Did you use #pragma only_renderers and omit this platform?
WARNING: Shader If subshaders removal was intentional, you may have forgotten turning Fallback off?
WARNING: Shader Unsupported: 'Simulation/Room X-Ray' - All subshaders removed
WARNING: Shader Did you use #pragma only_renderers and omit this platform?
WARNING: Shader If subshaders removal was intentional, you may have forgotten turning Fallback off?
WARNING: Shader Unsupported: 'Simulation/URP/Lit' - All subshaders removed
WARNING: Shader Did you use #pragma only_renderers and omit this platform?
WARNING: Shader If subshaders removal was intentional, you may have forgotten turning Fallback off?
WARNING: Shader Unsupported: 'Simulation/URP/Lit' - All subshaders removed
WARNING: Shader Did you use #pragma only_renderers and omit this platform?
WARNING: Shader If subshaders removal was intentional, you may have forgotten turning Fallback off?
Refreshing native plugins compatible for Editor in 70.86 ms, found 19 plugins.
Preloading 2 native plugins for Editor in 0.24 ms.
Unloading 23 Unused Serialized files (Serialized files now loaded: 0)
Unloading 9113 unused Assets / (9.0 MB). Loaded Objects now: 9929.
Memory consumption went from 220.9 MB to 211.9 MB.
Total: 23.975200 ms (FindLiveObjects: 0.952600 ms CreateObjectMapping: 0.980100 ms MarkObjects: 14.869300 ms  DeleteObjects: 7.172200 ms)

Prepare: number of updated asset objects reloaded= 0
========================================================================
Received Prepare
[Licensing::Client] Successfully resolved entitlement details
Begin MonoManager ReloadAssembly
[Licensing::Client] Successfully resolved entitlement details
Symbol file LoadedFromMemory is not a mono symbol file
- Loaded All Assemblies, in  1.037 seconds
Refreshing native plugins compatible for Editor in 49.92 ms, found 19 plugins.
Native extension for Android target not found
Native extension for WindowsStandalone target not found
[Package Manager] Failed to launch server process. Reason: Unity was launched with the -noUpm command-line argument
[Package Manager] Unable to send message (not connected to server process).
[Package Manager] Cannot connect to Unity Package Manager local server
[Package Manager] Failed to launch server process. Reason: Unity was launched with the -noUpm command-line argument
[Package Manager] Unable to send message (not connected to server process).
[Package Manager] Cannot connect to Unity Package Manager local server
[Package Manager] Failed to launch server process. Reason: Unity was launched with the -noUpm command-line argument
[Package Manager] Unable to send message (not connected to server process).
[Package Manager] Cannot connect to Unity Package Manager local server
System.Reflection.TargetInvocationException: Exception has been thrown by the target of an invocation. ---> System.NullReferenceException: Object reference not set to an instance of an object
  at Unity.XR.Oculus.OculusLoader.AssetPathToAbsolutePath (System.String assetPath) [0x0003d] in .\Library\PackageCache\com.unity.xr.oculus@68ef97a4d91e\Runtime\OculusLoader.cs:312 
  at Unity.XR.Oculus.OculusLoader.EditorLoadOVRPlugin () [0x0008c] in .\Library\PackageCache\com.unity.xr.oculus@68ef97a4d91e\Runtime\OculusLoader.cs:297 
  at (wrapper managed-to-native) System.Reflection.RuntimeMethodInfo.InternalInvoke(System.Reflection.RuntimeMethodInfo,object,object[],System.Exception&)
  at System.Reflection.RuntimeMethodInfo.Invoke (System.Object obj, System.Reflection.BindingFlags invokeAttr, System.Reflection.Binder binder, System.Object[] parameters, System.Globalization.CultureInfo culture) [0x0006a] in <59bd7c40c082431db25e1e728ab62789>:0 
   --- End of inner exception stack trace ---
  at System.Reflection.RuntimeMethodInfo.Invoke (System.Object obj, System.Reflection.BindingFlags invokeAttr, System.Reflection.Binder binder, System.Object[] parameters, System.Globalization.CultureInfo culture) [0x00083] in <59bd7c40c082431db25e1e728ab62789>:0 
  at System.Reflection.MethodBase.Invoke (System.Object obj, System.Object[] parameters) [0x00000] in <59bd7c40c082431db25e1e728ab62789>:0 
  at UnityEditor.EditorAssemblies.ProcessInitializeOnLoadMethodAttributes () [0x00087] in <1acad9deef3549c4b9617dfa169c6659>:0 
UnityEngine.Debug:ExtractStackTraceNoAlloc (byte*,int,string)
UnityEngine.StackTraceUtility:ExtractStackTrace ()
UnityEngine.DebugLogHandler:Internal_Log (UnityEngine.LogType,UnityEngine.LogOption,string,UnityEngine.Object)
UnityEngine.DebugLogHandler:LogFormat (UnityEngine.LogType,UnityEngine.Object,string,object[])
UnityEngine.Logger:Log (UnityEngine.LogType,object)
UnityEngine.Debug:LogError (object)
UnityEditor.EditorAssemblies:ProcessInitializeOnLoadMethodAttributes ()

Could not open file C:/Users/ym167/Documents/GitHub/Lego-Digital-Twin/unity-client/AURA_Lego/Assets/XR/AndroidXR/AndroidXRSettingsInitializer for read
UnityEngine.Debug:ExtractStackTraceNoAlloc (byte*,int,string)
UnityEngine.StackTraceUtility:ExtractStackTrace ()
UnityEditorInternal.InternalEditorUtility:SaveToSerializedFileAndForgetInternal (string,UnityEngine.Object[],bool)
UnityEditorInternal.InternalEditorUtility:SaveToSerializedFileAndForget (UnityEngine.Object[],string,bool)
UnityEditor.ScriptableSingleton`1<UnityEditor.XR.OpenXR.Features.Android.AndroidXRSettingsInitializer>:Save (bool)
UnityEditor.XR.OpenXR.Features.Android.AndroidXRSettingsInitializer:OnLoad () (at ./Library/PackageCache/com.unity.xr.androidxr-openxr@077cd026549f/Editor/AndroidXRSettingsInitializer.cs:20)
System.Reflection.RuntimeMethodInfo:Invoke (object,System.Reflection.BindingFlags,System.Reflection.Binder,object[],System.Globalization.CultureInfo)
System.Reflection.MethodBase:Invoke (object,object[])
UnityEditor.EditorAssemblies:ProcessInitializeOnLoadMethodAttributes ()

[./Library/PackageCache/com.unity.xr.androidxr-openxr@077cd026549f/Editor/AndroidXRSettingsInitializer.cs line 20]

Assertion failed on expression: 'res'
UnityEngine.Debug:ExtractStackTraceNoAlloc (byte*,int,string)
UnityEngine.StackTraceUtility:ExtractStackTrace ()
UnityEditorInternal.InternalEditorUtility:SaveToSerializedFileAndForgetInternal (string,UnityEngine.Object[],bool)
UnityEditorInternal.InternalEditorUtility:SaveToSerializedFileAndForget (UnityEngine.Object[],string,bool)
UnityEditor.ScriptableSingleton`1<UnityEditor.XR.OpenXR.Features.Android.AndroidXRSettingsInitializer>:Save (bool)
UnityEditor.XR.OpenXR.Features.Android.AndroidXRSettingsInitializer:OnLoad () (at ./Library/PackageCache/com.unity.xr.androidxr-openxr@077cd026549f/Editor/AndroidXRSettingsInitializer.cs:20)
System.Reflection.RuntimeMethodInfo:Invoke (object,System.Reflection.BindingFlags,System.Reflection.Binder,object[],System.Globalization.CultureInfo)
System.Reflection.MethodBase:Invoke (object,object[])
UnityEditor.EditorAssemblies:ProcessInitializeOnLoadMethodAttributes ()

[./Library/PackageCache/com.unity.xr.androidxr-openxr@077cd026549f/Editor/AndroidXRSettingsInitializer.cs line 20]

Unknown error occurred while loading 'Assets/XR/AndroidXR/AndroidXRSettingsInitializer'.
UnityEngine.Debug:ExtractStackTraceNoAlloc (byte*,int,string)
UnityEngine.StackTraceUtility:ExtractStackTrace ()
UnityEditorInternal.InternalEditorUtility:SaveToSerializedFileAndForgetInternal (string,UnityEngine.Object[],bool)
UnityEditorInternal.InternalEditorUtility:SaveToSerializedFileAndForget (UnityEngine.Object[],string,bool)
UnityEditor.ScriptableSingleton`1<UnityEditor.XR.OpenXR.Features.Android.AndroidXRSettingsInitializer>:Save (bool)
UnityEditor.XR.OpenXR.Features.Android.AndroidXRSettingsInitializer:OnLoad () (at ./Library/PackageCache/com.unity.xr.androidxr-openxr@077cd026549f/Editor/AndroidXRSettingsInitializer.cs:20)
System.Reflection.RuntimeMethodInfo:Invoke (object,System.Reflection.BindingFlags,System.Reflection.Binder,object[],System.Globalization.CultureInfo)
System.Reflection.MethodBase:Invoke (object,object[])
UnityEditor.EditorAssemblies:ProcessInitializeOnLoadMethodAttributes ()

[./Library/PackageCache/com.unity.xr.androidxr-openxr@077cd026549f/Editor/AndroidXRSettingsInitializer.cs line 20]

[MODES] ModeService[none].Initialize
[MODES] ModeService[none].LoadModes
[Package Manager] Failed to launch server process. Reason: Unity was launched with the -noUpm command-line argument
[Package Manager] Unable to send message (not connected to server process).
[Package Manager] Cannot connect to Unity Package Manager local server
AssertionException: Error removing KTX for Unity WebGL sub-packages.. Failed fetching installed packages.
Assertion failure. Values are not equal.
Expected: Failure == Success
  at UnityEngine.Assertions.Assert.Fail (System.String message, System.String userMessage) [0x00043] in <b4c8c45fec274213bfac03ee0e9a3d62>:0 
  at UnityEngine.Assertions.Assert.AreEqual[T] (T expected, T actual, System.String message, System.Collections.Generic.IEqualityComparer`1[T] comparer) [0x0005f] in <b4c8c45fec274213bfac03ee0e9a3d62>:0 
  at UnityEngine.Assertions.Assert.AreEqual[T] (T expected, T actual, System.String message) [0x00009] in <b4c8c45fec274213bfac03ee0e9a3d62>:0 
  at SubPackage.SubPackageRemover.GetAllInstalledPackagesAsync (System.Double timeout) [0x000b7] in .\Library\PackageCache\com.unity.cloud.ktx@7a35f681840e\Editor\Scripts\SubPackage\SubPackageRemover.cs:81 
  at SubPackage.SubPackageRemover.TryRemoveObsoleteSubPackagesAsync () [0x0002a] in .\Library\PackageCache\com.unity.cloud.ktx@7a35f681840e\Editor\Scripts\SubPackage\SubPackageRemover.cs:35 
UnityEngine.DebugLogHandler:Internal_LogException_Injected(Exception, IntPtr)
UnityEngine.DebugLogHandler:Internal_LogException(Exception, Object)
UnityEngine.DebugLogHandler:LogException(Exception, Object)
UnityEngine.Logger:LogException(Exception, Object)
UnityEngine.Debug:LogException(Exception)
SubPackage.<TryRemoveObsoleteSubPackagesAsync>d__5:MoveNext() (at .\Library\PackageCache\com.unity.cloud.ktx@7a35f681840e\Editor\Scripts\SubPackage\SubPackageRemover.cs:52)
System.Runtime.CompilerServices.AsyncVoidMethodBuilder:Start(<TryRemoveObsoleteSubPackagesAsync>d__5&)
SubPackage.SubPackageRemover:TryRemoveObsoleteSubPackagesAsync()
System.Reflection.RuntimeMethodInfo:InternalInvoke(RuntimeMethodInfo, Object, Object[], Exception&)
System.Reflection.RuntimeMethodInfo:Invoke(Object, BindingFlags, Binder, Object[], CultureInfo)
System.Reflection.MethodBase:Invoke(Object, Object[])
UnityEditor.EditorAssemblies:ProcessInitializeOnLoadMethodAttributes()

(Filename: ./Library/PackageCache/com.unity.cloud.ktx@7a35f681840e/Editor/Scripts/SubPackage/SubPackageRemover.cs Line: 52)

Mono: successfully reloaded assembly
[Package Manager] Failed to launch server process. Reason: Unity was launched with the -noUpm command-line argument
[Package Manager] Unable to send message (not connected to server process).
[Package Manager] Cannot connect to Unity Package Manager local server
- Finished resetting the current domain, in  0.997 seconds
Domain Reload Profiling: 2026ms
	BeginReloadAssembly (233ms)
		ExecutionOrderSort (0ms)
		DisableScriptedObjects (5ms)
		BackupInstance (0ms)
		ReleaseScriptingObjects (0ms)
		CreateAndSetChildDomain (50ms)
	RebuildCommonClasses (31ms)
	RebuildNativeTypeToScriptingClass (10ms)
	initialDomainReloadingComplete (33ms)
	LoadAllAssembliesAndSetupDomain (722ms)
		LoadAssemblies (583ms)
		RebuildTransferFunctionScriptingTraits (0ms)
		AnalyzeDomain (243ms)
			TypeCache.Refresh (8ms)
				TypeCache.ScanAssembly (0ms)
			BuildScriptInfoCaches (220ms)
			ResolveRequiredComponents (10ms)
	FinalizeReload (997ms)
		ReleaseScriptCaches (0ms)
		RebuildScriptCaches (0ms)
		SetupLoadedEditorAssemblies (854ms)
			LogAssemblyErrors (0ms)
			InitializePlatformSupportModulesInManaged (10ms)
			SetLoadedEditorAssemblies (5ms)
			BeforeProcessingInitializeOnLoad (161ms)
			ProcessInitializeOnLoadAttributes (416ms)
			ProcessInitializeOnLoadMethodAttributes (252ms)
			AfterProcessingInitializeOnLoad (9ms)
			EditorAssembliesLoaded (1ms)
		ExecutionOrderSort2 (0ms)
		AwakeInstancesAfterBackupRestoration (17ms)
WARNING: Shader Unsupported: 'Hidden/Simulation/URP/Synthetic' - All subshaders removed
WARNING: Shader Did you use #pragma only_renderers and omit this platform?
WARNING: Shader If subshaders removal was intentional, you may have forgotten turning Fallback off?
WARNING: Shader Unsupported: 'Hidden/Simulation/URP/Synthetic' - All subshaders removed
WARNING: Shader Did you use #pragma only_renderers and omit this platform?
WARNING: Shader If subshaders removal was intentional, you may have forgotten turning Fallback off?
WARNING: Shader Unsupported: 'Simulation/Standard Lit' - All subshaders removed
WARNING: Shader Did you use #pragma only_renderers and omit this platform?
WARNING: Shader If subshaders removal was intentional, you may have forgotten turning Fallback off?
WARNING: Shader Unsupported: 'Simulation/Standard Lit' - All subshaders removed
WARNING: Shader Did you use #pragma only_renderers and omit this platform?
WARNING: Shader If subshaders removal was intentional, you may have forgotten turning Fallback off?
WARNING: Shader Unsupported: 'Hidden/Simulation/Synthetic Lit' - All subshaders removed
WARNING: Shader Did you use #pragma only_renderers and omit this platform?
WARNING: Shader If subshaders removal was intentional, you may have forgotten turning Fallback off?
WARNING: Shader Unsupported: 'Hidden/Simulation/Synthetic Lit' - All subshaders removed
WARNING: Shader Did you use #pragma only_renderers and omit this platform?
WARNING: Shader If subshaders removal was intentional, you may have forgotten turning Fallback off?
WARNING: Shader Unsupported: 'Simulation/URP/Room X-Ray' - All subshaders removed
WARNING: Shader Did you use #pragma only_renderers and omit this platform?
WARNING: Shader If subshaders removal was intentional, you may have forgotten turning Fallback off?
WARNING: Shader Unsupported: 'Simulation/URP/Room X-Ray' - All subshaders removed
WARNING: Shader Did you use #pragma only_renderers and omit this platform?
WARNING: Shader If subshaders removal was intentional, you may have forgotten turning Fallback off?
WARNING: Shader Unsupported: 'Simulation/Room X-Ray' - All subshaders removed
WARNING: Shader Did you use #pragma only_renderers and omit this platform?
WARNING: Shader If subshaders removal was intentional, you may have forgotten turning Fallback off?
WARNING: Shader Unsupported: 'Simulation/Room X-Ray' - All subshaders removed
WARNING: Shader Did you use #pragma only_renderers and omit this platform?
WARNING: Shader If subshaders removal was intentional, you may have forgotten turning Fallback off?
WARNING: Shader Unsupported: 'Simulation/URP/Lit' - All subshaders removed
WARNING: Shader Did you use #pragma only_renderers and omit this platform?
WARNING: Shader If subshaders removal was intentional, you may have forgotten turning Fallback off?
WARNING: Shader Unsupported: 'Simulation/URP/Lit' - All subshaders removed
WARNING: Shader Did you use #pragma only_renderers and omit this platform?
WARNING: Shader If subshaders removal was intentional, you may have forgotten turning Fallback off?
Refreshing native plugins compatible for Editor in 40.48 ms, found 19 plugins.
Preloading 2 native plugins for Editor in 0.22 ms.
Unloading 23 Unused Serialized files (Serialized files now loaded: 0)
Unloading 9113 unused Assets / (8.7 MB). Loaded Objects now: 9934.
Memory consumption went from 222.8 MB to 214.1 MB.
Total: 12.645200 ms (FindLiveObjects: 0.682400 ms CreateObjectMapping: 0.610100 ms MarkObjects: 7.478700 ms  DeleteObjects: 3.872500 ms)

Prepare: number of updated asset objects reloaded= 0
========================================================================
Received Prepare
WARNING: Shader Unsupported: 'Hidden/Simulation/URP/Synthetic' - All subshaders removed
WARNING: Shader Did you use #pragma only_renderers and omit this platform?
WARNING: Shader If subshaders removal was intentional, you may have forgotten turning Fallback off?
WARNING: Shader Unsupported: 'Hidden/Simulation/URP/Synthetic' - All subshaders removed
WARNING: Shader Did you use #pragma only_renderers and omit this platform?
WARNING: Shader If subshaders removal was intentional, you may have forgotten turning Fallback off?
WARNING: Shader Unsupported: 'Simulation/Standard Lit' - All subshaders removed
WARNING: Shader Did you use #pragma only_renderers and omit this platform?
WARNING: Shader If subshaders removal was intentional, you may have forgotten turning Fallback off?
WARNING: Shader Unsupported: 'Simulation/Standard Lit' - All subshaders removed
WARNING: Shader Did you use #pragma only_renderers and omit this platform?
WARNING: Shader If subshaders removal was intentional, you may have forgotten turning Fallback off?
WARNING: Shader Unsupported: 'Hidden/Simulation/Synthetic Lit' - All subshaders removed
WARNING: Shader Did you use #pragma only_renderers and omit this platform?
WARNING: Shader If subshaders removal was intentional, you may have forgotten turning Fallback off?
WARNING: Shader Unsupported: 'Hidden/Simulation/Synthetic Lit' - All subshaders removed
WARNING: Shader Did you use #pragma only_renderers and omit this platform?
WARNING: Shader If subshaders removal was intentional, you may have forgotten turning Fallback off?
WARNING: Shader Unsupported: 'Simulation/URP/Room X-Ray' - All subshaders removed
WARNING: Shader Did you use #pragma only_renderers and omit this platform?
WARNING: Shader If subshaders removal was intentional, you may have forgotten turning Fallback off?
WARNING: Shader Unsupported: 'Simulation/URP/Room X-Ray' - All subshaders removed
WARNING: Shader Did you use #pragma only_renderers and omit this platform?
WARNING: Shader If subshaders removal was intentional, you may have forgotten turning Fallback off?
WARNING: Shader Unsupported: 'Simulation/Room X-Ray' - All subshaders removed
WARNING: Shader Did you use #pragma only_renderers and omit this platform?
WARNING: Shader If subshaders removal was intentional, you may have forgotten turning Fallback off?
WARNING: Shader Unsupported: 'Simulation/Room X-Ray' - All subshaders removed
WARNING: Shader Did you use #pragma only_renderers and omit this platform?
WARNING: Shader If subshaders removal was intentional, you may have forgotten turning Fallback off?
WARNING: Shader Unsupported: 'Simulation/URP/Lit' - All subshaders removed
WARNING: Shader Did you use #pragma only_renderers and omit this platform?
WARNING: Shader If subshaders removal was intentional, you may have forgotten turning Fallback off?
WARNING: Shader Unsupported: 'Simulation/URP/Lit' - All subshaders removed
WARNING: Shader Did you use #pragma only_renderers and omit this platform?
WARNING: Shader If subshaders removal was intentional, you may have forgotten turning Fallback off?
Refreshing native plugins compatible for Editor in 34.85 ms, found 19 plugins.
Preloading 2 native plugins for Editor in 0.18 ms.
Unloading 23 Unused Serialized files (Serialized files now loaded: 0)
Unloading 8965 unused Assets / (7.8 MB). Loaded Objects now: 9913.
Memory consumption went from 191.5 MB to 183.7 MB.
Total: 14.124200 ms (FindLiveObjects: 0.721900 ms CreateObjectMapping: 0.705900 ms MarkObjects: 9.026600 ms  DeleteObjects: 3.668600 ms)

Prepare: number of updated asset objects reloaded= 0
========================================================================
Received Prepare
WARNING: Shader Unsupported: 'Hidden/Simulation/URP/Synthetic' - All subshaders removed
WARNING: Shader Did you use #pragma only_renderers and omit this platform?
WARNING: Shader If subshaders removal was intentional, you may have forgotten turning Fallback off?
WARNING: Shader Unsupported: 'Hidden/Simulation/URP/Synthetic' - All subshaders removed
WARNING: Shader Did you use #pragma only_renderers and omit this platform?
WARNING: Shader If subshaders removal was intentional, you may have forgotten turning Fallback off?
WARNING: Shader Unsupported: 'Simulation/Standard Lit' - All subshaders removed
WARNING: Shader Did you use #pragma only_renderers and omit this platform?
WARNING: Shader If subshaders removal was intentional, you may have forgotten turning Fallback off?
WARNING: Shader Unsupported: 'Simulation/Standard Lit' - All subshaders removed
WARNING: Shader Did you use #pragma only_renderers and omit this platform?
WARNING: Shader If subshaders removal was intentional, you may have forgotten turning Fallback off?
WARNING: Shader Unsupported: 'Hidden/Simulation/Synthetic Lit' - All subshaders removed
WARNING: Shader Did you use #pragma only_renderers and omit this platform?
WARNING: Shader If subshaders removal was intentional, you may have forgotten turning Fallback off?
WARNING: Shader Unsupported: 'Hidden/Simulation/Synthetic Lit' - All subshaders removed
WARNING: Shader Did you use #pragma only_renderers and omit this platform?
WARNING: Shader If subshaders removal was intentional, you may have forgotten turning Fallback off?
WARNING: Shader Unsupported: 'Simulation/URP/Room X-Ray' - All subshaders removed
WARNING: Shader Did you use #pragma only_renderers and omit this platform?
WARNING: Shader If subshaders removal was intentional, you may have forgotten turning Fallback off?
WARNING: Shader Unsupported: 'Simulation/URP/Room X-Ray' - All subshaders removed
WARNING: Shader Did you use #pragma only_renderers and omit this platform?
WARNING: Shader If subshaders removal was intentional, you may have forgotten turning Fallback off?
WARNING: Shader Unsupported: 'Simulation/Room X-Ray' - All subshaders removed
WARNING: Shader Did you use #pragma only_renderers and omit this platform?
WARNING: Shader If subshaders removal was intentional, you may have forgotten turning Fallback off?
WARNING: Shader Unsupported: 'Simulation/Room X-Ray' - All subshaders removed
WARNING: Shader Did you use #pragma only_renderers and omit this platform?
WARNING: Shader If subshaders removal was intentional, you may have forgotten turning Fallback off?
WARNING: Shader Unsupported: 'Simulation/URP/Lit' - All subshaders removed
WARNING: Shader Did you use #pragma only_renderers and omit this platform?
WARNING: Shader If subshaders removal was intentional, you may have forgotten turning Fallback off?
WARNING: Shader Unsupported: 'Simulation/URP/Lit' - All subshaders removed
WARNING: Shader Did you use #pragma only_renderers and omit this platform?
WARNING: Shader If subshaders removal was intentional, you may have forgotten turning Fallback off?
Refreshing native plugins compatible for Editor in 41.27 ms, found 19 plugins.
Preloading 2 native plugins for Editor in 0.20 ms.
Unloading 23 Unused Serialized files (Serialized files now loaded: 0)
Unloading 8965 unused Assets / (7.8 MB). Loaded Objects now: 9913.
Memory consumption went from 191.1 MB to 183.3 MB.
Total: 12.984700 ms (FindLiveObjects: 0.648000 ms CreateObjectMapping: 0.585700 ms MarkObjects: 8.284100 ms  DeleteObjects: 3.465800 ms)

Prepare: number of updated asset objects reloaded= 0
========================================================================
Received Prepare
[Licensing::Client] Successfully resolved entitlement details
Begin MonoManager ReloadAssembly
[Licensing::Client] Successfully resolved entitlement details
Symbol file LoadedFromMemory is not a mono symbol file
- Loaded All Assemblies, in  1.050 seconds
Refreshing native plugins compatible for Editor in 42.18 ms, found 19 plugins.
Native extension for Android target not found
Native extension for WindowsStandalone target not found
[Package Manager] Failed to launch server process. Reason: Unity was launched with the -noUpm command-line argument
[Package Manager] Unable to send message (not connected to server process).
[Package Manager] Cannot connect to Unity Package Manager local server
[Package Manager] Failed to launch server process. Reason: Unity was launched with the -noUpm command-line argument
[Package Manager] Unable to send message (not connected to server process).
[Package Manager] Cannot connect to Unity Package Manager local server
[Package Manager] Failed to launch server process. Reason: Unity was launched with the -noUpm command-line argument
[Package Manager] Unable to send message (not connected to server process).
[Package Manager] Cannot connect to Unity Package Manager local server
System.Reflection.TargetInvocationException: Exception has been thrown by the target of an invocation. ---> System.NullReferenceException: Object reference not set to an instance of an object
  at Unity.XR.Oculus.OculusLoader.AssetPathToAbsolutePath (System.String assetPath) [0x0003d] in .\Library\PackageCache\com.unity.xr.oculus@68ef97a4d91e\Runtime\OculusLoader.cs:312 
  at Unity.XR.Oculus.OculusLoader.EditorLoadOVRPlugin () [0x0008c] in .\Library\PackageCache\com.unity.xr.oculus@68ef97a4d91e\Runtime\OculusLoader.cs:297 
  at (wrapper managed-to-native) System.Reflection.RuntimeMethodInfo.InternalInvoke(System.Reflection.RuntimeMethodInfo,object,object[],System.Exception&)
  at System.Reflection.RuntimeMethodInfo.Invoke (System.Object obj, System.Reflection.BindingFlags invokeAttr, System.Reflection.Binder binder, System.Object[] parameters, System.Globalization.CultureInfo culture) [0x0006a] in <59bd7c40c082431db25e1e728ab62789>:0 
   --- End of inner exception stack trace ---
  at System.Reflection.RuntimeMethodInfo.Invoke (System.Object obj, System.Reflection.BindingFlags invokeAttr, System.Reflection.Binder binder, System.Object[] parameters, System.Globalization.CultureInfo culture) [0x00083] in <59bd7c40c082431db25e1e728ab62789>:0 
  at System.Reflection.MethodBase.Invoke (System.Object obj, System.Object[] parameters) [0x00000] in <59bd7c40c082431db25e1e728ab62789>:0 
  at UnityEditor.EditorAssemblies.ProcessInitializeOnLoadMethodAttributes () [0x00087] in <1acad9deef3549c4b9617dfa169c6659>:0 
UnityEngine.Debug:ExtractStackTraceNoAlloc (byte*,int,string)
UnityEngine.StackTraceUtility:ExtractStackTrace ()
UnityEngine.DebugLogHandler:Internal_Log (UnityEngine.LogType,UnityEngine.LogOption,string,UnityEngine.Object)
UnityEngine.DebugLogHandler:LogFormat (UnityEngine.LogType,UnityEngine.Object,string,object[])
UnityEngine.Logger:Log (UnityEngine.LogType,object)
UnityEngine.Debug:LogError (object)
UnityEditor.EditorAssemblies:ProcessInitializeOnLoadMethodAttributes ()

[MODES] ModeService[none].Initialize
[MODES] ModeService[none].LoadModes
[Package Manager] Failed to launch server process. Reason: Unity was launched with the -noUpm command-line argument
[Package Manager] Unable to send message (not connected to server process).
[Package Manager] Cannot connect to Unity Package Manager local server
AssertionException: Error removing KTX for Unity WebGL sub-packages.. Failed fetching installed packages.
Assertion failure. Values are not equal.
Expected: Failure == Success
  at UnityEngine.Assertions.Assert.Fail (System.String message, System.String userMessage) [0x00043] in <b4c8c45fec274213bfac03ee0e9a3d62>:0 
  at UnityEngine.Assertions.Assert.AreEqual[T] (T expected, T actual, System.String message, System.Collections.Generic.IEqualityComparer`1[T] comparer) [0x0005f] in <b4c8c45fec274213bfac03ee0e9a3d62>:0 
  at UnityEngine.Assertions.Assert.AreEqual[T] (T expected, T actual, System.String message) [0x00009] in <b4c8c45fec274213bfac03ee0e9a3d62>:0 
  at SubPackage.SubPackageRemover.GetAllInstalledPackagesAsync (System.Double timeout) [0x000b7] in .\Library\PackageCache\com.unity.cloud.ktx@7a35f681840e\Editor\Scripts\SubPackage\SubPackageRemover.cs:81 
  at SubPackage.SubPackageRemover.TryRemoveObsoleteSubPackagesAsync () [0x0002a] in .\Library\PackageCache\com.unity.cloud.ktx@7a35f681840e\Editor\Scripts\SubPackage\SubPackageRemover.cs:35 
UnityEngine.DebugLogHandler:Internal_LogException_Injected(Exception, IntPtr)
UnityEngine.DebugLogHandler:Internal_LogException(Exception, Object)
UnityEngine.DebugLogHandler:LogException(Exception, Object)
UnityEngine.Logger:LogException(Exception, Object)
UnityEngine.Debug:LogException(Exception)
SubPackage.<TryRemoveObsoleteSubPackagesAsync>d__5:MoveNext() (at .\Library\PackageCache\com.unity.cloud.ktx@7a35f681840e\Editor\Scripts\SubPackage\SubPackageRemover.cs:52)
System.Runtime.CompilerServices.AsyncVoidMethodBuilder:Start(<TryRemoveObsoleteSubPackagesAsync>d__5&)
SubPackage.SubPackageRemover:TryRemoveObsoleteSubPackagesAsync()
System.Reflection.RuntimeMethodInfo:InternalInvoke(RuntimeMethodInfo, Object, Object[], Exception&)
System.Reflection.RuntimeMethodInfo:Invoke(Object, BindingFlags, Binder, Object[], CultureInfo)
System.Reflection.MethodBase:Invoke(Object, Object[])
UnityEditor.EditorAssemblies:ProcessInitializeOnLoadMethodAttributes()

(Filename: ./Library/PackageCache/com.unity.cloud.ktx@7a35f681840e/Editor/Scripts/SubPackage/SubPackageRemover.cs Line: 52)

Mono: successfully reloaded assembly
[Package Manager] Failed to launch server process. Reason: Unity was launched with the -noUpm command-line argument
[Package Manager] Unable to send message (not connected to server process).
[Package Manager] Cannot connect to Unity Package Manager local server
- Finished resetting the current domain, in  1.001 seconds
Domain Reload Profiling: 2038ms
	BeginReloadAssembly (254ms)
		ExecutionOrderSort (0ms)
		DisableScriptedObjects (7ms)
		BackupInstance (0ms)
		ReleaseScriptingObjects (0ms)
		CreateAndSetChildDomain (53ms)
	RebuildCommonClasses (30ms)
	RebuildNativeTypeToScriptingClass (11ms)
	initialDomainReloadingComplete (34ms)
	LoadAllAssembliesAndSetupDomain (708ms)
		LoadAssemblies (585ms)
		RebuildTransferFunctionScriptingTraits (0ms)
		AnalyzeDomain (241ms)
			TypeCache.Refresh (11ms)
				TypeCache.ScanAssembly (0ms)
			BuildScriptInfoCaches (216ms)
			ResolveRequiredComponents (9ms)
	FinalizeReload (1001ms)
		ReleaseScriptCaches (0ms)
		RebuildScriptCaches (0ms)
		SetupLoadedEditorAssemblies (856ms)
			LogAssemblyErrors (0ms)
			InitializePlatformSupportModulesInManaged (9ms)
			SetLoadedEditorAssemblies (5ms)
			BeforeProcessingInitializeOnLoad (163ms)
			ProcessInitializeOnLoadAttributes (402ms)
			ProcessInitializeOnLoadMethodAttributes (268ms)
			AfterProcessingInitializeOnLoad (8ms)
			EditorAssembliesLoaded (1ms)
		ExecutionOrderSort2 (0ms)
		AwakeInstancesAfterBackupRestoration (17ms)
WARNING: Shader Unsupported: 'Hidden/Simulation/URP/Synthetic' - All subshaders removed
WARNING: Shader Did you use #pragma only_renderers and omit this platform?
WARNING: Shader If subshaders removal was intentional, you may have forgotten turning Fallback off?
WARNING: Shader Unsupported: 'Hidden/Simulation/URP/Synthetic' - All subshaders removed
WARNING: Shader Did you use #pragma only_renderers and omit this platform?
WARNING: Shader If subshaders removal was intentional, you may have forgotten turning Fallback off?
WARNING: Shader Unsupported: 'Simulation/Standard Lit' - All subshaders removed
WARNING: Shader Did you use #pragma only_renderers and omit this platform?
WARNING: Shader If subshaders removal was intentional, you may have forgotten turning Fallback off?
WARNING: Shader Unsupported: 'Simulation/Standard Lit' - All subshaders removed
WARNING: Shader Did you use #pragma only_renderers and omit this platform?
WARNING: Shader If subshaders removal was intentional, you may have forgotten turning Fallback off?
WARNING: Shader Unsupported: 'Hidden/Simulation/Synthetic Lit' - All subshaders removed
WARNING: Shader Did you use #pragma only_renderers and omit this platform?
WARNING: Shader If subshaders removal was intentional, you may have forgotten turning Fallback off?
WARNING: Shader Unsupported: 'Hidden/Simulation/Synthetic Lit' - All subshaders removed
WARNING: Shader Did you use #pragma only_renderers and omit this platform?
WARNING: Shader If subshaders removal was intentional, you may have forgotten turning Fallback off?
WARNING: Shader Unsupported: 'Simulation/URP/Room X-Ray' - All subshaders removed
WARNING: Shader Did you use #pragma only_renderers and omit this platform?
WARNING: Shader If subshaders removal was intentional, you may have forgotten turning Fallback off?
WARNING: Shader Unsupported: 'Simulation/URP/Room X-Ray' - All subshaders removed
WARNING: Shader Did you use #pragma only_renderers and omit this platform?
WARNING: Shader If subshaders removal was intentional, you may have forgotten turning Fallback off?
WARNING: Shader Unsupported: 'Simulation/Room X-Ray' - All subshaders removed
WARNING: Shader Did you use #pragma only_renderers and omit this platform?
WARNING: Shader If subshaders removal was intentional, you may have forgotten turning Fallback off?
WARNING: Shader Unsupported: 'Simulation/Room X-Ray' - All subshaders removed
WARNING: Shader Did you use #pragma only_renderers and omit this platform?
WARNING: Shader If subshaders removal was intentional, you may have forgotten turning Fallback off?
WARNING: Shader Unsupported: 'Simulation/URP/Lit' - All subshaders removed
WARNING: Shader Did you use #pragma only_renderers and omit this platform?
WARNING: Shader If subshaders removal was intentional, you may have forgotten turning Fallback off?
WARNING: Shader Unsupported: 'Simulation/URP/Lit' - All subshaders removed
WARNING: Shader Did you use #pragma only_renderers and omit this platform?
WARNING: Shader If subshaders removal was intentional, you may have forgotten turning Fallback off?
Refreshing native plugins compatible for Editor in 48.41 ms, found 19 plugins.
Preloading 2 native plugins for Editor in 0.17 ms.
Unloading 23 Unused Serialized files (Serialized files now loaded: 0)
Unloading 9113 unused Assets / (9.1 MB). Loaded Objects now: 9939.
Memory consumption went from 222.9 MB to 213.8 MB.
Total: 12.986100 ms (FindLiveObjects: 0.668900 ms CreateObjectMapping: 0.739200 ms MarkObjects: 7.599000 ms  DeleteObjects: 3.978000 ms)

Prepare: number of updated asset objects reloaded= 0
========================================================================
Received Prepare
[Licensing::Client] Successfully resolved entitlement details
Begin MonoManager ReloadAssembly
[Licensing::Client] Successfully resolved entitlement details
Symbol file LoadedFromMemory is not a mono symbol file
- Loaded All Assemblies, in  1.099 seconds
Refreshing native plugins compatible for Editor in 40.69 ms, found 19 plugins.
Native extension for Android target not found
Native extension for WindowsStandalone target not found
[Package Manager] Failed to launch server process. Reason: Unity was launched with the -noUpm command-line argument
[Package Manager] Unable to send message (not connected to server process).
[Package Manager] Cannot connect to Unity Package Manager local server
[Package Manager] Failed to launch server process. Reason: Unity was launched with the -noUpm command-line argument
[Package Manager] Unable to send message (not connected to server process).
[Package Manager] Cannot connect to Unity Package Manager local server
[Package Manager] Failed to launch server process. Reason: Unity was launched with the -noUpm command-line argument
[Package Manager] Unable to send message (not connected to server process).
[Package Manager] Cannot connect to Unity Package Manager local server
System.Reflection.TargetInvocationException: Exception has been thrown by the target of an invocation. ---> System.NullReferenceException: Object reference not set to an instance of an object
  at Unity.XR.Oculus.OculusLoader.AssetPathToAbsolutePath (System.String assetPath) [0x0003d] in .\Library\PackageCache\com.unity.xr.oculus@68ef97a4d91e\Runtime\OculusLoader.cs:312 
  at Unity.XR.Oculus.OculusLoader.EditorLoadOVRPlugin () [0x0008c] in .\Library\PackageCache\com.unity.xr.oculus@68ef97a4d91e\Runtime\OculusLoader.cs:297 
  at (wrapper managed-to-native) System.Reflection.RuntimeMethodInfo.InternalInvoke(System.Reflection.RuntimeMethodInfo,object,object[],System.Exception&)
  at System.Reflection.RuntimeMethodInfo.Invoke (System.Object obj, System.Reflection.BindingFlags invokeAttr, System.Reflection.Binder binder, System.Object[] parameters, System.Globalization.CultureInfo culture) [0x0006a] in <59bd7c40c082431db25e1e728ab62789>:0 
   --- End of inner exception stack trace ---
  at System.Reflection.RuntimeMethodInfo.Invoke (System.Object obj, System.Reflection.BindingFlags invokeAttr, System.Reflection.Binder binder, System.Object[] parameters, System.Globalization.CultureInfo culture) [0x00083] in <59bd7c40c082431db25e1e728ab62789>:0 
  at System.Reflection.MethodBase.Invoke (System.Object obj, System.Object[] parameters) [0x00000] in <59bd7c40c082431db25e1e728ab62789>:0 
  at UnityEditor.EditorAssemblies.ProcessInitializeOnLoadMethodAttributes () [0x00087] in <1acad9deef3549c4b9617dfa169c6659>:0 
UnityEngine.Debug:ExtractStackTraceNoAlloc (byte*,int,string)
UnityEngine.StackTraceUtility:ExtractStackTrace ()
UnityEngine.DebugLogHandler:Internal_Log (UnityEngine.LogType,UnityEngine.LogOption,string,UnityEngine.Object)
UnityEngine.DebugLogHandler:LogFormat (UnityEngine.LogType,UnityEngine.Object,string,object[])
UnityEngine.Logger:Log (UnityEngine.LogType,object)
UnityEngine.Debug:LogError (object)
UnityEditor.EditorAssemblies:ProcessInitializeOnLoadMethodAttributes ()

[MODES] ModeService[none].Initialize
[MODES] ModeService[none].LoadModes
[Package Manager] Failed to launch server process. Reason: Unity was launched with the -noUpm command-line argument
[Package Manager] Unable to send message (not connected to server process).
[Package Manager] Cannot connect to Unity Package Manager local server
AssertionException: Error removing KTX for Unity WebGL sub-packages.. Failed fetching installed packages.
Assertion failure. Values are not equal.
Expected: Failure == Success
  at UnityEngine.Assertions.Assert.Fail (System.String message, System.String userMessage) [0x00043] in <b4c8c45fec274213bfac03ee0e9a3d62>:0 
  at UnityEngine.Assertions.Assert.AreEqual[T] (T expected, T actual, System.String message, System.Collections.Generic.IEqualityComparer`1[T] comparer) [0x0005f] in <b4c8c45fec274213bfac03ee0e9a3d62>:0 
  at UnityEngine.Assertions.Assert.AreEqual[T] (T expected, T actual, System.String message) [0x00009] in <b4c8c45fec274213bfac03ee0e9a3d62>:0 
  at SubPackage.SubPackageRemover.GetAllInstalledPackagesAsync (System.Double timeout) [0x000b7] in .\Library\PackageCache\com.unity.cloud.ktx@7a35f681840e\Editor\Scripts\SubPackage\SubPackageRemover.cs:81 
  at SubPackage.SubPackageRemover.TryRemoveObsoleteSubPackagesAsync () [0x0002a] in .\Library\PackageCache\com.unity.cloud.ktx@7a35f681840e\Editor\Scripts\SubPackage\SubPackageRemover.cs:35 
UnityEngine.DebugLogHandler:Internal_LogException_Injected(Exception, IntPtr)
UnityEngine.DebugLogHandler:Internal_LogException(Exception, Object)
UnityEngine.DebugLogHandler:LogException(Exception, Object)
UnityEngine.Logger:LogException(Exception, Object)
UnityEngine.Debug:LogException(Exception)
SubPackage.<TryRemoveObsoleteSubPackagesAsync>d__5:MoveNext() (at .\Library\PackageCache\com.unity.cloud.ktx@7a35f681840e\Editor\Scripts\SubPackage\SubPackageRemover.cs:52)
System.Runtime.CompilerServices.AsyncVoidMethodBuilder:Start(<TryRemoveObsoleteSubPackagesAsync>d__5&)
SubPackage.SubPackageRemover:TryRemoveObsoleteSubPackagesAsync()
System.Reflection.RuntimeMethodInfo:InternalInvoke(RuntimeMethodInfo, Object, Object[], Exception&)
System.Reflection.RuntimeMethodInfo:Invoke(Object, BindingFlags, Binder, Object[], CultureInfo)
System.Reflection.MethodBase:Invoke(Object, Object[])
UnityEditor.EditorAssemblies:ProcessInitializeOnLoadMethodAttributes()

(Filename: ./Library/PackageCache/com.unity.cloud.ktx@7a35f681840e/Editor/Scripts/SubPackage/SubPackageRemover.cs Line: 52)

Mono: successfully reloaded assembly
[Package Manager] Failed to launch server process. Reason: Unity was launched with the -noUpm command-line argument
[Package Manager] Unable to send message (not connected to server process).
[Package Manager] Cannot connect to Unity Package Manager local server
- Finished resetting the current domain, in  1.080 seconds
Domain Reload Profiling: 2169ms
	BeginReloadAssembly (253ms)
		ExecutionOrderSort (0ms)
		DisableScriptedObjects (8ms)
		BackupInstance (0ms)
		ReleaseScriptingObjects (0ms)
		CreateAndSetChildDomain (57ms)
	RebuildCommonClasses (32ms)
	RebuildNativeTypeToScriptingClass (10ms)
	initialDomainReloadingComplete (33ms)
	LoadAllAssembliesAndSetupDomain (761ms)
		LoadAssemblies (605ms)
		RebuildTransferFunctionScriptingTraits (0ms)
		AnalyzeDomain (267ms)
			TypeCache.Refresh (12ms)
				TypeCache.ScanAssembly (0ms)
			BuildScriptInfoCaches (241ms)
			ResolveRequiredComponents (10ms)
	FinalizeReload (1080ms)
		ReleaseScriptCaches (0ms)
		RebuildScriptCaches (0ms)
		SetupLoadedEditorAssemblies (913ms)
			LogAssemblyErrors (0ms)
			InitializePlatformSupportModulesInManaged (13ms)
			SetLoadedEditorAssemblies (5ms)
			BeforeProcessingInitializeOnLoad (202ms)
			ProcessInitializeOnLoadAttributes (411ms)
			ProcessInitializeOnLoadMethodAttributes (273ms)
			AfterProcessingInitializeOnLoad (8ms)
			EditorAssembliesLoaded (0ms)
		ExecutionOrderSort2 (0ms)
		AwakeInstancesAfterBackupRestoration (17ms)
WARNING: Shader Unsupported: 'Hidden/Simulation/URP/Synthetic' - All subshaders removed
WARNING: Shader Did you use #pragma only_renderers and omit this platform?
WARNING: Shader If subshaders removal was intentional, you may have forgotten turning Fallback off?
WARNING: Shader Unsupported: 'Hidden/Simulation/URP/Synthetic' - All subshaders removed
WARNING: Shader Did you use #pragma only_renderers and omit this platform?
WARNING: Shader If subshaders removal was intentional, you may have forgotten turning Fallback off?
WARNING: Shader Unsupported: 'Simulation/Standard Lit' - All subshaders removed
WARNING: Shader Did you use #pragma only_renderers and omit this platform?
WARNING: Shader If subshaders removal was intentional, you may have forgotten turning Fallback off?
WARNING: Shader Unsupported: 'Simulation/Standard Lit' - All subshaders removed
WARNING: Shader Did you use #pragma only_renderers and omit this platform?
WARNING: Shader If subshaders removal was intentional, you may have forgotten turning Fallback off?
WARNING: Shader Unsupported: 'Hidden/Simulation/Synthetic Lit' - All subshaders removed
WARNING: Shader Did you use #pragma only_renderers and omit this platform?
WARNING: Shader If subshaders removal was intentional, you may have forgotten turning Fallback off?
WARNING: Shader Unsupported: 'Hidden/Simulation/Synthetic Lit' - All subshaders removed
WARNING: Shader Did you use #pragma only_renderers and omit this platform?
WARNING: Shader If subshaders removal was intentional, you may have forgotten turning Fallback off?
WARNING: Shader Unsupported: 'Simulation/URP/Room X-Ray' - All subshaders removed
WARNING: Shader Did you use #pragma only_renderers and omit this platform?
WARNING: Shader If subshaders removal was intentional, you may have forgotten turning Fallback off?
WARNING: Shader Unsupported: 'Simulation/URP/Room X-Ray' - All subshaders removed
WARNING: Shader Did you use #pragma only_renderers and omit this platform?
WARNING: Shader If subshaders removal was intentional, you may have forgotten turning Fallback off?
WARNING: Shader Unsupported: 'Simulation/Room X-Ray' - All subshaders removed
WARNING: Shader Did you use #pragma only_renderers and omit this platform?
WARNING: Shader If subshaders removal was intentional, you may have forgotten turning Fallback off?
WARNING: Shader Unsupported: 'Simulation/Room X-Ray' - All subshaders removed
WARNING: Shader Did you use #pragma only_renderers and omit this platform?
WARNING: Shader If subshaders removal was intentional, you may have forgotten turning Fallback off?
WARNING: Shader Unsupported: 'Simulation/URP/Lit' - All subshaders removed
WARNING: Shader Did you use #pragma only_renderers and omit this platform?
WARNING: Shader If subshaders removal was intentional, you may have forgotten turning Fallback off?
WARNING: Shader Unsupported: 'Simulation/URP/Lit' - All subshaders removed
WARNING: Shader Did you use #pragma only_renderers and omit this platform?
WARNING: Shader If subshaders removal was intentional, you may have forgotten turning Fallback off?
Refreshing native plugins compatible for Editor in 40.35 ms, found 19 plugins.
Preloading 2 native plugins for Editor in 0.21 ms.
Unloading 23 Unused Serialized files (Serialized files now loaded: 0)
Unloading 9113 unused Assets / (8.8 MB). Loaded Objects now: 9944.
Memory consumption went from 222.8 MB to 214.1 MB.
Total: 13.247600 ms (FindLiveObjects: 0.686100 ms CreateObjectMapping: 0.622700 ms MarkObjects: 7.695600 ms  DeleteObjects: 4.241800 ms)

Prepare: number of updated asset objects reloaded= 0
========================================================================
Received Import Request.
  Time since last request: 4564.962482 seconds.
  path: Assets/00_Project/GeneratedCharacters/mocking/character/Materials/npc_3.mat
  artifactKey: Guid(f25a25db2b4b04d4ab9e347d9a8b2c76) Importer(815301076,1909f56bfc062723c751e8b465ee728b)
Start importing Assets/00_Project/GeneratedCharacters/mocking/character/Materials/npc_3.mat using Guid(f25a25db2b4b04d4ab9e347d9a8b2c76) Importer(815301076,1909f56bfc062723c751e8b465ee728b) (PreviewImporter) -> (artifact id: 'bf2475850b490ada3fc340e2c0810942') in 0.701343 seconds
Number of updated asset objects reloaded before import = 0Number of asset objects unloaded after import = 3

========================================================================
Received Import Request.
  Time since last request: 82.496039 seconds.
  path: Assets/00_Project/GeneratedCharacters/mocking/character/npc_3_rigged.fbm/NormalGL_111859aa-2ec1-4eb6-9b3f-6a4153623a42.jpg
  artifactKey: Guid(e19a21a20e6adcf478ad20c447539190) Importer(815301076,1909f56bfc062723c751e8b465ee728b)
Start importing Assets/00_Project/GeneratedCharacters/mocking/character/npc_3_rigged.fbm/NormalGL_111859aa-2ec1-4eb6-9b3f-6a4153623a42.jpg using Guid(e19a21a20e6adcf478ad20c447539190) Importer(815301076,1909f56bfc062723c751e8b465ee728b) (PreviewImporter) -> (artifact id: '00000000000000000000000000000000') in 0.0517318 seconds
Import Error Code:(4)
Message: Build asset version error: assets/00_project/generatedcharacters/mocking/character/npc_3_rigged.fbm/normalgl_111859aa-2ec1-4eb6-9b3f-6a4153623a42.jpg in SourceAssetDB has modification time of '2026-05-26T15:23:32.693301Z' while content on disk has modification time of '2026-05-26T15:24:44.1103553Z'
  ERROR: Build asset version error: assets/00_project/generatedcharacters/mocking/character/npc_3_rigged.fbm/normalgl_111859aa-2ec1-4eb6-9b3f-6a4153623a42.jpg in SourceAssetDB has modification time of '2026-05-26T15:23:32.693301Z' while content on disk has modification time of '2026-05-26T15:24:44.1103553Z'
Number of updated asset objects reloaded before import = 0Number of asset objects unloaded after import = 0

========================================================================
Received Import Request.
  Time since last request: 0.000037 seconds.
  path: Assets/00_Project/GeneratedCharacters/mocking/character/npc_3_rigged.fbm/Color_111859aa-2ec1-4eb6-9b3f-6a4153623a42.jpg
  artifactKey: Guid(10a4a4cdb3bcfac4c9f807f6798deb88) Importer(815301076,1909f56bfc062723c751e8b465ee728b)
Start importing Assets/00_Project/GeneratedCharacters/mocking/character/npc_3_rigged.fbm/Color_111859aa-2ec1-4eb6-9b3f-6a4153623a42.jpg using Guid(10a4a4cdb3bcfac4c9f807f6798deb88) Importer(815301076,1909f56bfc062723c751e8b465ee728b) (PreviewImporter) -> (artifact id: '00000000000000000000000000000000') in 0.0318577 seconds
Import Error Code:(4)
Message: Build asset version error: assets/00_project/generatedcharacters/mocking/character/npc_3_rigged.fbm/color_111859aa-2ec1-4eb6-9b3f-6a4153623a42.jpg in SourceAssetDB has modification time of '2026-05-26T15:23:32.6923037Z' while content on disk has modification time of '2026-05-26T15:24:44.1103553Z'
  ERROR: Build asset version error: assets/00_project/generatedcharacters/mocking/character/npc_3_rigged.fbm/color_111859aa-2ec1-4eb6-9b3f-6a4153623a42.jpg in SourceAssetDB has modification time of '2026-05-26T15:23:32.6923037Z' while content on disk has modification time of '2026-05-26T15:24:44.1103553Z'
Number of updated asset objects reloaded before import = 0Number of asset objects unloaded after import = 0

========================================================================
Received Import Request.
  Time since last request: 0.000026 seconds.
  path: Assets/00_Project/GeneratedCharacters/mocking/character/npc_3_rigged.fbm/temp_ORM_111859aa-2ec1-4eb6-9b3f-6a4153623a42_Metallic.jpg
  artifactKey: Guid(6095e6e900acffe45a3da568f0a57422) Importer(815301076,1909f56bfc062723c751e8b465ee728b)
Start importing Assets/00_Project/GeneratedCharacters/mocking/character/npc_3_rigged.fbm/temp_ORM_111859aa-2ec1-4eb6-9b3f-6a4153623a42_Metallic.jpg using Guid(6095e6e900acffe45a3da568f0a57422) Importer(815301076,1909f56bfc062723c751e8b465ee728b) (PreviewImporter) -> (artifact id: '00000000000000000000000000000000') in 0.0310463 seconds
Import Error Code:(4)
Message: Build asset version error: assets/00_project/generatedcharacters/mocking/character/npc_3_rigged.fbm/temp_orm_111859aa-2ec1-4eb6-9b3f-6a4153623a42_metallic.jpg in SourceAssetDB has modification time of '2026-05-26T15:23:32.6963018Z' while content on disk has modification time of '2026-05-26T15:24:44.1133605Z'
  ERROR: Build asset version error: assets/00_project/generatedcharacters/mocking/character/npc_3_rigged.fbm/temp_orm_111859aa-2ec1-4eb6-9b3f-6a4153623a42_metallic.jpg in SourceAssetDB has modification time of '2026-05-26T15:23:32.6963018Z' while content on disk has modification time of '2026-05-26T15:24:44.1133605Z'
Number of updated asset objects reloaded before import = 0Number of asset objects unloaded after import = 0

========================================================================
Received Import Request.
  Time since last request: 0.000021 seconds.
  path: Assets/00_Project/GeneratedCharacters/mocking/character/npc_3_rigged.fbm/temp_ORM_111859aa-2ec1-4eb6-9b3f-6a4153623a42_Roughness.jpg
  artifactKey: Guid(58d39ca4cc3414e42be20fc44c5f04de) Importer(815301076,1909f56bfc062723c751e8b465ee728b)
Start importing Assets/00_Project/GeneratedCharacters/mocking/character/npc_3_rigged.fbm/temp_ORM_111859aa-2ec1-4eb6-9b3f-6a4153623a42_Roughness.jpg using Guid(58d39ca4cc3414e42be20fc44c5f04de) Importer(815301076,1909f56bfc062723c751e8b465ee728b) (PreviewImporter) -> (artifact id: '00000000000000000000000000000000') in 0.0284763 seconds
Import Error Code:(4)
Message: Build asset version error: assets/00_project/generatedcharacters/mocking/character/npc_3_rigged.fbm/temp_orm_111859aa-2ec1-4eb6-9b3f-6a4153623a42_roughness.jpg in SourceAssetDB has modification time of '2026-05-26T15:23:32.6947991Z' while content on disk has modification time of '2026-05-26T15:24:44.1118576Z'
  ERROR: Build asset version error: assets/00_project/generatedcharacters/mocking/character/npc_3_rigged.fbm/temp_orm_111859aa-2ec1-4eb6-9b3f-6a4153623a42_roughness.jpg in SourceAssetDB has modification time of '2026-05-26T15:23:32.6947991Z' while content on disk has modification time of '2026-05-26T15:24:44.1118576Z'
Number of updated asset objects reloaded before import = 0Number of asset objects unloaded after import = 0

========================================================================
Received Import Request.
  Time since last request: 0.000017 seconds.
  path: Assets/00_Project/GeneratedCharacters/mocking/character/npc_3_rigged.fbm/temp_ORM_111859aa-2ec1-4eb6-9b3f-6a4153623a42_Metallic.jpg
  artifactKey: Guid(6095e6e900acffe45a3da568f0a57422) Importer(815301076,1909f56bfc062723c751e8b465ee728b)
Start importing Assets/00_Project/GeneratedCharacters/mocking/character/npc_3_rigged.fbm/temp_ORM_111859aa-2ec1-4eb6-9b3f-6a4153623a42_Metallic.jpg using Guid(6095e6e900acffe45a3da568f0a57422) Importer(815301076,1909f56bfc062723c751e8b465ee728b) (PreviewImporter) -> (artifact id: '00000000000000000000000000000000') in 0.0301251 seconds
Import Error Code:(4)
Message: Build asset version error: assets/00_project/generatedcharacters/mocking/character/npc_3_rigged.fbm/temp_orm_111859aa-2ec1-4eb6-9b3f-6a4153623a42_metallic.jpg in SourceAssetDB has modification time of '2026-05-26T15:23:32.6963018Z' while content on disk has modification time of '2026-05-26T15:24:44.1133605Z'
  ERROR: Build asset version error: assets/00_project/generatedcharacters/mocking/character/npc_3_rigged.fbm/temp_orm_111859aa-2ec1-4eb6-9b3f-6a4153623a42_metallic.jpg in SourceAssetDB has modification time of '2026-05-26T15:23:32.6963018Z' while content on disk has modification time of '2026-05-26T15:24:44.1133605Z'
Number of updated asset objects reloaded before import = 0Number of asset objects unloaded after import = 0

========================================================================
Received Import Request.
  Time since last request: 0.000020 seconds.
  path: Assets/00_Project/GeneratedCharacters/mocking/character/npc_3_rigged.fbm/temp_ORM_111859aa-2ec1-4eb6-9b3f-6a4153623a42_Roughness.jpg
  artifactKey: Guid(58d39ca4cc3414e42be20fc44c5f04de) Importer(815301076,1909f56bfc062723c751e8b465ee728b)
Start importing Assets/00_Project/GeneratedCharacters/mocking/character/npc_3_rigged.fbm/temp_ORM_111859aa-2ec1-4eb6-9b3f-6a4153623a42_Roughness.jpg using Guid(58d39ca4cc3414e42be20fc44c5f04de) Importer(815301076,1909f56bfc062723c751e8b465ee728b) (PreviewImporter) -> (artifact id: '00000000000000000000000000000000') in 0.0301387 seconds
Import Error Code:(4)
Message: Build asset version error: assets/00_project/generatedcharacters/mocking/character/npc_3_rigged.fbm/temp_orm_111859aa-2ec1-4eb6-9b3f-6a4153623a42_roughness.jpg in SourceAssetDB has modification time of '2026-05-26T15:23:32.6947991Z' while content on disk has modification time of '2026-05-26T15:24:44.1118576Z'
  ERROR: Build asset version error: assets/00_project/generatedcharacters/mocking/character/npc_3_rigged.fbm/temp_orm_111859aa-2ec1-4eb6-9b3f-6a4153623a42_roughness.jpg in SourceAssetDB has modification time of '2026-05-26T15:23:32.6947991Z' while content on disk has modification time of '2026-05-26T15:24:44.1118576Z'
Number of updated asset objects reloaded before import = 0Number of asset objects unloaded after import = 0

========================================================================
Received Import Request.
  Time since last request: 0.000027 seconds.
  path: Assets/00_Project/GeneratedCharacters/mocking/character/npc_3_rigged.fbm/temp_ORM_111859aa-2ec1-4eb6-9b3f-6a4153623a42_Metallic.jpg
  artifactKey: Guid(6095e6e900acffe45a3da568f0a57422) Importer(815301076,1909f56bfc062723c751e8b465ee728b)
Start importing Assets/00_Project/GeneratedCharacters/mocking/character/npc_3_rigged.fbm/temp_ORM_111859aa-2ec1-4eb6-9b3f-6a4153623a42_Metallic.jpg using Guid(6095e6e900acffe45a3da568f0a57422) Importer(815301076,1909f56bfc062723c751e8b465ee728b) (PreviewImporter) -> (artifact id: '00000000000000000000000000000000') in 0.0294358 seconds
Import Error Code:(4)
Message: Build asset version error: assets/00_project/generatedcharacters/mocking/character/npc_3_rigged.fbm/temp_orm_111859aa-2ec1-4eb6-9b3f-6a4153623a42_metallic.jpg in SourceAssetDB has modification time of '2026-05-26T15:23:32.6963018Z' while content on disk has modification time of '2026-05-26T15:24:44.1133605Z'
  ERROR: Build asset version error: assets/00_project/generatedcharacters/mocking/character/npc_3_rigged.fbm/temp_orm_111859aa-2ec1-4eb6-9b3f-6a4153623a42_metallic.jpg in SourceAssetDB has modification time of '2026-05-26T15:23:32.6963018Z' while content on disk has modification time of '2026-05-26T15:24:44.1133605Z'
Number of updated asset objects reloaded before import = 0Number of asset objects unloaded after import = 0

========================================================================
Received Import Request.
  Time since last request: 0.000019 seconds.
  path: Assets/00_Project/GeneratedCharacters/mocking/character/npc_3_rigged.fbm/temp_ORM_111859aa-2ec1-4eb6-9b3f-6a4153623a42_Roughness.jpg
  artifactKey: Guid(58d39ca4cc3414e42be20fc44c5f04de) Importer(815301076,1909f56bfc062723c751e8b465ee728b)
Start importing Assets/00_Project/GeneratedCharacters/mocking/character/npc_3_rigged.fbm/temp_ORM_111859aa-2ec1-4eb6-9b3f-6a4153623a42_Roughness.jpg using Guid(58d39ca4cc3414e42be20fc44c5f04de) Importer(815301076,1909f56bfc062723c751e8b465ee728b) (PreviewImporter) -> (artifact id: '00000000000000000000000000000000') in 0.0283305 seconds
Import Error Code:(4)
Message: Build asset version error: assets/00_project/generatedcharacters/mocking/character/npc_3_rigged.fbm/temp_orm_111859aa-2ec1-4eb6-9b3f-6a4153623a42_roughness.jpg in SourceAssetDB has modification time of '2026-05-26T15:23:32.6947991Z' while content on disk has modification time of '2026-05-26T15:24:44.1118576Z'
  ERROR: Build asset version error: assets/00_project/generatedcharacters/mocking/character/npc_3_rigged.fbm/temp_orm_111859aa-2ec1-4eb6-9b3f-6a4153623a42_roughness.jpg in SourceAssetDB has modification time of '2026-05-26T15:23:32.6947991Z' while content on disk has modification time of '2026-05-26T15:24:44.1118576Z'
Number of updated asset objects reloaded before import = 0Number of asset objects unloaded after import = 0

========================================================================
Received Import Request.
  Time since last request: 0.000023 seconds.
  path: Assets/00_Project/GeneratedCharacters/mocking/character/npc_3_rigged.fbm/Color_111859aa-2ec1-4eb6-9b3f-6a4153623a42.jpg
  artifactKey: Guid(10a4a4cdb3bcfac4c9f807f6798deb88) Importer(815301076,1909f56bfc062723c751e8b465ee728b)
Start importing Assets/00_Project/GeneratedCharacters/mocking/character/npc_3_rigged.fbm/Color_111859aa-2ec1-4eb6-9b3f-6a4153623a42.jpg using Guid(10a4a4cdb3bcfac4c9f807f6798deb88) Importer(815301076,1909f56bfc062723c751e8b465ee728b) (PreviewImporter) -> (artifact id: '00000000000000000000000000000000') in 0.0296376 seconds
Import Error Code:(4)
Message: Build asset version error: assets/00_project/generatedcharacters/mocking/character/npc_3_rigged.fbm/color_111859aa-2ec1-4eb6-9b3f-6a4153623a42.jpg in SourceAssetDB has modification time of '2026-05-26T15:23:32.6923037Z' while content on disk has modification time of '2026-05-26T15:24:44.1103553Z'
  ERROR: Build asset version error: assets/00_project/generatedcharacters/mocking/character/npc_3_rigged.fbm/color_111859aa-2ec1-4eb6-9b3f-6a4153623a42.jpg in SourceAssetDB has modification time of '2026-05-26T15:23:32.6923037Z' while content on disk has modification time of '2026-05-26T15:24:44.1103553Z'
Number of updated asset objects reloaded before import = 0Number of asset objects unloaded after import = 0

========================================================================
Received Import Request.
  Time since last request: 0.000022 seconds.
  path: Assets/00_Project/GeneratedCharacters/mocking/character/npc_3_rigged.fbm/temp_ORM_111859aa-2ec1-4eb6-9b3f-6a4153623a42_Metallic.jpg
  artifactKey: Guid(6095e6e900acffe45a3da568f0a57422) Importer(815301076,1909f56bfc062723c751e8b465ee728b)
Start importing Assets/00_Project/GeneratedCharacters/mocking/character/npc_3_rigged.fbm/temp_ORM_111859aa-2ec1-4eb6-9b3f-6a4153623a42_Metallic.jpg using Guid(6095e6e900acffe45a3da568f0a57422) Importer(815301076,1909f56bfc062723c751e8b465ee728b) (PreviewImporter) -> (artifact id: '00000000000000000000000000000000') in 0.0309431 seconds
Import Error Code:(4)
Message: Build asset version error: assets/00_project/generatedcharacters/mocking/character/npc_3_rigged.fbm/temp_orm_111859aa-2ec1-4eb6-9b3f-6a4153623a42_metallic.jpg in SourceAssetDB has modification time of '2026-05-26T15:23:32.6963018Z' while content on disk has modification time of '2026-05-26T15:24:44.1133605Z'
  ERROR: Build asset version error: assets/00_project/generatedcharacters/mocking/character/npc_3_rigged.fbm/temp_orm_111859aa-2ec1-4eb6-9b3f-6a4153623a42_metallic.jpg in SourceAssetDB has modification time of '2026-05-26T15:23:32.6963018Z' while content on disk has modification time of '2026-05-26T15:24:44.1133605Z'
Number of updated asset objects reloaded before import = 0Number of asset objects unloaded after import = 0

========================================================================
Received Import Request.
  Time since last request: 0.000028 seconds.
  path: Assets/00_Project/GeneratedCharacters/mocking/character/npc_3_rigged.fbm/Color_111859aa-2ec1-4eb6-9b3f-6a4153623a42.jpg
  artifactKey: Guid(10a4a4cdb3bcfac4c9f807f6798deb88) Importer(815301076,1909f56bfc062723c751e8b465ee728b)
Start importing Assets/00_Project/GeneratedCharacters/mocking/character/npc_3_rigged.fbm/Color_111859aa-2ec1-4eb6-9b3f-6a4153623a42.jpg using Guid(10a4a4cdb3bcfac4c9f807f6798deb88) Importer(815301076,1909f56bfc062723c751e8b465ee728b) (PreviewImporter) -> (artifact id: '00000000000000000000000000000000') in 0.0297895 seconds
Import Error Code:(4)
Message: Build asset version error: assets/00_project/generatedcharacters/mocking/character/npc_3_rigged.fbm/color_111859aa-2ec1-4eb6-9b3f-6a4153623a42.jpg in SourceAssetDB has modification time of '2026-05-26T15:23:32.6923037Z' while content on disk has modification time of '2026-05-26T15:24:44.1103553Z'
  ERROR: Build asset version error: assets/00_project/generatedcharacters/mocking/character/npc_3_rigged.fbm/color_111859aa-2ec1-4eb6-9b3f-6a4153623a42.jpg in SourceAssetDB has modification time of '2026-05-26T15:23:32.6923037Z' while content on disk has modification time of '2026-05-26T15:24:44.1103553Z'
Number of updated asset objects reloaded before import = 0Number of asset objects unloaded after import = 0

========================================================================
Received Import Request.
  Time since last request: 0.000018 seconds.
  path: Assets/00_Project/GeneratedCharacters/mocking/character/npc_3_rigged.fbm/temp_ORM_111859aa-2ec1-4eb6-9b3f-6a4153623a42_Roughness.jpg
  artifactKey: Guid(58d39ca4cc3414e42be20fc44c5f04de) Importer(815301076,1909f56bfc062723c751e8b465ee728b)
Start importing Assets/00_Project/GeneratedCharacters/mocking/character/npc_3_rigged.fbm/temp_ORM_111859aa-2ec1-4eb6-9b3f-6a4153623a42_Roughness.jpg using Guid(58d39ca4cc3414e42be20fc44c5f04de) Importer(815301076,1909f56bfc062723c751e8b465ee728b) (PreviewImporter) -> (artifact id: '00000000000000000000000000000000') in 0.0299037 seconds
Import Error Code:(4)
Message: Build asset version error: assets/00_project/generatedcharacters/mocking/character/npc_3_rigged.fbm/temp_orm_111859aa-2ec1-4eb6-9b3f-6a4153623a42_roughness.jpg in SourceAssetDB has modification time of '2026-05-26T15:23:32.6947991Z' while content on disk has modification time of '2026-05-26T15:24:44.1118576Z'
  ERROR: Build asset version error: assets/00_project/generatedcharacters/mocking/character/npc_3_rigged.fbm/temp_orm_111859aa-2ec1-4eb6-9b3f-6a4153623a42_roughness.jpg in SourceAssetDB has modification time of '2026-05-26T15:23:32.6947991Z' while content on disk has modification time of '2026-05-26T15:24:44.1118576Z'
Number of updated asset objects reloaded before import = 0Number of asset objects unloaded after import = 0

========================================================================
Received Import Request.
  Time since last request: 0.000017 seconds.
  path: Assets/00_Project/GeneratedCharacters/mocking/character/npc_3_rigged.fbm/NormalGL_111859aa-2ec1-4eb6-9b3f-6a4153623a42.jpg
  artifactKey: Guid(e19a21a20e6adcf478ad20c447539190) Importer(815301076,1909f56bfc062723c751e8b465ee728b)
Start importing Assets/00_Project/GeneratedCharacters/mocking/character/npc_3_rigged.fbm/NormalGL_111859aa-2ec1-4eb6-9b3f-6a4153623a42.jpg using Guid(e19a21a20e6adcf478ad20c447539190) Importer(815301076,1909f56bfc062723c751e8b465ee728b) (PreviewImporter) -> (artifact id: '00000000000000000000000000000000') in 0.0283248 seconds
Import Error Code:(4)
Message: Build asset version error: assets/00_project/generatedcharacters/mocking/character/npc_3_rigged.fbm/normalgl_111859aa-2ec1-4eb6-9b3f-6a4153623a42.jpg in SourceAssetDB has modification time of '2026-05-26T15:23:32.693301Z' while content on disk has modification time of '2026-05-26T15:24:44.1103553Z'
  ERROR: Build asset version error: assets/00_project/generatedcharacters/mocking/character/npc_3_rigged.fbm/normalgl_111859aa-2ec1-4eb6-9b3f-6a4153623a42.jpg in SourceAssetDB has modification time of '2026-05-26T15:23:32.693301Z' while content on disk has modification time of '2026-05-26T15:24:44.1103553Z'
Number of updated asset objects reloaded before import = 0Number of asset objects unloaded after import = 0

========================================================================
Received Import Request.
  Time since last request: 0.000022 seconds.
  path: Assets/00_Project/GeneratedCharacters/mocking/character/npc_3_rigged.fbm/temp_ORM_111859aa-2ec1-4eb6-9b3f-6a4153623a42_Metallic.jpg
  artifactKey: Guid(6095e6e900acffe45a3da568f0a57422) Importer(815301076,1909f56bfc062723c751e8b465ee728b)
Start importing Assets/00_Project/GeneratedCharacters/mocking/character/npc_3_rigged.fbm/temp_ORM_111859aa-2ec1-4eb6-9b3f-6a4153623a42_Metallic.jpg using Guid(6095e6e900acffe45a3da568f0a57422) Importer(815301076,1909f56bfc062723c751e8b465ee728b) (PreviewImporter) -> (artifact id: '00000000000000000000000000000000') in 0.030177 seconds
Import Error Code:(4)
Message: Build asset version error: assets/00_project/generatedcharacters/mocking/character/npc_3_rigged.fbm/temp_orm_111859aa-2ec1-4eb6-9b3f-6a4153623a42_metallic.jpg in SourceAssetDB has modification time of '2026-05-26T15:23:32.6963018Z' while content on disk has modification time of '2026-05-26T15:24:44.1133605Z'
  ERROR: Build asset version error: assets/00_project/generatedcharacters/mocking/character/npc_3_rigged.fbm/temp_orm_111859aa-2ec1-4eb6-9b3f-6a4153623a42_metallic.jpg in SourceAssetDB has modification time of '2026-05-26T15:23:32.6963018Z' while content on disk has modification time of '2026-05-26T15:24:44.1133605Z'
Number of updated asset objects reloaded before import = 0Number of asset objects unloaded after import = 0

========================================================================
Received Import Request.
  Time since last request: 0.000026 seconds.
  path: Assets/00_Project/GeneratedCharacters/mocking/character/npc_3_rigged.fbm/NormalGL_111859aa-2ec1-4eb6-9b3f-6a4153623a42.jpg
  artifactKey: Guid(e19a21a20e6adcf478ad20c447539190) Importer(815301076,1909f56bfc062723c751e8b465ee728b)
Start importing Assets/00_Project/GeneratedCharacters/mocking/character/npc_3_rigged.fbm/NormalGL_111859aa-2ec1-4eb6-9b3f-6a4153623a42.jpg using Guid(e19a21a20e6adcf478ad20c447539190) Importer(815301076,1909f56bfc062723c751e8b465ee728b) (PreviewImporter) -> (artifact id: '00000000000000000000000000000000') in 0.0301656 seconds
Import Error Code:(4)
Message: Build asset version error: assets/00_project/generatedcharacters/mocking/character/npc_3_rigged.fbm/normalgl_111859aa-2ec1-4eb6-9b3f-6a4153623a42.jpg in SourceAssetDB has modification time of '2026-05-26T15:23:32.693301Z' while content on disk has modification time of '2026-05-26T15:24:44.1103553Z'
  ERROR: Build asset version error: assets/00_project/generatedcharacters/mocking/character/npc_3_rigged.fbm/normalgl_111859aa-2ec1-4eb6-9b3f-6a4153623a42.jpg in SourceAssetDB has modification time of '2026-05-26T15:23:32.693301Z' while content on disk has modification time of '2026-05-26T15:24:44.1103553Z'
Number of updated asset objects reloaded before import = 0Number of asset objects unloaded after import = 0

========================================================================
Received Import Request.
  Time since last request: 0.000019 seconds.
  path: Assets/00_Project/GeneratedCharacters/mocking/character/npc_3_rigged.fbm/Color_111859aa-2ec1-4eb6-9b3f-6a4153623a42.jpg
  artifactKey: Guid(10a4a4cdb3bcfac4c9f807f6798deb88) Importer(815301076,1909f56bfc062723c751e8b465ee728b)
Start importing Assets/00_Project/GeneratedCharacters/mocking/character/npc_3_rigged.fbm/Color_111859aa-2ec1-4eb6-9b3f-6a4153623a42.jpg using Guid(10a4a4cdb3bcfac4c9f807f6798deb88) Importer(815301076,1909f56bfc062723c751e8b465ee728b) (PreviewImporter) -> (artifact id: '00000000000000000000000000000000') in 0.0289491 seconds
Import Error Code:(4)
Message: Build asset version error: assets/00_project/generatedcharacters/mocking/character/npc_3_rigged.fbm/color_111859aa-2ec1-4eb6-9b3f-6a4153623a42.jpg in SourceAssetDB has modification time of '2026-05-26T15:23:32.6923037Z' while content on disk has modification time of '2026-05-26T15:24:44.1103553Z'
  ERROR: Build asset version error: assets/00_project/generatedcharacters/mocking/character/npc_3_rigged.fbm/color_111859aa-2ec1-4eb6-9b3f-6a4153623a42.jpg in SourceAssetDB has modification time of '2026-05-26T15:23:32.6923037Z' while content on disk has modification time of '2026-05-26T15:24:44.1103553Z'
Number of updated asset objects reloaded before import = 0Number of asset objects unloaded after import = 0

========================================================================
Received Import Request.
  Time since last request: 0.000018 seconds.
  path: Assets/00_Project/GeneratedCharacters/mocking/character/npc_3_rigged.fbm/NormalGL_111859aa-2ec1-4eb6-9b3f-6a4153623a42.jpg
  artifactKey: Guid(e19a21a20e6adcf478ad20c447539190) Importer(815301076,1909f56bfc062723c751e8b465ee728b)
Start importing Assets/00_Project/GeneratedCharacters/mocking/character/npc_3_rigged.fbm/NormalGL_111859aa-2ec1-4eb6-9b3f-6a4153623a42.jpg using Guid(e19a21a20e6adcf478ad20c447539190) Importer(815301076,1909f56bfc062723c751e8b465ee728b) (PreviewImporter) -> (artifact id: '00000000000000000000000000000000') in 0.0296098 seconds
Import Error Code:(4)
Message: Build asset version error: assets/00_project/generatedcharacters/mocking/character/npc_3_rigged.fbm/normalgl_111859aa-2ec1-4eb6-9b3f-6a4153623a42.jpg in SourceAssetDB has modification time of '2026-05-26T15:23:32.693301Z' while content on disk has modification time of '2026-05-26T15:24:44.1103553Z'
  ERROR: Build asset version error: assets/00_project/generatedcharacters/mocking/character/npc_3_rigged.fbm/normalgl_111859aa-2ec1-4eb6-9b3f-6a4153623a42.jpg in SourceAssetDB has modification time of '2026-05-26T15:23:32.693301Z' while content on disk has modification time of '2026-05-26T15:24:44.1103553Z'
Number of updated asset objects reloaded before import = 0Number of asset objects unloaded after import = 0

========================================================================
Received Import Request.
  Time since last request: 0.000025 seconds.
  path: Assets/00_Project/GeneratedCharacters/mocking/character/npc_3_rigged.fbm/Color_111859aa-2ec1-4eb6-9b3f-6a4153623a42.jpg
  artifactKey: Guid(10a4a4cdb3bcfac4c9f807f6798deb88) Importer(815301076,1909f56bfc062723c751e8b465ee728b)
Start importing Assets/00_Project/GeneratedCharacters/mocking/character/npc_3_rigged.fbm/Color_111859aa-2ec1-4eb6-9b3f-6a4153623a42.jpg using Guid(10a4a4cdb3bcfac4c9f807f6798deb88) Importer(815301076,1909f56bfc062723c751e8b465ee728b) (PreviewImporter) -> (artifact id: '00000000000000000000000000000000') in 0.0292032 seconds
Import Error Code:(4)
Message: Build asset version error: assets/00_project/generatedcharacters/mocking/character/npc_3_rigged.fbm/color_111859aa-2ec1-4eb6-9b3f-6a4153623a42.jpg in SourceAssetDB has modification time of '2026-05-26T15:23:32.6923037Z' while content on disk has modification time of '2026-05-26T15:24:44.1103553Z'
  ERROR: Build asset version error: assets/00_project/generatedcharacters/mocking/character/npc_3_rigged.fbm/color_111859aa-2ec1-4eb6-9b3f-6a4153623a42.jpg in SourceAssetDB has modification time of '2026-05-26T15:23:32.6923037Z' while content on disk has modification time of '2026-05-26T15:24:44.1103553Z'
Number of updated asset objects reloaded before import = 0Number of asset objects unloaded after import = 0

========================================================================
Received Import Request.
  Time since last request: 0.000025 seconds.
  path: Assets/00_Project/GeneratedCharacters/mocking/character/npc_3_rigged.fbm/temp_ORM_111859aa-2ec1-4eb6-9b3f-6a4153623a42_Metallic.jpg
  artifactKey: Guid(6095e6e900acffe45a3da568f0a57422) Importer(815301076,1909f56bfc062723c751e8b465ee728b)
Start importing Assets/00_Project/GeneratedCharacters/mocking/character/npc_3_rigged.fbm/temp_ORM_111859aa-2ec1-4eb6-9b3f-6a4153623a42_Metallic.jpg using Guid(6095e6e900acffe45a3da568f0a57422) Importer(815301076,1909f56bfc062723c751e8b465ee728b) (PreviewImporter) -> (artifact id: '00000000000000000000000000000000') in 0.030556 seconds
Import Error Code:(4)
Message: Build asset version error: assets/00_project/generatedcharacters/mocking/character/npc_3_rigged.fbm/temp_orm_111859aa-2ec1-4eb6-9b3f-6a4153623a42_metallic.jpg in SourceAssetDB has modification time of '2026-05-26T15:23:32.6963018Z' while content on disk has modification time of '2026-05-26T15:24:44.1133605Z'
  ERROR: Build asset version error: assets/00_project/generatedcharacters/mocking/character/npc_3_rigged.fbm/temp_orm_111859aa-2ec1-4eb6-9b3f-6a4153623a42_metallic.jpg in SourceAssetDB has modification time of '2026-05-26T15:23:32.6963018Z' while content on disk has modification time of '2026-05-26T15:24:44.1133605Z'
Number of updated asset objects reloaded before import = 0Number of asset objects unloaded after import = 0

========================================================================
Received Import Request.
  Time since last request: 0.000016 seconds.
  path: Assets/00_Project/GeneratedCharacters/mocking/character/npc_3_rigged.fbm/temp_ORM_111859aa-2ec1-4eb6-9b3f-6a4153623a42_Roughness.jpg
  artifactKey: Guid(58d39ca4cc3414e42be20fc44c5f04de) Importer(815301076,1909f56bfc062723c751e8b465ee728b)
Start importing Assets/00_Project/GeneratedCharacters/mocking/character/npc_3_rigged.fbm/temp_ORM_111859aa-2ec1-4eb6-9b3f-6a4153623a42_Roughness.jpg using Guid(58d39ca4cc3414e42be20fc44c5f04de) Importer(815301076,1909f56bfc062723c751e8b465ee728b) (PreviewImporter) -> (artifact id: '00000000000000000000000000000000') in 0.0287515 seconds
Import Error Code:(4)
Message: Build asset version error: assets/00_project/generatedcharacters/mocking/character/npc_3_rigged.fbm/temp_orm_111859aa-2ec1-4eb6-9b3f-6a4153623a42_roughness.jpg in SourceAssetDB has modification time of '2026-05-26T15:23:32.6947991Z' while content on disk has modification time of '2026-05-26T15:24:44.1118576Z'
  ERROR: Build asset version error: assets/00_project/generatedcharacters/mocking/character/npc_3_rigged.fbm/temp_orm_111859aa-2ec1-4eb6-9b3f-6a4153623a42_roughness.jpg in SourceAssetDB has modification time of '2026-05-26T15:23:32.6947991Z' while content on disk has modification time of '2026-05-26T15:24:44.1118576Z'
Number of updated asset objects reloaded before import = 0Number of asset objects unloaded after import = 0

========================================================================
Received Import Request.
  Time since last request: 0.000017 seconds.
  path: Assets/00_Project/GeneratedCharacters/mocking/character/npc_3_rigged.fbm/NormalGL_111859aa-2ec1-4eb6-9b3f-6a4153623a42.jpg
  artifactKey: Guid(e19a21a20e6adcf478ad20c447539190) Importer(815301076,1909f56bfc062723c751e8b465ee728b)
Start importing Assets/00_Project/GeneratedCharacters/mocking/character/npc_3_rigged.fbm/NormalGL_111859aa-2ec1-4eb6-9b3f-6a4153623a42.jpg using Guid(e19a21a20e6adcf478ad20c447539190) Importer(815301076,1909f56bfc062723c751e8b465ee728b) (PreviewImporter) -> (artifact id: '00000000000000000000000000000000') in 0.0295275 seconds
Import Error Code:(4)
Message: Build asset version error: assets/00_project/generatedcharacters/mocking/character/npc_3_rigged.fbm/normalgl_111859aa-2ec1-4eb6-9b3f-6a4153623a42.jpg in SourceAssetDB has modification time of '2026-05-26T15:23:32.693301Z' while content on disk has modification time of '2026-05-26T15:24:44.1103553Z'
  ERROR: Build asset version error: assets/00_project/generatedcharacters/mocking/character/npc_3_rigged.fbm/normalgl_111859aa-2ec1-4eb6-9b3f-6a4153623a42.jpg in SourceAssetDB has modification time of '2026-05-26T15:23:32.693301Z' while content on disk has modification time of '2026-05-26T15:24:44.1103553Z'
Number of updated asset objects reloaded before import = 0Number of asset objects unloaded after import = 0

========================================================================
Received Import Request.
  Time since last request: 0.000020 seconds.
  path: Assets/00_Project/GeneratedCharacters/mocking/character/npc_3_rigged.fbm/temp_ORM_111859aa-2ec1-4eb6-9b3f-6a4153623a42_Roughness.jpg
  artifactKey: Guid(58d39ca4cc3414e42be20fc44c5f04de) Importer(815301076,1909f56bfc062723c751e8b465ee728b)
Start importing Assets/00_Project/GeneratedCharacters/mocking/character/npc_3_rigged.fbm/temp_ORM_111859aa-2ec1-4eb6-9b3f-6a4153623a42_Roughness.jpg using Guid(58d39ca4cc3414e42be20fc44c5f04de) Importer(815301076,1909f56bfc062723c751e8b465ee728b) (PreviewImporter) -> (artifact id: '00000000000000000000000000000000') in 0.0301246 seconds
Import Error Code:(4)
Message: Build asset version error: assets/00_project/generatedcharacters/mocking/character/npc_3_rigged.fbm/temp_orm_111859aa-2ec1-4eb6-9b3f-6a4153623a42_roughness.jpg in SourceAssetDB has modification time of '2026-05-26T15:23:32.6947991Z' while content on disk has modification time of '2026-05-26T15:24:44.1118576Z'
  ERROR: Build asset version error: assets/00_project/generatedcharacters/mocking/character/npc_3_rigged.fbm/temp_orm_111859aa-2ec1-4eb6-9b3f-6a4153623a42_roughness.jpg in SourceAssetDB has modification time of '2026-05-26T15:23:32.6947991Z' while content on disk has modification time of '2026-05-26T15:24:44.1118576Z'
Number of updated asset objects reloaded before import = 0Number of asset objects unloaded after import = 0

========================================================================
Received Import Request.
  Time since last request: 0.000028 seconds.
  path: Assets/00_Project/GeneratedCharacters/mocking/character/npc_3_rigged.fbm/temp_ORM_111859aa-2ec1-4eb6-9b3f-6a4153623a42_Metallic.jpg
  artifactKey: Guid(6095e6e900acffe45a3da568f0a57422) Importer(815301076,1909f56bfc062723c751e8b465ee728b)
Start importing Assets/00_Project/GeneratedCharacters/mocking/character/npc_3_rigged.fbm/temp_ORM_111859aa-2ec1-4eb6-9b3f-6a4153623a42_Metallic.jpg using Guid(6095e6e900acffe45a3da568f0a57422) Importer(815301076,1909f56bfc062723c751e8b465ee728b) (PreviewImporter) -> (artifact id: '00000000000000000000000000000000') in 0.0281529 seconds
Import Error Code:(4)
Message: Build asset version error: assets/00_project/generatedcharacters/mocking/character/npc_3_rigged.fbm/temp_orm_111859aa-2ec1-4eb6-9b3f-6a4153623a42_metallic.jpg in SourceAssetDB has modification time of '2026-05-26T15:23:32.6963018Z' while content on disk has modification time of '2026-05-26T15:24:44.1133605Z'
  ERROR: Build asset version error: assets/00_project/generatedcharacters/mocking/character/npc_3_rigged.fbm/temp_orm_111859aa-2ec1-4eb6-9b3f-6a4153623a42_metallic.jpg in SourceAssetDB has modification time of '2026-05-26T15:23:32.6963018Z' while content on disk has modification time of '2026-05-26T15:24:44.1133605Z'
Number of updated asset objects reloaded before import = 0Number of asset objects unloaded after import = 0

========================================================================
Received Import Request.
  Time since last request: 0.000018 seconds.
  path: Assets/00_Project/GeneratedCharacters/mocking/character/npc_3_rigged.fbm/Color_111859aa-2ec1-4eb6-9b3f-6a4153623a42.jpg
  artifactKey: Guid(10a4a4cdb3bcfac4c9f807f6798deb88) Importer(815301076,1909f56bfc062723c751e8b465ee728b)
Start importing Assets/00_Project/GeneratedCharacters/mocking/character/npc_3_rigged.fbm/Color_111859aa-2ec1-4eb6-9b3f-6a4153623a42.jpg using Guid(10a4a4cdb3bcfac4c9f807f6798deb88) Importer(815301076,1909f56bfc062723c751e8b465ee728b) (PreviewImporter) -> (artifact id: '00000000000000000000000000000000') in 0.030241 seconds
Import Error Code:(4)
Message: Build asset version error: assets/00_project/generatedcharacters/mocking/character/npc_3_rigged.fbm/color_111859aa-2ec1-4eb6-9b3f-6a4153623a42.jpg in SourceAssetDB has modification time of '2026-05-26T15:23:32.6923037Z' while content on disk has modification time of '2026-05-26T15:24:44.1103553Z'
  ERROR: Build asset version error: assets/00_project/generatedcharacters/mocking/character/npc_3_rigged.fbm/color_111859aa-2ec1-4eb6-9b3f-6a4153623a42.jpg in SourceAssetDB has modification time of '2026-05-26T15:23:32.6923037Z' while content on disk has modification time of '2026-05-26T15:24:44.1103553Z'
Number of updated asset objects reloaded before import = 0Number of asset objects unloaded after import = 0

========================================================================
Received Import Request.
  Time since last request: 0.000017 seconds.
  path: Assets/00_Project/GeneratedCharacters/mocking/character/npc_3_rigged.fbm/temp_ORM_111859aa-2ec1-4eb6-9b3f-6a4153623a42_Metallic.jpg
  artifactKey: Guid(6095e6e900acffe45a3da568f0a57422) Importer(815301076,1909f56bfc062723c751e8b465ee728b)
Start importing Assets/00_Project/GeneratedCharacters/mocking/character/npc_3_rigged.fbm/temp_ORM_111859aa-2ec1-4eb6-9b3f-6a4153623a42_Metallic.jpg using Guid(6095e6e900acffe45a3da568f0a57422) Importer(815301076,1909f56bfc062723c751e8b465ee728b) (PreviewImporter) -> (artifact id: '00000000000000000000000000000000') in 0.0296437 seconds
Import Error Code:(4)
Message: Build asset version error: assets/00_project/generatedcharacters/mocking/character/npc_3_rigged.fbm/temp_orm_111859aa-2ec1-4eb6-9b3f-6a4153623a42_metallic.jpg in SourceAssetDB has modification time of '2026-05-26T15:23:32.6963018Z' while content on disk has modification time of '2026-05-26T15:24:44.1133605Z'
  ERROR: Build asset version error: assets/00_project/generatedcharacters/mocking/character/npc_3_rigged.fbm/temp_orm_111859aa-2ec1-4eb6-9b3f-6a4153623a42_metallic.jpg in SourceAssetDB has modification time of '2026-05-26T15:23:32.6963018Z' while content on disk has modification time of '2026-05-26T15:24:44.1133605Z'
Number of updated asset objects reloaded before import = 0Number of asset objects unloaded after import = 0

========================================================================
Received Import Request.
  Time since last request: 0.000020 seconds.
  path: Assets/00_Project/GeneratedCharacters/mocking/character/npc_3_rigged.fbm/temp_ORM_111859aa-2ec1-4eb6-9b3f-6a4153623a42_Roughness.jpg
  artifactKey: Guid(58d39ca4cc3414e42be20fc44c5f04de) Importer(815301076,1909f56bfc062723c751e8b465ee728b)
Start importing Assets/00_Project/GeneratedCharacters/mocking/character/npc_3_rigged.fbm/temp_ORM_111859aa-2ec1-4eb6-9b3f-6a4153623a42_Roughness.jpg using Guid(58d39ca4cc3414e42be20fc44c5f04de) Importer(815301076,1909f56bfc062723c751e8b465ee728b) (PreviewImporter) -> (artifact id: '00000000000000000000000000000000') in 0.0289594 seconds
Import Error Code:(4)
Message: Build asset version error: assets/00_project/generatedcharacters/mocking/character/npc_3_rigged.fbm/temp_orm_111859aa-2ec1-4eb6-9b3f-6a4153623a42_roughness.jpg in SourceAssetDB has modification time of '2026-05-26T15:23:32.6947991Z' while content on disk has modification time of '2026-05-26T15:24:44.1118576Z'
  ERROR: Build asset version error: assets/00_project/generatedcharacters/mocking/character/npc_3_rigged.fbm/temp_orm_111859aa-2ec1-4eb6-9b3f-6a4153623a42_roughness.jpg in SourceAssetDB has modification time of '2026-05-26T15:23:32.6947991Z' while content on disk has modification time of '2026-05-26T15:24:44.1118576Z'
Number of updated asset objects reloaded before import = 0Number of asset objects unloaded after import = 0

========================================================================
Received Import Request.
  Time since last request: 0.000028 seconds.
  path: Assets/00_Project/GeneratedCharacters/mocking/character/npc_3_rigged.fbm/temp_ORM_111859aa-2ec1-4eb6-9b3f-6a4153623a42_Metallic.jpg
  artifactKey: Guid(6095e6e900acffe45a3da568f0a57422) Importer(815301076,1909f56bfc062723c751e8b465ee728b)
Start importing Assets/00_Project/GeneratedCharacters/mocking/character/npc_3_rigged.fbm/temp_ORM_111859aa-2ec1-4eb6-9b3f-6a4153623a42_Metallic.jpg using Guid(6095e6e900acffe45a3da568f0a57422) Importer(815301076,1909f56bfc062723c751e8b465ee728b) (PreviewImporter) -> (artifact id: '00000000000000000000000000000000') in 0.0294452 seconds
Import Error Code:(4)
Message: Build asset version error: assets/00_project/generatedcharacters/mocking/character/npc_3_rigged.fbm/temp_orm_111859aa-2ec1-4eb6-9b3f-6a4153623a42_metallic.jpg in SourceAssetDB has modification time of '2026-05-26T15:23:32.6963018Z' while content on disk has modification time of '2026-05-26T15:24:44.1133605Z'
  ERROR: Build asset version error: assets/00_project/generatedcharacters/mocking/character/npc_3_rigged.fbm/temp_orm_111859aa-2ec1-4eb6-9b3f-6a4153623a42_metallic.jpg in SourceAssetDB has modification time of '2026-05-26T15:23:32.6963018Z' while content on disk has modification time of '2026-05-26T15:24:44.1133605Z'
Number of updated asset objects reloaded before import = 0Number of asset objects unloaded after import = 0

========================================================================
Received Import Request.
  Time since last request: 0.000018 seconds.
  path: Assets/00_Project/GeneratedCharacters/mocking/character/npc_3_rigged.fbm/Color_111859aa-2ec1-4eb6-9b3f-6a4153623a42.jpg
  artifactKey: Guid(10a4a4cdb3bcfac4c9f807f6798deb88) Importer(815301076,1909f56bfc062723c751e8b465ee728b)
Start importing Assets/00_Project/GeneratedCharacters/mocking/character/npc_3_rigged.fbm/Color_111859aa-2ec1-4eb6-9b3f-6a4153623a42.jpg using Guid(10a4a4cdb3bcfac4c9f807f6798deb88) Importer(815301076,1909f56bfc062723c751e8b465ee728b) (PreviewImporter) -> (artifact id: '00000000000000000000000000000000') in 0.0298702 seconds
Import Error Code:(4)
Message: Build asset version error: assets/00_project/generatedcharacters/mocking/character/npc_3_rigged.fbm/color_111859aa-2ec1-4eb6-9b3f-6a4153623a42.jpg in SourceAssetDB has modification time of '2026-05-26T15:23:32.6923037Z' while content on disk has modification time of '2026-05-26T15:24:44.1103553Z'
  ERROR: Build asset version error: assets/00_project/generatedcharacters/mocking/character/npc_3_rigged.fbm/color_111859aa-2ec1-4eb6-9b3f-6a4153623a42.jpg in SourceAssetDB has modification time of '2026-05-26T15:23:32.6923037Z' while content on disk has modification time of '2026-05-26T15:24:44.1103553Z'
Number of updated asset objects reloaded before import = 0Number of asset objects unloaded after import = 0

========================================================================
Received Import Request.
  Time since last request: 0.000017 seconds.
  path: Assets/00_Project/GeneratedCharacters/mocking/character/npc_3_rigged.fbm/temp_ORM_111859aa-2ec1-4eb6-9b3f-6a4153623a42_Metallic.jpg
  artifactKey: Guid(6095e6e900acffe45a3da568f0a57422) Importer(815301076,1909f56bfc062723c751e8b465ee728b)
Start importing Assets/00_Project/GeneratedCharacters/mocking/character/npc_3_rigged.fbm/temp_ORM_111859aa-2ec1-4eb6-9b3f-6a4153623a42_Metallic.jpg using Guid(6095e6e900acffe45a3da568f0a57422) Importer(815301076,1909f56bfc062723c751e8b465ee728b) (PreviewImporter) -> (artifact id: '00000000000000000000000000000000') in 0.029278 seconds
Import Error Code:(4)
Message: Build asset version error: assets/00_project/generatedcharacters/mocking/character/npc_3_rigged.fbm/temp_orm_111859aa-2ec1-4eb6-9b3f-6a4153623a42_metallic.jpg in SourceAssetDB has modification time of '2026-05-26T15:23:32.6963018Z' while content on disk has modification time of '2026-05-26T15:24:44.1133605Z'
  ERROR: Build asset version error: assets/00_project/generatedcharacters/mocking/character/npc_3_rigged.fbm/temp_orm_111859aa-2ec1-4eb6-9b3f-6a4153623a42_metallic.jpg in SourceAssetDB has modification time of '2026-05-26T15:23:32.6963018Z' while content on disk has modification time of '2026-05-26T15:24:44.1133605Z'
Number of updated asset objects reloaded before import = 0Number of asset objects unloaded after import = 0

========================================================================
Received Import Request.
  Time since last request: 0.000021 seconds.
  path: Assets/00_Project/GeneratedCharacters/mocking/character/npc_3_rigged.fbm/temp_ORM_111859aa-2ec1-4eb6-9b3f-6a4153623a42_Roughness.jpg
  artifactKey: Guid(58d39ca4cc3414e42be20fc44c5f04de) Importer(815301076,1909f56bfc062723c751e8b465ee728b)
Start importing Assets/00_Project/GeneratedCharacters/mocking/character/npc_3_rigged.fbm/temp_ORM_111859aa-2ec1-4eb6-9b3f-6a4153623a42_Roughness.jpg using Guid(58d39ca4cc3414e42be20fc44c5f04de) Importer(815301076,1909f56bfc062723c751e8b465ee728b) (PreviewImporter) -> (artifact id: '00000000000000000000000000000000') in 0.0290196 seconds
Import Error Code:(4)
Message: Build asset version error: assets/00_project/generatedcharacters/mocking/character/npc_3_rigged.fbm/temp_orm_111859aa-2ec1-4eb6-9b3f-6a4153623a42_roughness.jpg in SourceAssetDB has modification time of '2026-05-26T15:23:32.6947991Z' while content on disk has modification time of '2026-05-26T15:24:44.1118576Z'
  ERROR: Build asset version error: assets/00_project/generatedcharacters/mocking/character/npc_3_rigged.fbm/temp_orm_111859aa-2ec1-4eb6-9b3f-6a4153623a42_roughness.jpg in SourceAssetDB has modification time of '2026-05-26T15:23:32.6947991Z' while content on disk has modification time of '2026-05-26T15:24:44.1118576Z'
Number of updated asset objects reloaded before import = 0Number of asset objects unloaded after import = 0

========================================================================
Received Import Request.
  Time since last request: 0.000027 seconds.
  path: Assets/00_Project/GeneratedCharacters/mocking/character/npc_3_rigged.fbm/temp_ORM_111859aa-2ec1-4eb6-9b3f-6a4153623a42_Metallic.jpg
  artifactKey: Guid(6095e6e900acffe45a3da568f0a57422) Importer(815301076,1909f56bfc062723c751e8b465ee728b)
Start importing Assets/00_Project/GeneratedCharacters/mocking/character/npc_3_rigged.fbm/temp_ORM_111859aa-2ec1-4eb6-9b3f-6a4153623a42_Metallic.jpg using Guid(6095e6e900acffe45a3da568f0a57422) Importer(815301076,1909f56bfc062723c751e8b465ee728b) (PreviewImporter) -> (artifact id: '00000000000000000000000000000000') in 0.0298387 seconds
Import Error Code:(4)
Message: Build asset version error: assets/00_project/generatedcharacters/mocking/character/npc_3_rigged.fbm/temp_orm_111859aa-2ec1-4eb6-9b3f-6a4153623a42_metallic.jpg in SourceAssetDB has modification time of '2026-05-26T15:23:32.6963018Z' while content on disk has modification time of '2026-05-26T15:24:44.1133605Z'
  ERROR: Build asset version error: assets/00_project/generatedcharacters/mocking/character/npc_3_rigged.fbm/temp_orm_111859aa-2ec1-4eb6-9b3f-6a4153623a42_metallic.jpg in SourceAssetDB has modification time of '2026-05-26T15:23:32.6963018Z' while content on disk has modification time of '2026-05-26T15:24:44.1133605Z'
Number of updated asset objects reloaded before import = 0Number of asset objects unloaded after import = 0

========================================================================
Received Import Request.
  Time since last request: 0.000017 seconds.
  path: Assets/00_Project/GeneratedCharacters/mocking/character/npc_3_rigged.fbm/temp_ORM_111859aa-2ec1-4eb6-9b3f-6a4153623a42_Roughness.jpg
  artifactKey: Guid(58d39ca4cc3414e42be20fc44c5f04de) Importer(815301076,1909f56bfc062723c751e8b465ee728b)
Start importing Assets/00_Project/GeneratedCharacters/mocking/character/npc_3_rigged.fbm/temp_ORM_111859aa-2ec1-4eb6-9b3f-6a4153623a42_Roughness.jpg using Guid(58d39ca4cc3414e42be20fc44c5f04de) Importer(815301076,1909f56bfc062723c751e8b465ee728b) (PreviewImporter) -> (artifact id: '00000000000000000000000000000000') in 0.0285953 seconds
Import Error Code:(4)
Message: Build asset version error: assets/00_project/generatedcharacters/mocking/character/npc_3_rigged.fbm/temp_orm_111859aa-2ec1-4eb6-9b3f-6a4153623a42_roughness.jpg in SourceAssetDB has modification time of '2026-05-26T15:23:32.6947991Z' while content on disk has modification time of '2026-05-26T15:24:44.1118576Z'
  ERROR: Build asset version error: assets/00_project/generatedcharacters/mocking/character/npc_3_rigged.fbm/temp_orm_111859aa-2ec1-4eb6-9b3f-6a4153623a42_roughness.jpg in SourceAssetDB has modification time of '2026-05-26T15:23:32.6947991Z' while content on disk has modification time of '2026-05-26T15:24:44.1118576Z'
Number of updated asset objects reloaded before import = 0Number of asset objects unloaded after import = 0

========================================================================
Received Import Request.
  Time since last request: 0.000017 seconds.
  path: Assets/00_Project/GeneratedCharacters/mocking/character/npc_3_rigged.fbm/Color_111859aa-2ec1-4eb6-9b3f-6a4153623a42.jpg
  artifactKey: Guid(10a4a4cdb3bcfac4c9f807f6798deb88) Importer(815301076,1909f56bfc062723c751e8b465ee728b)
Start importing Assets/00_Project/GeneratedCharacters/mocking/character/npc_3_rigged.fbm/Color_111859aa-2ec1-4eb6-9b3f-6a4153623a42.jpg using Guid(10a4a4cdb3bcfac4c9f807f6798deb88) Importer(815301076,1909f56bfc062723c751e8b465ee728b) (PreviewImporter) -> (artifact id: '00000000000000000000000000000000') in 0.0278726 seconds
Import Error Code:(4)
Message: Build asset version error: assets/00_project/generatedcharacters/mocking/character/npc_3_rigged.fbm/color_111859aa-2ec1-4eb6-9b3f-6a4153623a42.jpg in SourceAssetDB has modification time of '2026-05-26T15:23:32.6923037Z' while content on disk has modification time of '2026-05-26T15:24:44.1103553Z'
  ERROR: Build asset version error: assets/00_project/generatedcharacters/mocking/character/npc_3_rigged.fbm/color_111859aa-2ec1-4eb6-9b3f-6a4153623a42.jpg in SourceAssetDB has modification time of '2026-05-26T15:23:32.6923037Z' while content on disk has modification time of '2026-05-26T15:24:44.1103553Z'
Number of updated asset objects reloaded before import = 0Number of asset objects unloaded after import = 0

========================================================================
Received Import Request.
  Time since last request: 0.000028 seconds.
  path: Assets/00_Project/GeneratedCharacters/mocking/character/npc_3_rigged.fbm/temp_ORM_111859aa-2ec1-4eb6-9b3f-6a4153623a42_Metallic.jpg
  artifactKey: Guid(6095e6e900acffe45a3da568f0a57422) Importer(815301076,1909f56bfc062723c751e8b465ee728b)
Start importing Assets/00_Project/GeneratedCharacters/mocking/character/npc_3_rigged.fbm/temp_ORM_111859aa-2ec1-4eb6-9b3f-6a4153623a42_Metallic.jpg using Guid(6095e6e900acffe45a3da568f0a57422) Importer(815301076,1909f56bfc062723c751e8b465ee728b) (PreviewImporter) -> (artifact id: '00000000000000000000000000000000') in 0.0283487 seconds
Import Error Code:(4)
Message: Build asset version error: assets/00_project/generatedcharacters/mocking/character/npc_3_rigged.fbm/temp_orm_111859aa-2ec1-4eb6-9b3f-6a4153623a42_metallic.jpg in SourceAssetDB has modification time of '2026-05-26T15:23:32.6963018Z' while content on disk has modification time of '2026-05-26T15:24:44.1133605Z'
  ERROR: Build asset version error: assets/00_project/generatedcharacters/mocking/character/npc_3_rigged.fbm/temp_orm_111859aa-2ec1-4eb6-9b3f-6a4153623a42_metallic.jpg in SourceAssetDB has modification time of '2026-05-26T15:23:32.6963018Z' while content on disk has modification time of '2026-05-26T15:24:44.1133605Z'
Number of updated asset objects reloaded before import = 0Number of asset objects unloaded after import = 0

========================================================================
Received Import Request.
  Time since last request: 0.000032 seconds.
  path: Assets/00_Project/GeneratedCharacters/mocking/character/npc_3_rigged.fbm/Color_111859aa-2ec1-4eb6-9b3f-6a4153623a42.jpg
  artifactKey: Guid(10a4a4cdb3bcfac4c9f807f6798deb88) Importer(815301076,1909f56bfc062723c751e8b465ee728b)
Start importing Assets/00_Project/GeneratedCharacters/mocking/character/npc_3_rigged.fbm/Color_111859aa-2ec1-4eb6-9b3f-6a4153623a42.jpg using Guid(10a4a4cdb3bcfac4c9f807f6798deb88) Importer(815301076,1909f56bfc062723c751e8b465ee728b) (PreviewImporter) -> (artifact id: '00000000000000000000000000000000') in 0.0360388 seconds
Import Error Code:(4)
Message: Build asset version error: assets/00_project/generatedcharacters/mocking/character/npc_3_rigged.fbm/color_111859aa-2ec1-4eb6-9b3f-6a4153623a42.jpg in SourceAssetDB has modification time of '2026-05-26T15:23:32.6923037Z' while content on disk has modification time of '2026-05-26T15:24:44.1103553Z'
  ERROR: Build asset version error: assets/00_project/generatedcharacters/mocking/character/npc_3_rigged.fbm/color_111859aa-2ec1-4eb6-9b3f-6a4153623a42.jpg in SourceAssetDB has modification time of '2026-05-26T15:23:32.6923037Z' while content on disk has modification time of '2026-05-26T15:24:44.1103553Z'
Number of updated asset objects reloaded before import = 0Number of asset objects unloaded after import = 0

========================================================================
Received Import Request.
  Time since last request: 0.000018 seconds.
  path: Assets/00_Project/GeneratedCharacters/mocking/character/npc_3_rigged.fbm/temp_ORM_111859aa-2ec1-4eb6-9b3f-6a4153623a42_Metallic.jpg
  artifactKey: Guid(6095e6e900acffe45a3da568f0a57422) Importer(815301076,1909f56bfc062723c751e8b465ee728b)
Start importing Assets/00_Project/GeneratedCharacters/mocking/character/npc_3_rigged.fbm/temp_ORM_111859aa-2ec1-4eb6-9b3f-6a4153623a42_Metallic.jpg using Guid(6095e6e900acffe45a3da568f0a57422) Importer(815301076,1909f56bfc062723c751e8b465ee728b) (PreviewImporter) -> (artifact id: '00000000000000000000000000000000') in 0.0297106 seconds
Import Error Code:(4)
Message: Build asset version error: assets/00_project/generatedcharacters/mocking/character/npc_3_rigged.fbm/temp_orm_111859aa-2ec1-4eb6-9b3f-6a4153623a42_metallic.jpg in SourceAssetDB has modification time of '2026-05-26T15:23:32.6963018Z' while content on disk has modification time of '2026-05-26T15:24:44.1133605Z'
  ERROR: Build asset version error: assets/00_project/generatedcharacters/mocking/character/npc_3_rigged.fbm/temp_orm_111859aa-2ec1-4eb6-9b3f-6a4153623a42_metallic.jpg in SourceAssetDB has modification time of '2026-05-26T15:23:32.6963018Z' while content on disk has modification time of '2026-05-26T15:24:44.1133605Z'
Number of updated asset objects reloaded before import = 0Number of asset objects unloaded after import = 0

========================================================================
Received Import Request.
  Time since last request: 0.000023 seconds.
  path: Assets/00_Project/GeneratedCharacters/mocking/character/npc_3_rigged.fbm/NormalGL_111859aa-2ec1-4eb6-9b3f-6a4153623a42.jpg
  artifactKey: Guid(e19a21a20e6adcf478ad20c447539190) Importer(815301076,1909f56bfc062723c751e8b465ee728b)
Start importing Assets/00_Project/GeneratedCharacters/mocking/character/npc_3_rigged.fbm/NormalGL_111859aa-2ec1-4eb6-9b3f-6a4153623a42.jpg using Guid(e19a21a20e6adcf478ad20c447539190) Importer(815301076,1909f56bfc062723c751e8b465ee728b) (PreviewImporter) -> (artifact id: '00000000000000000000000000000000') in 0.0295639 seconds
Import Error Code:(4)
Message: Build asset version error: assets/00_project/generatedcharacters/mocking/character/npc_3_rigged.fbm/normalgl_111859aa-2ec1-4eb6-9b3f-6a4153623a42.jpg in SourceAssetDB has modification time of '2026-05-26T15:23:32.693301Z' while content on disk has modification time of '2026-05-26T15:24:44.1103553Z'
  ERROR: Build asset version error: assets/00_project/generatedcharacters/mocking/character/npc_3_rigged.fbm/normalgl_111859aa-2ec1-4eb6-9b3f-6a4153623a42.jpg in SourceAssetDB has modification time of '2026-05-26T15:23:32.693301Z' while content on disk has modification time of '2026-05-26T15:24:44.1103553Z'
Number of updated asset objects reloaded before import = 0Number of asset objects unloaded after import = 0

========================================================================
Received Import Request.
  Time since last request: 0.000019 seconds.
  path: Assets/00_Project/GeneratedCharacters/mocking/character/npc_3_rigged.fbm/temp_ORM_111859aa-2ec1-4eb6-9b3f-6a4153623a42_Metallic.jpg
  artifactKey: Guid(6095e6e900acffe45a3da568f0a57422) Importer(815301076,1909f56bfc062723c751e8b465ee728b)
Start importing Assets/00_Project/GeneratedCharacters/mocking/character/npc_3_rigged.fbm/temp_ORM_111859aa-2ec1-4eb6-9b3f-6a4153623a42_Metallic.jpg using Guid(6095e6e900acffe45a3da568f0a57422) Importer(815301076,1909f56bfc062723c751e8b465ee728b) (PreviewImporter) -> (artifact id: '00000000000000000000000000000000') in 0.0305163 seconds
Import Error Code:(4)
Message: Build asset version error: assets/00_project/generatedcharacters/mocking/character/npc_3_rigged.fbm/temp_orm_111859aa-2ec1-4eb6-9b3f-6a4153623a42_metallic.jpg in SourceAssetDB has modification time of '2026-05-26T15:23:32.6963018Z' while content on disk has modification time of '2026-05-26T15:24:44.1133605Z'
  ERROR: Build asset version error: assets/00_project/generatedcharacters/mocking/character/npc_3_rigged.fbm/temp_orm_111859aa-2ec1-4eb6-9b3f-6a4153623a42_metallic.jpg in SourceAssetDB has modification time of '2026-05-26T15:23:32.6963018Z' while content on disk has modification time of '2026-05-26T15:24:44.1133605Z'
Number of updated asset objects reloaded before import = 0Number of asset objects unloaded after import = 0

========================================================================
Received Import Request.
  Time since last request: 0.000025 seconds.
  path: Assets/00_Project/GeneratedCharacters/mocking/character/npc_3_rigged.fbm/NormalGL_111859aa-2ec1-4eb6-9b3f-6a4153623a42.jpg
  artifactKey: Guid(e19a21a20e6adcf478ad20c447539190) Importer(815301076,1909f56bfc062723c751e8b465ee728b)
Start importing Assets/00_Project/GeneratedCharacters/mocking/character/npc_3_rigged.fbm/NormalGL_111859aa-2ec1-4eb6-9b3f-6a4153623a42.jpg using Guid(e19a21a20e6adcf478ad20c447539190) Importer(815301076,1909f56bfc062723c751e8b465ee728b) (PreviewImporter) -> (artifact id: '00000000000000000000000000000000') in 0.02767 seconds
Import Error Code:(4)
Message: Build asset version error: assets/00_project/generatedcharacters/mocking/character/npc_3_rigged.fbm/normalgl_111859aa-2ec1-4eb6-9b3f-6a4153623a42.jpg in SourceAssetDB has modification time of '2026-05-26T15:23:32.693301Z' while content on disk has modification time of '2026-05-26T15:24:44.1103553Z'
  ERROR: Build asset version error: assets/00_project/generatedcharacters/mocking/character/npc_3_rigged.fbm/normalgl_111859aa-2ec1-4eb6-9b3f-6a4153623a42.jpg in SourceAssetDB has modification time of '2026-05-26T15:23:32.693301Z' while content on disk has modification time of '2026-05-26T15:24:44.1103553Z'
Number of updated asset objects reloaded before import = 0Number of asset objects unloaded after import = 0

========================================================================
Received Import Request.
  Time since last request: 0.000019 seconds.
  path: Assets/00_Project/GeneratedCharacters/mocking/character/npc_3_rigged.fbm/temp_ORM_111859aa-2ec1-4eb6-9b3f-6a4153623a42_Metallic.jpg
  artifactKey: Guid(6095e6e900acffe45a3da568f0a57422) Importer(815301076,1909f56bfc062723c751e8b465ee728b)
Start importing Assets/00_Project/GeneratedCharacters/mocking/character/npc_3_rigged.fbm/temp_ORM_111859aa-2ec1-4eb6-9b3f-6a4153623a42_Metallic.jpg using Guid(6095e6e900acffe45a3da568f0a57422) Importer(815301076,1909f56bfc062723c751e8b465ee728b) (PreviewImporter) -> (artifact id: '00000000000000000000000000000000') in 0.0324954 seconds
Import Error Code:(4)
Message: Build asset version error: assets/00_project/generatedcharacters/mocking/character/npc_3_rigged.fbm/temp_orm_111859aa-2ec1-4eb6-9b3f-6a4153623a42_metallic.jpg in SourceAssetDB has modification time of '2026-05-26T15:23:32.6963018Z' while content on disk has modification time of '2026-05-26T15:24:44.1133605Z'
  ERROR: Build asset version error: assets/00_project/generatedcharacters/mocking/character/npc_3_rigged.fbm/temp_orm_111859aa-2ec1-4eb6-9b3f-6a4153623a42_metallic.jpg in SourceAssetDB has modification time of '2026-05-26T15:23:32.6963018Z' while content on disk has modification time of '2026-05-26T15:24:44.1133605Z'
Number of updated asset objects reloaded before import = 0Number of asset objects unloaded after import = 0

========================================================================
Received Import Request.
  Time since last request: 0.000019 seconds.
  path: Assets/00_Project/GeneratedCharacters/mocking/character/npc_3_rigged.fbm/NormalGL_111859aa-2ec1-4eb6-9b3f-6a4153623a42.jpg
  artifactKey: Guid(e19a21a20e6adcf478ad20c447539190) Importer(815301076,1909f56bfc062723c751e8b465ee728b)
Start importing Assets/00_Project/GeneratedCharacters/mocking/character/npc_3_rigged.fbm/NormalGL_111859aa-2ec1-4eb6-9b3f-6a4153623a42.jpg using Guid(e19a21a20e6adcf478ad20c447539190) Importer(815301076,1909f56bfc062723c751e8b465ee728b) (PreviewImporter) -> (artifact id: '00000000000000000000000000000000') in 0.0298833 seconds
Import Error Code:(4)
Message: Build asset version error: assets/00_project/generatedcharacters/mocking/character/npc_3_rigged.fbm/normalgl_111859aa-2ec1-4eb6-9b3f-6a4153623a42.jpg in SourceAssetDB has modification time of '2026-05-26T15:23:32.693301Z' while content on disk has modification time of '2026-05-26T15:24:44.1103553Z'
  ERROR: Build asset version error: assets/00_project/generatedcharacters/mocking/character/npc_3_rigged.fbm/normalgl_111859aa-2ec1-4eb6-9b3f-6a4153623a42.jpg in SourceAssetDB has modification time of '2026-05-26T15:23:32.693301Z' while content on disk has modification time of '2026-05-26T15:24:44.1103553Z'
Number of updated asset objects reloaded before import = 0Number of asset objects unloaded after import = 0

========================================================================
Received Import Request.
  Time since last request: 0.000019 seconds.
  path: Assets/00_Project/GeneratedCharacters/mocking/character/npc_3_rigged.fbm/temp_ORM_111859aa-2ec1-4eb6-9b3f-6a4153623a42_Metallic.jpg
  artifactKey: Guid(6095e6e900acffe45a3da568f0a57422) Importer(815301076,1909f56bfc062723c751e8b465ee728b)
Start importing Assets/00_Project/GeneratedCharacters/mocking/character/npc_3_rigged.fbm/temp_ORM_111859aa-2ec1-4eb6-9b3f-6a4153623a42_Metallic.jpg using Guid(6095e6e900acffe45a3da568f0a57422) Importer(815301076,1909f56bfc062723c751e8b465ee728b) (PreviewImporter) -> (artifact id: '00000000000000000000000000000000') in 0.0320012 seconds
Import Error Code:(4)
Message: Build asset version error: assets/00_project/generatedcharacters/mocking/character/npc_3_rigged.fbm/temp_orm_111859aa-2ec1-4eb6-9b3f-6a4153623a42_metallic.jpg in SourceAssetDB has modification time of '2026-05-26T15:23:32.6963018Z' while content on disk has modification time of '2026-05-26T15:24:44.1133605Z'
  ERROR: Build asset version error: assets/00_project/generatedcharacters/mocking/character/npc_3_rigged.fbm/temp_orm_111859aa-2ec1-4eb6-9b3f-6a4153623a42_metallic.jpg in SourceAssetDB has modification time of '2026-05-26T15:23:32.6963018Z' while content on disk has modification time of '2026-05-26T15:24:44.1133605Z'
Number of updated asset objects reloaded before import = 0Number of asset objects unloaded after import = 0

========================================================================
Received Import Request.
  Time since last request: 0.000029 seconds.
  path: Assets/00_Project/GeneratedCharacters/mocking/character/npc_3_rigged.fbm/NormalGL_111859aa-2ec1-4eb6-9b3f-6a4153623a42.jpg
  artifactKey: Guid(e19a21a20e6adcf478ad20c447539190) Importer(815301076,1909f56bfc062723c751e8b465ee728b)
Start importing Assets/00_Project/GeneratedCharacters/mocking/character/npc_3_rigged.fbm/NormalGL_111859aa-2ec1-4eb6-9b3f-6a4153623a42.jpg using Guid(e19a21a20e6adcf478ad20c447539190) Importer(815301076,1909f56bfc062723c751e8b465ee728b) (PreviewImporter) -> (artifact id: '00000000000000000000000000000000') in 0.0297147 seconds
Import Error Code:(4)
Message: Build asset version error: assets/00_project/generatedcharacters/mocking/character/npc_3_rigged.fbm/normalgl_111859aa-2ec1-4eb6-9b3f-6a4153623a42.jpg in SourceAssetDB has modification time of '2026-05-26T15:23:32.693301Z' while content on disk has modification time of '2026-05-26T15:24:44.1103553Z'
  ERROR: Build asset version error: assets/00_project/generatedcharacters/mocking/character/npc_3_rigged.fbm/normalgl_111859aa-2ec1-4eb6-9b3f-6a4153623a42.jpg in SourceAssetDB has modification time of '2026-05-26T15:23:32.693301Z' while content on disk has modification time of '2026-05-26T15:24:44.1103553Z'
Number of updated asset objects reloaded before import = 0Number of asset objects unloaded after import = 0

========================================================================
Received Import Request.
  Time since last request: 0.000016 seconds.
  path: Assets/00_Project/GeneratedCharacters/mocking/character/npc_3_rigged.fbm/temp_ORM_111859aa-2ec1-4eb6-9b3f-6a4153623a42_Metallic.jpg
  artifactKey: Guid(6095e6e900acffe45a3da568f0a57422) Importer(815301076,1909f56bfc062723c751e8b465ee728b)
Start importing Assets/00_Project/GeneratedCharacters/mocking/character/npc_3_rigged.fbm/temp_ORM_111859aa-2ec1-4eb6-9b3f-6a4153623a42_Metallic.jpg using Guid(6095e6e900acffe45a3da568f0a57422) Importer(815301076,1909f56bfc062723c751e8b465ee728b) (PreviewImporter) -> (artifact id: '00000000000000000000000000000000') in 0.0295559 seconds
Import Error Code:(4)
Message: Build asset version error: assets/00_project/generatedcharacters/mocking/character/npc_3_rigged.fbm/temp_orm_111859aa-2ec1-4eb6-9b3f-6a4153623a42_metallic.jpg in SourceAssetDB has modification time of '2026-05-26T15:23:32.6963018Z' while content on disk has modification time of '2026-05-26T15:24:44.1133605Z'
  ERROR: Build asset version error: assets/00_project/generatedcharacters/mocking/character/npc_3_rigged.fbm/temp_orm_111859aa-2ec1-4eb6-9b3f-6a4153623a42_metallic.jpg in SourceAssetDB has modification time of '2026-05-26T15:23:32.6963018Z' while content on disk has modification time of '2026-05-26T15:24:44.1133605Z'
Number of updated asset objects reloaded before import = 0Number of asset objects unloaded after import = 0

========================================================================
Received Import Request.
  Time since last request: 0.000018 seconds.
  path: Assets/00_Project/GeneratedCharacters/mocking/character/npc_3_rigged.fbm/NormalGL_111859aa-2ec1-4eb6-9b3f-6a4153623a42.jpg
  artifactKey: Guid(e19a21a20e6adcf478ad20c447539190) Importer(815301076,1909f56bfc062723c751e8b465ee728b)
Start importing Assets/00_Project/GeneratedCharacters/mocking/character/npc_3_rigged.fbm/NormalGL_111859aa-2ec1-4eb6-9b3f-6a4153623a42.jpg using Guid(e19a21a20e6adcf478ad20c447539190) Importer(815301076,1909f56bfc062723c751e8b465ee728b) (PreviewImporter) -> (artifact id: '00000000000000000000000000000000') in 0.0297605 seconds
Import Error Code:(4)
Message: Build asset version error: assets/00_project/generatedcharacters/mocking/character/npc_3_rigged.fbm/normalgl_111859aa-2ec1-4eb6-9b3f-6a4153623a42.jpg in SourceAssetDB has modification time of '2026-05-26T15:23:32.693301Z' while content on disk has modification time of '2026-05-26T15:24:44.1103553Z'
  ERROR: Build asset version error: assets/00_project/generatedcharacters/mocking/character/npc_3_rigged.fbm/normalgl_111859aa-2ec1-4eb6-9b3f-6a4153623a42.jpg in SourceAssetDB has modification time of '2026-05-26T15:23:32.693301Z' while content on disk has modification time of '2026-05-26T15:24:44.1103553Z'
Number of updated asset objects reloaded before import = 0Number of asset objects unloaded after import = 0

========================================================================
Received Import Request.
  Time since last request: 0.000019 seconds.
  path: Assets/00_Project/GeneratedCharacters/mocking/character/npc_3_rigged.fbm/Color_111859aa-2ec1-4eb6-9b3f-6a4153623a42.jpg
  artifactKey: Guid(10a4a4cdb3bcfac4c9f807f6798deb88) Importer(815301076,1909f56bfc062723c751e8b465ee728b)
Start importing Assets/00_Project/GeneratedCharacters/mocking/character/npc_3_rigged.fbm/Color_111859aa-2ec1-4eb6-9b3f-6a4153623a42.jpg using Guid(10a4a4cdb3bcfac4c9f807f6798deb88) Importer(815301076,1909f56bfc062723c751e8b465ee728b) (PreviewImporter) -> (artifact id: '00000000000000000000000000000000') in 0.0304827 seconds
Import Error Code:(4)
Message: Build asset version error: assets/00_project/generatedcharacters/mocking/character/npc_3_rigged.fbm/color_111859aa-2ec1-4eb6-9b3f-6a4153623a42.jpg in SourceAssetDB has modification time of '2026-05-26T15:23:32.6923037Z' while content on disk has modification time of '2026-05-26T15:24:44.1103553Z'
  ERROR: Build asset version error: assets/00_project/generatedcharacters/mocking/character/npc_3_rigged.fbm/color_111859aa-2ec1-4eb6-9b3f-6a4153623a42.jpg in SourceAssetDB has modification time of '2026-05-26T15:23:32.6923037Z' while content on disk has modification time of '2026-05-26T15:24:44.1103553Z'
Number of updated asset objects reloaded before import = 0Number of asset objects unloaded after import = 0

========================================================================
Received Import Request.
  Time since last request: 0.000029 seconds.
  path: Assets/00_Project/GeneratedCharacters/mocking/character/npc_3_rigged.fbm/NormalGL_111859aa-2ec1-4eb6-9b3f-6a4153623a42.jpg
  artifactKey: Guid(e19a21a20e6adcf478ad20c447539190) Importer(815301076,1909f56bfc062723c751e8b465ee728b)
Start importing Assets/00_Project/GeneratedCharacters/mocking/character/npc_3_rigged.fbm/NormalGL_111859aa-2ec1-4eb6-9b3f-6a4153623a42.jpg using Guid(e19a21a20e6adcf478ad20c447539190) Importer(815301076,1909f56bfc062723c751e8b465ee728b) (PreviewImporter) -> (artifact id: '00000000000000000000000000000000') in 0.0273658 seconds
Import Error Code:(4)
Message: Build asset version error: assets/00_project/generatedcharacters/mocking/character/npc_3_rigged.fbm/normalgl_111859aa-2ec1-4eb6-9b3f-6a4153623a42.jpg in SourceAssetDB has modification time of '2026-05-26T15:23:32.693301Z' while content on disk has modification time of '2026-05-26T15:24:44.1103553Z'
  ERROR: Build asset version error: assets/00_project/generatedcharacters/mocking/character/npc_3_rigged.fbm/normalgl_111859aa-2ec1-4eb6-9b3f-6a4153623a42.jpg in SourceAssetDB has modification time of '2026-05-26T15:23:32.693301Z' while content on disk has modification time of '2026-05-26T15:24:44.1103553Z'
Number of updated asset objects reloaded before import = 0Number of asset objects unloaded after import = 0

========================================================================
Received Import Request.
  Time since last request: 0.000019 seconds.
  path: Assets/00_Project/GeneratedCharacters/mocking/character/npc_3_rigged.fbm/Color_111859aa-2ec1-4eb6-9b3f-6a4153623a42.jpg
  artifactKey: Guid(10a4a4cdb3bcfac4c9f807f6798deb88) Importer(815301076,1909f56bfc062723c751e8b465ee728b)
Start importing Assets/00_Project/GeneratedCharacters/mocking/character/npc_3_rigged.fbm/Color_111859aa-2ec1-4eb6-9b3f-6a4153623a42.jpg using Guid(10a4a4cdb3bcfac4c9f807f6798deb88) Importer(815301076,1909f56bfc062723c751e8b465ee728b) (PreviewImporter) -> (artifact id: '00000000000000000000000000000000') in 0.0285987 seconds
Import Error Code:(4)
Message: Build asset version error: assets/00_project/generatedcharacters/mocking/character/npc_3_rigged.fbm/color_111859aa-2ec1-4eb6-9b3f-6a4153623a42.jpg in SourceAssetDB has modification time of '2026-05-26T15:23:32.6923037Z' while content on disk has modification time of '2026-05-26T15:24:44.1103553Z'
  ERROR: Build asset version error: assets/00_project/generatedcharacters/mocking/character/npc_3_rigged.fbm/color_111859aa-2ec1-4eb6-9b3f-6a4153623a42.jpg in SourceAssetDB has modification time of '2026-05-26T15:23:32.6923037Z' while content on disk has modification time of '2026-05-26T15:24:44.1103553Z'
Number of updated asset objects reloaded before import = 0Number of asset objects unloaded after import = 0

========================================================================
Received Import Request.
  Time since last request: 0.000017 seconds.
  path: Assets/00_Project/GeneratedCharacters/mocking/character/npc_3_rigged.fbm/NormalGL_111859aa-2ec1-4eb6-9b3f-6a4153623a42.jpg
  artifactKey: Guid(e19a21a20e6adcf478ad20c447539190) Importer(815301076,1909f56bfc062723c751e8b465ee728b)
Start importing Assets/00_Project/GeneratedCharacters/mocking/character/npc_3_rigged.fbm/NormalGL_111859aa-2ec1-4eb6-9b3f-6a4153623a42.jpg using Guid(e19a21a20e6adcf478ad20c447539190) Importer(815301076,1909f56bfc062723c751e8b465ee728b) (PreviewImporter) -> (artifact id: '00000000000000000000000000000000') in 0.0302817 seconds
Import Error Code:(4)
Message: Build asset version error: assets/00_project/generatedcharacters/mocking/character/npc_3_rigged.fbm/normalgl_111859aa-2ec1-4eb6-9b3f-6a4153623a42.jpg in SourceAssetDB has modification time of '2026-05-26T15:23:32.693301Z' while content on disk has modification time of '2026-05-26T15:24:44.1103553Z'
  ERROR: Build asset version error: assets/00_project/generatedcharacters/mocking/character/npc_3_rigged.fbm/normalgl_111859aa-2ec1-4eb6-9b3f-6a4153623a42.jpg in SourceAssetDB has modification time of '2026-05-26T15:23:32.693301Z' while content on disk has modification time of '2026-05-26T15:24:44.1103553Z'
Number of updated asset objects reloaded before import = 0Number of asset objects unloaded after import = 0

========================================================================
Received Import Request.
  Time since last request: 0.000020 seconds.
  path: Assets/00_Project/GeneratedCharacters/mocking/character/npc_3_rigged.fbm/temp_ORM_111859aa-2ec1-4eb6-9b3f-6a4153623a42_Roughness.jpg
  artifactKey: Guid(58d39ca4cc3414e42be20fc44c5f04de) Importer(815301076,1909f56bfc062723c751e8b465ee728b)
Start importing Assets/00_Project/GeneratedCharacters/mocking/character/npc_3_rigged.fbm/temp_ORM_111859aa-2ec1-4eb6-9b3f-6a4153623a42_Roughness.jpg using Guid(58d39ca4cc3414e42be20fc44c5f04de) Importer(815301076,1909f56bfc062723c751e8b465ee728b) (PreviewImporter) -> (artifact id: '00000000000000000000000000000000') in 0.029786 seconds
Import Error Code:(4)
Message: Build asset version error: assets/00_project/generatedcharacters/mocking/character/npc_3_rigged.fbm/temp_orm_111859aa-2ec1-4eb6-9b3f-6a4153623a42_roughness.jpg in SourceAssetDB has modification time of '2026-05-26T15:23:32.6947991Z' while content on disk has modification time of '2026-05-26T15:24:44.1118576Z'
  ERROR: Build asset version error: assets/00_project/generatedcharacters/mocking/character/npc_3_rigged.fbm/temp_orm_111859aa-2ec1-4eb6-9b3f-6a4153623a42_roughness.jpg in SourceAssetDB has modification time of '2026-05-26T15:23:32.6947991Z' while content on disk has modification time of '2026-05-26T15:24:44.1118576Z'
Number of updated asset objects reloaded before import = 0Number of asset objects unloaded after import = 0

========================================================================
Received Import Request.
  Time since last request: 0.000025 seconds.
  path: Assets/00_Project/GeneratedCharacters/mocking/character/npc_3_rigged.fbm/temp_ORM_111859aa-2ec1-4eb6-9b3f-6a4153623a42_Metallic.jpg
  artifactKey: Guid(6095e6e900acffe45a3da568f0a57422) Importer(815301076,1909f56bfc062723c751e8b465ee728b)
Start importing Assets/00_Project/GeneratedCharacters/mocking/character/npc_3_rigged.fbm/temp_ORM_111859aa-2ec1-4eb6-9b3f-6a4153623a42_Metallic.jpg using Guid(6095e6e900acffe45a3da568f0a57422) Importer(815301076,1909f56bfc062723c751e8b465ee728b) (PreviewImporter) -> (artifact id: '00000000000000000000000000000000') in 0.0305228 seconds
Import Error Code:(4)
Message: Build asset version error: assets/00_project/generatedcharacters/mocking/character/npc_3_rigged.fbm/temp_orm_111859aa-2ec1-4eb6-9b3f-6a4153623a42_metallic.jpg in SourceAssetDB has modification time of '2026-05-26T15:23:32.6963018Z' while content on disk has modification time of '2026-05-26T15:24:44.1133605Z'
  ERROR: Build asset version error: assets/00_project/generatedcharacters/mocking/character/npc_3_rigged.fbm/temp_orm_111859aa-2ec1-4eb6-9b3f-6a4153623a42_metallic.jpg in SourceAssetDB has modification time of '2026-05-26T15:23:32.6963018Z' while content on disk has modification time of '2026-05-26T15:24:44.1133605Z'
Number of updated asset objects reloaded before import = 0Number of asset objects unloaded after import = 0

========================================================================
Received Import Request.
  Time since last request: 0.000017 seconds.
  path: Assets/00_Project/GeneratedCharacters/mocking/character/npc_3_rigged.fbm/temp_ORM_111859aa-2ec1-4eb6-9b3f-6a4153623a42_Roughness.jpg
  artifactKey: Guid(58d39ca4cc3414e42be20fc44c5f04de) Importer(815301076,1909f56bfc062723c751e8b465ee728b)
Start importing Assets/00_Project/GeneratedCharacters/mocking/character/npc_3_rigged.fbm/temp_ORM_111859aa-2ec1-4eb6-9b3f-6a4153623a42_Roughness.jpg using Guid(58d39ca4cc3414e42be20fc44c5f04de) Importer(815301076,1909f56bfc062723c751e8b465ee728b) (PreviewImporter) -> (artifact id: '00000000000000000000000000000000') in 0.0297851 seconds
Import Error Code:(4)
Message: Build asset version error: assets/00_project/generatedcharacters/mocking/character/npc_3_rigged.fbm/temp_orm_111859aa-2ec1-4eb6-9b3f-6a4153623a42_roughness.jpg in SourceAssetDB has modification time of '2026-05-26T15:23:32.6947991Z' while content on disk has modification time of '2026-05-26T15:24:44.1118576Z'
  ERROR: Build asset version error: assets/00_project/generatedcharacters/mocking/character/npc_3_rigged.fbm/temp_orm_111859aa-2ec1-4eb6-9b3f-6a4153623a42_roughness.jpg in SourceAssetDB has modification time of '2026-05-26T15:23:32.6947991Z' while content on disk has modification time of '2026-05-26T15:24:44.1118576Z'
Number of updated asset objects reloaded before import = 0Number of asset objects unloaded after import = 0

========================================================================
Received Import Request.
  Time since last request: 0.000016 seconds.
  path: Assets/00_Project/GeneratedCharacters/mocking/character/npc_3_rigged.fbm/Color_111859aa-2ec1-4eb6-9b3f-6a4153623a42.jpg
  artifactKey: Guid(10a4a4cdb3bcfac4c9f807f6798deb88) Importer(815301076,1909f56bfc062723c751e8b465ee728b)
Start importing Assets/00_Project/GeneratedCharacters/mocking/character/npc_3_rigged.fbm/Color_111859aa-2ec1-4eb6-9b3f-6a4153623a42.jpg using Guid(10a4a4cdb3bcfac4c9f807f6798deb88) Importer(815301076,1909f56bfc062723c751e8b465ee728b) (PreviewImporter) -> (artifact id: '00000000000000000000000000000000') in 0.0291136 seconds
Import Error Code:(4)
Message: Build asset version error: assets/00_project/generatedcharacters/mocking/character/npc_3_rigged.fbm/color_111859aa-2ec1-4eb6-9b3f-6a4153623a42.jpg in SourceAssetDB has modification time of '2026-05-26T15:23:32.6923037Z' while content on disk has modification time of '2026-05-26T15:24:44.1103553Z'
  ERROR: Build asset version error: assets/00_project/generatedcharacters/mocking/character/npc_3_rigged.fbm/color_111859aa-2ec1-4eb6-9b3f-6a4153623a42.jpg in SourceAssetDB has modification time of '2026-05-26T15:23:32.6923037Z' while content on disk has modification time of '2026-05-26T15:24:44.1103553Z'
Number of updated asset objects reloaded before import = 0Number of asset objects unloaded after import = 0

========================================================================
Received Import Request.
  Time since last request: 0.000022 seconds.
  path: Assets/00_Project/GeneratedCharacters/mocking/character/npc_3_rigged.fbm/temp_ORM_111859aa-2ec1-4eb6-9b3f-6a4153623a42_Metallic.jpg
  artifactKey: Guid(6095e6e900acffe45a3da568f0a57422) Importer(815301076,1909f56bfc062723c751e8b465ee728b)
Start importing Assets/00_Project/GeneratedCharacters/mocking/character/npc_3_rigged.fbm/temp_ORM_111859aa-2ec1-4eb6-9b3f-6a4153623a42_Metallic.jpg using Guid(6095e6e900acffe45a3da568f0a57422) Importer(815301076,1909f56bfc062723c751e8b465ee728b) (PreviewImporter) -> (artifact id: '00000000000000000000000000000000') in 0.0367835 seconds
Import Error Code:(4)
Message: Build asset version error: assets/00_project/generatedcharacters/mocking/character/npc_3_rigged.fbm/temp_orm_111859aa-2ec1-4eb6-9b3f-6a4153623a42_metallic.jpg in SourceAssetDB has modification time of '2026-05-26T15:23:32.6963018Z' while content on disk has modification time of '2026-05-26T15:24:44.1133605Z'
  ERROR: Build asset version error: assets/00_project/generatedcharacters/mocking/character/npc_3_rigged.fbm/temp_orm_111859aa-2ec1-4eb6-9b3f-6a4153623a42_metallic.jpg in SourceAssetDB has modification time of '2026-05-26T15:23:32.6963018Z' while content on disk has modification time of '2026-05-26T15:24:44.1133605Z'
Number of updated asset objects reloaded before import = 0Number of asset objects unloaded after import = 0

========================================================================
Received Import Request.
  Time since last request: 0.000025 seconds.
  path: Assets/00_Project/GeneratedCharacters/mocking/character/npc_3_rigged.fbm/NormalGL_111859aa-2ec1-4eb6-9b3f-6a4153623a42.jpg
  artifactKey: Guid(e19a21a20e6adcf478ad20c447539190) Importer(815301076,1909f56bfc062723c751e8b465ee728b)
Start importing Assets/00_Project/GeneratedCharacters/mocking/character/npc_3_rigged.fbm/NormalGL_111859aa-2ec1-4eb6-9b3f-6a4153623a42.jpg using Guid(e19a21a20e6adcf478ad20c447539190) Importer(815301076,1909f56bfc062723c751e8b465ee728b) (PreviewImporter) -> (artifact id: '00000000000000000000000000000000') in 0.0295837 seconds
Import Error Code:(4)
Message: Build asset version error: assets/00_project/generatedcharacters/mocking/character/npc_3_rigged.fbm/normalgl_111859aa-2ec1-4eb6-9b3f-6a4153623a42.jpg in SourceAssetDB has modification time of '2026-05-26T15:23:32.693301Z' while content on disk has modification time of '2026-05-26T15:24:44.1103553Z'
  ERROR: Build asset version error: assets/00_project/generatedcharacters/mocking/character/npc_3_rigged.fbm/normalgl_111859aa-2ec1-4eb6-9b3f-6a4153623a42.jpg in SourceAssetDB has modification time of '2026-05-26T15:23:32.693301Z' while content on disk has modification time of '2026-05-26T15:24:44.1103553Z'
Number of updated asset objects reloaded before import = 0Number of asset objects unloaded after import = 0

========================================================================
Received Import Request.
  Time since last request: 0.000018 seconds.
  path: Assets/00_Project/GeneratedCharacters/mocking/character/npc_3_rigged.fbm/Color_111859aa-2ec1-4eb6-9b3f-6a4153623a42.jpg
  artifactKey: Guid(10a4a4cdb3bcfac4c9f807f6798deb88) Importer(815301076,1909f56bfc062723c751e8b465ee728b)
Start importing Assets/00_Project/GeneratedCharacters/mocking/character/npc_3_rigged.fbm/Color_111859aa-2ec1-4eb6-9b3f-6a4153623a42.jpg using Guid(10a4a4cdb3bcfac4c9f807f6798deb88) Importer(815301076,1909f56bfc062723c751e8b465ee728b) (PreviewImporter) -> (artifact id: '00000000000000000000000000000000') in 0.0302061 seconds
Import Error Code:(4)
Message: Build asset version error: assets/00_project/generatedcharacters/mocking/character/npc_3_rigged.fbm/color_111859aa-2ec1-4eb6-9b3f-6a4153623a42.jpg in SourceAssetDB has modification time of '2026-05-26T15:23:32.6923037Z' while content on disk has modification time of '2026-05-26T15:24:44.1103553Z'
  ERROR: Build asset version error: assets/00_project/generatedcharacters/mocking/character/npc_3_rigged.fbm/color_111859aa-2ec1-4eb6-9b3f-6a4153623a42.jpg in SourceAssetDB has modification time of '2026-05-26T15:23:32.6923037Z' while content on disk has modification time of '2026-05-26T15:24:44.1103553Z'
Number of updated asset objects reloaded before import = 0Number of asset objects unloaded after import = 0

========================================================================
Received Import Request.
  Time since last request: 0.000017 seconds.
  path: Assets/00_Project/GeneratedCharacters/mocking/character/npc_3_rigged.fbm/temp_ORM_111859aa-2ec1-4eb6-9b3f-6a4153623a42_Metallic.jpg
  artifactKey: Guid(6095e6e900acffe45a3da568f0a57422) Importer(815301076,1909f56bfc062723c751e8b465ee728b)
Start importing Assets/00_Project/GeneratedCharacters/mocking/character/npc_3_rigged.fbm/temp_ORM_111859aa-2ec1-4eb6-9b3f-6a4153623a42_Metallic.jpg using Guid(6095e6e900acffe45a3da568f0a57422) Importer(815301076,1909f56bfc062723c751e8b465ee728b) (PreviewImporter) -> (artifact id: '00000000000000000000000000000000') in 0.0305706 seconds
Import Error Code:(4)
Message: Build asset version error: assets/00_project/generatedcharacters/mocking/character/npc_3_rigged.fbm/temp_orm_111859aa-2ec1-4eb6-9b3f-6a4153623a42_metallic.jpg in SourceAssetDB has modification time of '2026-05-26T15:23:32.6963018Z' while content on disk has modification time of '2026-05-26T15:24:44.1133605Z'
  ERROR: Build asset version error: assets/00_project/generatedcharacters/mocking/character/npc_3_rigged.fbm/temp_orm_111859aa-2ec1-4eb6-9b3f-6a4153623a42_metallic.jpg in SourceAssetDB has modification time of '2026-05-26T15:23:32.6963018Z' while content on disk has modification time of '2026-05-26T15:24:44.1133605Z'
Number of updated asset objects reloaded before import = 0Number of asset objects unloaded after import = 0

========================================================================
Received Import Request.
  Time since last request: 0.000021 seconds.
  path: Assets/00_Project/GeneratedCharacters/mocking/character/npc_3_rigged.fbm/temp_ORM_111859aa-2ec1-4eb6-9b3f-6a4153623a42_Roughness.jpg
  artifactKey: Guid(58d39ca4cc3414e42be20fc44c5f04de) Importer(815301076,1909f56bfc062723c751e8b465ee728b)
Start importing Assets/00_Project/GeneratedCharacters/mocking/character/npc_3_rigged.fbm/temp_ORM_111859aa-2ec1-4eb6-9b3f-6a4153623a42_Roughness.jpg using Guid(58d39ca4cc3414e42be20fc44c5f04de) Importer(815301076,1909f56bfc062723c751e8b465ee728b) (PreviewImporter) -> (artifact id: '00000000000000000000000000000000') in 0.0312623 seconds
Import Error Code:(4)
Message: Build asset version error: assets/00_project/generatedcharacters/mocking/character/npc_3_rigged.fbm/temp_orm_111859aa-2ec1-4eb6-9b3f-6a4153623a42_roughness.jpg in SourceAssetDB has modification time of '2026-05-26T15:23:32.6947991Z' while content on disk has modification time of '2026-05-26T15:24:44.1118576Z'
  ERROR: Build asset version error: assets/00_project/generatedcharacters/mocking/character/npc_3_rigged.fbm/temp_orm_111859aa-2ec1-4eb6-9b3f-6a4153623a42_roughness.jpg in SourceAssetDB has modification time of '2026-05-26T15:23:32.6947991Z' while content on disk has modification time of '2026-05-26T15:24:44.1118576Z'
Number of updated asset objects reloaded before import = 0Number of asset objects unloaded after import = 0

========================================================================
Received Import Request.
  Time since last request: 0.000027 seconds.
  path: Assets/00_Project/GeneratedCharacters/mocking/character/npc_3_rigged.fbm/NormalGL_111859aa-2ec1-4eb6-9b3f-6a4153623a42.jpg
  artifactKey: Guid(e19a21a20e6adcf478ad20c447539190) Importer(815301076,1909f56bfc062723c751e8b465ee728b)
Start importing Assets/00_Project/GeneratedCharacters/mocking/character/npc_3_rigged.fbm/NormalGL_111859aa-2ec1-4eb6-9b3f-6a4153623a42.jpg using Guid(e19a21a20e6adcf478ad20c447539190) Importer(815301076,1909f56bfc062723c751e8b465ee728b) (PreviewImporter) -> (artifact id: '00000000000000000000000000000000') in 0.0296417 seconds
Import Error Code:(4)
Message: Build asset version error: assets/00_project/generatedcharacters/mocking/character/npc_3_rigged.fbm/normalgl_111859aa-2ec1-4eb6-9b3f-6a4153623a42.jpg in SourceAssetDB has modification time of '2026-05-26T15:23:32.693301Z' while content on disk has modification time of '2026-05-26T15:24:44.1103553Z'
  ERROR: Build asset version error: assets/00_project/generatedcharacters/mocking/character/npc_3_rigged.fbm/normalgl_111859aa-2ec1-4eb6-9b3f-6a4153623a42.jpg in SourceAssetDB has modification time of '2026-05-26T15:23:32.693301Z' while content on disk has modification time of '2026-05-26T15:24:44.1103553Z'
Number of updated asset objects reloaded before import = 0Number of asset objects unloaded after import = 0

========================================================================
Received Import Request.
  Time since last request: 0.000017 seconds.
  path: Assets/00_Project/GeneratedCharacters/mocking/character/npc_3_rigged.fbm/Color_111859aa-2ec1-4eb6-9b3f-6a4153623a42.jpg
  artifactKey: Guid(10a4a4cdb3bcfac4c9f807f6798deb88) Importer(815301076,1909f56bfc062723c751e8b465ee728b)
Start importing Assets/00_Project/GeneratedCharacters/mocking/character/npc_3_rigged.fbm/Color_111859aa-2ec1-4eb6-9b3f-6a4153623a42.jpg using Guid(10a4a4cdb3bcfac4c9f807f6798deb88) Importer(815301076,1909f56bfc062723c751e8b465ee728b) (PreviewImporter) -> (artifact id: '00000000000000000000000000000000') in 0.0309257 seconds
Import Error Code:(4)
Message: Build asset version error: assets/00_project/generatedcharacters/mocking/character/npc_3_rigged.fbm/color_111859aa-2ec1-4eb6-9b3f-6a4153623a42.jpg in SourceAssetDB has modification time of '2026-05-26T15:23:32.6923037Z' while content on disk has modification time of '2026-05-26T15:24:44.1103553Z'
  ERROR: Build asset version error: assets/00_project/generatedcharacters/mocking/character/npc_3_rigged.fbm/color_111859aa-2ec1-4eb6-9b3f-6a4153623a42.jpg in SourceAssetDB has modification time of '2026-05-26T15:23:32.6923037Z' while content on disk has modification time of '2026-05-26T15:24:44.1103553Z'
Number of updated asset objects reloaded before import = 0Number of asset objects unloaded after import = 0

========================================================================
Received Import Request.
  Time since last request: 0.000017 seconds.
  path: Assets/00_Project/GeneratedCharacters/mocking/character/npc_3_rigged.fbm/temp_ORM_111859aa-2ec1-4eb6-9b3f-6a4153623a42_Metallic.jpg
  artifactKey: Guid(6095e6e900acffe45a3da568f0a57422) Importer(815301076,1909f56bfc062723c751e8b465ee728b)
Start importing Assets/00_Project/GeneratedCharacters/mocking/character/npc_3_rigged.fbm/temp_ORM_111859aa-2ec1-4eb6-9b3f-6a4153623a42_Metallic.jpg using Guid(6095e6e900acffe45a3da568f0a57422) Importer(815301076,1909f56bfc062723c751e8b465ee728b) (PreviewImporter) -> (artifact id: '00000000000000000000000000000000') in 0.0298431 seconds
Import Error Code:(4)
Message: Build asset version error: assets/00_project/generatedcharacters/mocking/character/npc_3_rigged.fbm/temp_orm_111859aa-2ec1-4eb6-9b3f-6a4153623a42_metallic.jpg in SourceAssetDB has modification time of '2026-05-26T15:23:32.6963018Z' while content on disk has modification time of '2026-05-26T15:24:44.1133605Z'
  ERROR: Build asset version error: assets/00_project/generatedcharacters/mocking/character/npc_3_rigged.fbm/temp_orm_111859aa-2ec1-4eb6-9b3f-6a4153623a42_metallic.jpg in SourceAssetDB has modification time of '2026-05-26T15:23:32.6963018Z' while content on disk has modification time of '2026-05-26T15:24:44.1133605Z'
Number of updated asset objects reloaded before import = 0Number of asset objects unloaded after import = 0

========================================================================
Received Import Request.
  Time since last request: 0.000019 seconds.
  path: Assets/00_Project/GeneratedCharacters/mocking/character/npc_3_rigged.fbm/temp_ORM_111859aa-2ec1-4eb6-9b3f-6a4153623a42_Roughness.jpg
  artifactKey: Guid(58d39ca4cc3414e42be20fc44c5f04de) Importer(815301076,1909f56bfc062723c751e8b465ee728b)
Start importing Assets/00_Project/GeneratedCharacters/mocking/character/npc_3_rigged.fbm/temp_ORM_111859aa-2ec1-4eb6-9b3f-6a4153623a42_Roughness.jpg using Guid(58d39ca4cc3414e42be20fc44c5f04de) Importer(815301076,1909f56bfc062723c751e8b465ee728b) (PreviewImporter) -> (artifact id: '00000000000000000000000000000000') in 0.0303478 seconds
Import Error Code:(4)
Message: Build asset version error: assets/00_project/generatedcharacters/mocking/character/npc_3_rigged.fbm/temp_orm_111859aa-2ec1-4eb6-9b3f-6a4153623a42_roughness.jpg in SourceAssetDB has modification time of '2026-05-26T15:23:32.6947991Z' while content on disk has modification time of '2026-05-26T15:24:44.1118576Z'
  ERROR: Build asset version error: assets/00_project/generatedcharacters/mocking/character/npc_3_rigged.fbm/temp_orm_111859aa-2ec1-4eb6-9b3f-6a4153623a42_roughness.jpg in SourceAssetDB has modification time of '2026-05-26T15:23:32.6947991Z' while content on disk has modification time of '2026-05-26T15:24:44.1118576Z'
Number of updated asset objects reloaded before import = 0Number of asset objects unloaded after import = 0

========================================================================
Received Import Request.
  Time since last request: 0.000024 seconds.
  path: Assets/00_Project/GeneratedCharacters/mocking/character/npc_3_rigged.fbm/NormalGL_111859aa-2ec1-4eb6-9b3f-6a4153623a42.jpg
  artifactKey: Guid(e19a21a20e6adcf478ad20c447539190) Importer(815301076,1909f56bfc062723c751e8b465ee728b)
Start importing Assets/00_Project/GeneratedCharacters/mocking/character/npc_3_rigged.fbm/NormalGL_111859aa-2ec1-4eb6-9b3f-6a4153623a42.jpg using Guid(e19a21a20e6adcf478ad20c447539190) Importer(815301076,1909f56bfc062723c751e8b465ee728b) (PreviewImporter) -> (artifact id: '00000000000000000000000000000000') in 0.0300567 seconds
Import Error Code:(4)
Message: Build asset version error: assets/00_project/generatedcharacters/mocking/character/npc_3_rigged.fbm/normalgl_111859aa-2ec1-4eb6-9b3f-6a4153623a42.jpg in SourceAssetDB has modification time of '2026-05-26T15:23:32.693301Z' while content on disk has modification time of '2026-05-26T15:24:44.1103553Z'
  ERROR: Build asset version error: assets/00_project/generatedcharacters/mocking/character/npc_3_rigged.fbm/normalgl_111859aa-2ec1-4eb6-9b3f-6a4153623a42.jpg in SourceAssetDB has modification time of '2026-05-26T15:23:32.693301Z' while content on disk has modification time of '2026-05-26T15:24:44.1103553Z'
Number of updated asset objects reloaded before import = 0Number of asset objects unloaded after import = 0

========================================================================
Received Import Request.
  Time since last request: 0.000017 seconds.
  path: Assets/00_Project/GeneratedCharacters/mocking/character/npc_3_rigged.fbm/temp_ORM_111859aa-2ec1-4eb6-9b3f-6a4153623a42_Metallic.jpg
  artifactKey: Guid(6095e6e900acffe45a3da568f0a57422) Importer(815301076,1909f56bfc062723c751e8b465ee728b)
Start importing Assets/00_Project/GeneratedCharacters/mocking/character/npc_3_rigged.fbm/temp_ORM_111859aa-2ec1-4eb6-9b3f-6a4153623a42_Metallic.jpg using Guid(6095e6e900acffe45a3da568f0a57422) Importer(815301076,1909f56bfc062723c751e8b465ee728b) (PreviewImporter) -> (artifact id: '00000000000000000000000000000000') in 0.031234 seconds
Import Error Code:(4)
Message: Build asset version error: assets/00_project/generatedcharacters/mocking/character/npc_3_rigged.fbm/temp_orm_111859aa-2ec1-4eb6-9b3f-6a4153623a42_metallic.jpg in SourceAssetDB has modification time of '2026-05-26T15:23:32.6963018Z' while content on disk has modification time of '2026-05-26T15:24:44.1133605Z'
  ERROR: Build asset version error: assets/00_project/generatedcharacters/mocking/character/npc_3_rigged.fbm/temp_orm_111859aa-2ec1-4eb6-9b3f-6a4153623a42_metallic.jpg in SourceAssetDB has modification time of '2026-05-26T15:23:32.6963018Z' while content on disk has modification time of '2026-05-26T15:24:44.1133605Z'
Number of updated asset objects reloaded before import = 0Number of asset objects unloaded after import = 0

========================================================================
Received Import Request.
  Time since last request: 0.000016 seconds.
  path: Assets/00_Project/GeneratedCharacters/mocking/character/npc_3_rigged.fbm/NormalGL_111859aa-2ec1-4eb6-9b3f-6a4153623a42.jpg
  artifactKey: Guid(e19a21a20e6adcf478ad20c447539190) Importer(815301076,1909f56bfc062723c751e8b465ee728b)
Start importing Assets/00_Project/GeneratedCharacters/mocking/character/npc_3_rigged.fbm/NormalGL_111859aa-2ec1-4eb6-9b3f-6a4153623a42.jpg using Guid(e19a21a20e6adcf478ad20c447539190) Importer(815301076,1909f56bfc062723c751e8b465ee728b) (PreviewImporter) -> (artifact id: '00000000000000000000000000000000') in 0.0300736 seconds
Import Error Code:(4)
Message: Build asset version error: assets/00_project/generatedcharacters/mocking/character/npc_3_rigged.fbm/normalgl_111859aa-2ec1-4eb6-9b3f-6a4153623a42.jpg in SourceAssetDB has modification time of '2026-05-26T15:23:32.693301Z' while content on disk has modification time of '2026-05-26T15:24:44.1103553Z'
  ERROR: Build asset version error: assets/00_project/generatedcharacters/mocking/character/npc_3_rigged.fbm/normalgl_111859aa-2ec1-4eb6-9b3f-6a4153623a42.jpg in SourceAssetDB has modification time of '2026-05-26T15:23:32.693301Z' while content on disk has modification time of '2026-05-26T15:24:44.1103553Z'
Number of updated asset objects reloaded before import = 0Number of asset objects unloaded after import = 0

========================================================================
Received Import Request.
  Time since last request: 0.000020 seconds.
  path: Assets/00_Project/GeneratedCharacters/mocking/character/npc_3_rigged.fbm/Color_111859aa-2ec1-4eb6-9b3f-6a4153623a42.jpg
  artifactKey: Guid(10a4a4cdb3bcfac4c9f807f6798deb88) Importer(815301076,1909f56bfc062723c751e8b465ee728b)
Start importing Assets/00_Project/GeneratedCharacters/mocking/character/npc_3_rigged.fbm/Color_111859aa-2ec1-4eb6-9b3f-6a4153623a42.jpg using Guid(10a4a4cdb3bcfac4c9f807f6798deb88) Importer(815301076,1909f56bfc062723c751e8b465ee728b) (PreviewImporter) -> (artifact id: '00000000000000000000000000000000') in 0.0288085 seconds
Import Error Code:(4)
Message: Build asset version error: assets/00_project/generatedcharacters/mocking/character/npc_3_rigged.fbm/color_111859aa-2ec1-4eb6-9b3f-6a4153623a42.jpg in SourceAssetDB has modification time of '2026-05-26T15:23:32.6923037Z' while content on disk has modification time of '2026-05-26T15:24:44.1103553Z'
  ERROR: Build asset version error: assets/00_project/generatedcharacters/mocking/character/npc_3_rigged.fbm/color_111859aa-2ec1-4eb6-9b3f-6a4153623a42.jpg in SourceAssetDB has modification time of '2026-05-26T15:23:32.6923037Z' while content on disk has modification time of '2026-05-26T15:24:44.1103553Z'
Number of updated asset objects reloaded before import = 0Number of asset objects unloaded after import = 0

========================================================================
Received Import Request.
  Time since last request: 0.000025 seconds.
  path: Assets/00_Project/GeneratedCharacters/mocking/character/npc_3_rigged.fbm/temp_ORM_111859aa-2ec1-4eb6-9b3f-6a4153623a42_Roughness.jpg
  artifactKey: Guid(58d39ca4cc3414e42be20fc44c5f04de) Importer(815301076,1909f56bfc062723c751e8b465ee728b)
Start importing Assets/00_Project/GeneratedCharacters/mocking/character/npc_3_rigged.fbm/temp_ORM_111859aa-2ec1-4eb6-9b3f-6a4153623a42_Roughness.jpg using Guid(58d39ca4cc3414e42be20fc44c5f04de) Importer(815301076,1909f56bfc062723c751e8b465ee728b) (PreviewImporter) -> (artifact id: '00000000000000000000000000000000') in 0.0414494 seconds
Import Error Code:(4)
Message: Build asset version error: assets/00_project/generatedcharacters/mocking/character/npc_3_rigged.fbm/temp_orm_111859aa-2ec1-4eb6-9b3f-6a4153623a42_roughness.jpg in SourceAssetDB has modification time of '2026-05-26T15:23:32.6947991Z' while content on disk has modification time of '2026-05-26T15:24:44.1118576Z'
  ERROR: Build asset version error: assets/00_project/generatedcharacters/mocking/character/npc_3_rigged.fbm/temp_orm_111859aa-2ec1-4eb6-9b3f-6a4153623a42_roughness.jpg in SourceAssetDB has modification time of '2026-05-26T15:23:32.6947991Z' while content on disk has modification time of '2026-05-26T15:24:44.1118576Z'
Number of updated asset objects reloaded before import = 0Number of asset objects unloaded after import = 0

========================================================================
Received Import Request.
  Time since last request: 0.000019 seconds.
  path: Assets/00_Project/GeneratedCharacters/mocking/character/npc_3_rigged.fbm/Color_111859aa-2ec1-4eb6-9b3f-6a4153623a42.jpg
  artifactKey: Guid(10a4a4cdb3bcfac4c9f807f6798deb88) Importer(815301076,1909f56bfc062723c751e8b465ee728b)
Start importing Assets/00_Project/GeneratedCharacters/mocking/character/npc_3_rigged.fbm/Color_111859aa-2ec1-4eb6-9b3f-6a4153623a42.jpg using Guid(10a4a4cdb3bcfac4c9f807f6798deb88) Importer(815301076,1909f56bfc062723c751e8b465ee728b) (PreviewImporter) -> (artifact id: '00000000000000000000000000000000') in 0.0377258 seconds
Import Error Code:(4)
Message: Build asset version error: assets/00_project/generatedcharacters/mocking/character/npc_3_rigged.fbm/color_111859aa-2ec1-4eb6-9b3f-6a4153623a42.jpg in SourceAssetDB has modification time of '2026-05-26T15:23:32.6923037Z' while content on disk has modification time of '2026-05-26T15:24:44.1103553Z'
  ERROR: Build asset version error: assets/00_project/generatedcharacters/mocking/character/npc_3_rigged.fbm/color_111859aa-2ec1-4eb6-9b3f-6a4153623a42.jpg in SourceAssetDB has modification time of '2026-05-26T15:23:32.6923037Z' while content on disk has modification time of '2026-05-26T15:24:44.1103553Z'
Number of updated asset objects reloaded before import = 0Number of asset objects unloaded after import = 0

========================================================================
Received Import Request.
  Time since last request: 0.000017 seconds.
  path: Assets/00_Project/GeneratedCharacters/mocking/character/npc_3_rigged.fbm/NormalGL_111859aa-2ec1-4eb6-9b3f-6a4153623a42.jpg
  artifactKey: Guid(e19a21a20e6adcf478ad20c447539190) Importer(815301076,1909f56bfc062723c751e8b465ee728b)
Start importing Assets/00_Project/GeneratedCharacters/mocking/character/npc_3_rigged.fbm/NormalGL_111859aa-2ec1-4eb6-9b3f-6a4153623a42.jpg using Guid(e19a21a20e6adcf478ad20c447539190) Importer(815301076,1909f56bfc062723c751e8b465ee728b) (PreviewImporter) -> (artifact id: '00000000000000000000000000000000') in 0.0295797 seconds
Import Error Code:(4)
Message: Build asset version error: assets/00_project/generatedcharacters/mocking/character/npc_3_rigged.fbm/normalgl_111859aa-2ec1-4eb6-9b3f-6a4153623a42.jpg in SourceAssetDB has modification time of '2026-05-26T15:23:32.693301Z' while content on disk has modification time of '2026-05-26T15:24:44.1103553Z'
  ERROR: Build asset version error: assets/00_project/generatedcharacters/mocking/character/npc_3_rigged.fbm/normalgl_111859aa-2ec1-4eb6-9b3f-6a4153623a42.jpg in SourceAssetDB has modification time of '2026-05-26T15:23:32.693301Z' while content on disk has modification time of '2026-05-26T15:24:44.1103553Z'
Number of updated asset objects reloaded before import = 0Number of asset objects unloaded after import = 0

========================================================================
Received Import Request.
  Time since last request: 0.000022 seconds.
  path: Assets/00_Project/GeneratedCharacters/mocking/character/npc_3_rigged.fbm/Color_111859aa-2ec1-4eb6-9b3f-6a4153623a42.jpg
  artifactKey: Guid(10a4a4cdb3bcfac4c9f807f6798deb88) Importer(815301076,1909f56bfc062723c751e8b465ee728b)
Start importing Assets/00_Project/GeneratedCharacters/mocking/character/npc_3_rigged.fbm/Color_111859aa-2ec1-4eb6-9b3f-6a4153623a42.jpg using Guid(10a4a4cdb3bcfac4c9f807f6798deb88) Importer(815301076,1909f56bfc062723c751e8b465ee728b) (PreviewImporter) -> (artifact id: '00000000000000000000000000000000') in 0.026753 seconds
Import Error Code:(4)
Message: Build asset version error: assets/00_project/generatedcharacters/mocking/character/npc_3_rigged.fbm/color_111859aa-2ec1-4eb6-9b3f-6a4153623a42.jpg in SourceAssetDB has modification time of '2026-05-26T15:23:32.6923037Z' while content on disk has modification time of '2026-05-26T15:24:44.1103553Z'
  ERROR: Build asset version error: assets/00_project/generatedcharacters/mocking/character/npc_3_rigged.fbm/color_111859aa-2ec1-4eb6-9b3f-6a4153623a42.jpg in SourceAssetDB has modification time of '2026-05-26T15:23:32.6923037Z' while content on disk has modification time of '2026-05-26T15:24:44.1103553Z'
Number of updated asset objects reloaded before import = 0Number of asset objects unloaded after import = 0

========================================================================
Received Import Request.
  Time since last request: 0.000026 seconds.
  path: Assets/00_Project/GeneratedCharacters/mocking/character/npc_3_rigged.fbm/temp_ORM_111859aa-2ec1-4eb6-9b3f-6a4153623a42_Roughness.jpg
  artifactKey: Guid(58d39ca4cc3414e42be20fc44c5f04de) Importer(815301076,1909f56bfc062723c751e8b465ee728b)
Start importing Assets/00_Project/GeneratedCharacters/mocking/character/npc_3_rigged.fbm/temp_ORM_111859aa-2ec1-4eb6-9b3f-6a4153623a42_Roughness.jpg using Guid(58d39ca4cc3414e42be20fc44c5f04de) Importer(815301076,1909f56bfc062723c751e8b465ee728b) (PreviewImporter) -> (artifact id: '00000000000000000000000000000000') in 0.0324966 seconds
Import Error Code:(4)
Message: Build asset version error: assets/00_project/generatedcharacters/mocking/character/npc_3_rigged.fbm/temp_orm_111859aa-2ec1-4eb6-9b3f-6a4153623a42_roughness.jpg in SourceAssetDB has modification time of '2026-05-26T15:23:32.6947991Z' while content on disk has modification time of '2026-05-26T15:24:44.1118576Z'
  ERROR: Build asset version error: assets/00_project/generatedcharacters/mocking/character/npc_3_rigged.fbm/temp_orm_111859aa-2ec1-4eb6-9b3f-6a4153623a42_roughness.jpg in SourceAssetDB has modification time of '2026-05-26T15:23:32.6947991Z' while content on disk has modification time of '2026-05-26T15:24:44.1118576Z'
Number of updated asset objects reloaded before import = 0Number of asset objects unloaded after import = 0

========================================================================
Received Import Request.
  Time since last request: 0.000017 seconds.
  path: Assets/00_Project/GeneratedCharacters/mocking/character/npc_3_rigged.fbm/temp_ORM_111859aa-2ec1-4eb6-9b3f-6a4153623a42_Metallic.jpg
  artifactKey: Guid(6095e6e900acffe45a3da568f0a57422) Importer(815301076,1909f56bfc062723c751e8b465ee728b)
Start importing Assets/00_Project/GeneratedCharacters/mocking/character/npc_3_rigged.fbm/temp_ORM_111859aa-2ec1-4eb6-9b3f-6a4153623a42_Metallic.jpg using Guid(6095e6e900acffe45a3da568f0a57422) Importer(815301076,1909f56bfc062723c751e8b465ee728b) (PreviewImporter) -> (artifact id: '00000000000000000000000000000000') in 0.0348601 seconds
Import Error Code:(4)
Message: Build asset version error: assets/00_project/generatedcharacters/mocking/character/npc_3_rigged.fbm/temp_orm_111859aa-2ec1-4eb6-9b3f-6a4153623a42_metallic.jpg in SourceAssetDB has modification time of '2026-05-26T15:23:32.6963018Z' while content on disk has modification time of '2026-05-26T15:24:44.1133605Z'
  ERROR: Build asset version error: assets/00_project/generatedcharacters/mocking/character/npc_3_rigged.fbm/temp_orm_111859aa-2ec1-4eb6-9b3f-6a4153623a42_metallic.jpg in SourceAssetDB has modification time of '2026-05-26T15:23:32.6963018Z' while content on disk has modification time of '2026-05-26T15:24:44.1133605Z'
Number of updated asset objects reloaded before import = 0Number of asset objects unloaded after import = 0

========================================================================
Received Import Request.
  Time since last request: 0.000020 seconds.
  path: Assets/00_Project/GeneratedCharacters/mocking/character/npc_3_rigged.fbm/Color_111859aa-2ec1-4eb6-9b3f-6a4153623a42.jpg
  artifactKey: Guid(10a4a4cdb3bcfac4c9f807f6798deb88) Importer(815301076,1909f56bfc062723c751e8b465ee728b)
Start importing Assets/00_Project/GeneratedCharacters/mocking/character/npc_3_rigged.fbm/Color_111859aa-2ec1-4eb6-9b3f-6a4153623a42.jpg using Guid(10a4a4cdb3bcfac4c9f807f6798deb88) Importer(815301076,1909f56bfc062723c751e8b465ee728b) (PreviewImporter) -> (artifact id: '00000000000000000000000000000000') in 0.0295374 seconds
Import Error Code:(4)
Message: Build asset version error: assets/00_project/generatedcharacters/mocking/character/npc_3_rigged.fbm/color_111859aa-2ec1-4eb6-9b3f-6a4153623a42.jpg in SourceAssetDB has modification time of '2026-05-26T15:23:32.6923037Z' while content on disk has modification time of '2026-05-26T15:24:44.1103553Z'
  ERROR: Build asset version error: assets/00_project/generatedcharacters/mocking/character/npc_3_rigged.fbm/color_111859aa-2ec1-4eb6-9b3f-6a4153623a42.jpg in SourceAssetDB has modification time of '2026-05-26T15:23:32.6923037Z' while content on disk has modification time of '2026-05-26T15:24:44.1103553Z'
Number of updated asset objects reloaded before import = 0Number of asset objects unloaded after import = 0

========================================================================
Received Import Request.
  Time since last request: 0.000038 seconds.
  path: Assets/00_Project/GeneratedCharacters/mocking/character/npc_3_rigged.fbm/NormalGL_111859aa-2ec1-4eb6-9b3f-6a4153623a42.jpg
  artifactKey: Guid(e19a21a20e6adcf478ad20c447539190) Importer(815301076,1909f56bfc062723c751e8b465ee728b)
Start importing Assets/00_Project/GeneratedCharacters/mocking/character/npc_3_rigged.fbm/NormalGL_111859aa-2ec1-4eb6-9b3f-6a4153623a42.jpg using Guid(e19a21a20e6adcf478ad20c447539190) Importer(815301076,1909f56bfc062723c751e8b465ee728b) (PreviewImporter) -> (artifact id: '00000000000000000000000000000000') in 0.0302881 seconds
Import Error Code:(4)
Message: Build asset version error: assets/00_project/generatedcharacters/mocking/character/npc_3_rigged.fbm/normalgl_111859aa-2ec1-4eb6-9b3f-6a4153623a42.jpg in SourceAssetDB has modification time of '2026-05-26T15:23:32.693301Z' while content on disk has modification time of '2026-05-26T15:24:44.1103553Z'
  ERROR: Build asset version error: assets/00_project/generatedcharacters/mocking/character/npc_3_rigged.fbm/normalgl_111859aa-2ec1-4eb6-9b3f-6a4153623a42.jpg in SourceAssetDB has modification time of '2026-05-26T15:23:32.693301Z' while content on disk has modification time of '2026-05-26T15:24:44.1103553Z'
Number of updated asset objects reloaded before import = 0Number of asset objects unloaded after import = 0

========================================================================
Received Import Request.
  Time since last request: 0.000031 seconds.
  path: Assets/00_Project/GeneratedCharacters/mocking/character/npc_3_rigged.fbm/temp_ORM_111859aa-2ec1-4eb6-9b3f-6a4153623a42_Roughness.jpg
  artifactKey: Guid(58d39ca4cc3414e42be20fc44c5f04de) Importer(815301076,1909f56bfc062723c751e8b465ee728b)
Start importing Assets/00_Project/GeneratedCharacters/mocking/character/npc_3_rigged.fbm/temp_ORM_111859aa-2ec1-4eb6-9b3f-6a4153623a42_Roughness.jpg using Guid(58d39ca4cc3414e42be20fc44c5f04de) Importer(815301076,1909f56bfc062723c751e8b465ee728b) (PreviewImporter) -> (artifact id: '00000000000000000000000000000000') in 0.0313629 seconds
Import Error Code:(4)
Message: Build asset version error: assets/00_project/generatedcharacters/mocking/character/npc_3_rigged.fbm/temp_orm_111859aa-2ec1-4eb6-9b3f-6a4153623a42_roughness.jpg in SourceAssetDB has modification time of '2026-05-26T15:23:32.6947991Z' while content on disk has modification time of '2026-05-26T15:24:44.1118576Z'
  ERROR: Build asset version error: assets/00_project/generatedcharacters/mocking/character/npc_3_rigged.fbm/temp_orm_111859aa-2ec1-4eb6-9b3f-6a4153623a42_roughness.jpg in SourceAssetDB has modification time of '2026-05-26T15:23:32.6947991Z' while content on disk has modification time of '2026-05-26T15:24:44.1118576Z'
Number of updated asset objects reloaded before import = 0Number of asset objects unloaded after import = 0

========================================================================
Received Import Request.
  Time since last request: 0.000019 seconds.
  path: Assets/00_Project/GeneratedCharacters/mocking/character/npc_3_rigged.fbm/temp_ORM_111859aa-2ec1-4eb6-9b3f-6a4153623a42_Metallic.jpg
  artifactKey: Guid(6095e6e900acffe45a3da568f0a57422) Importer(815301076,1909f56bfc062723c751e8b465ee728b)
Start importing Assets/00_Project/GeneratedCharacters/mocking/character/npc_3_rigged.fbm/temp_ORM_111859aa-2ec1-4eb6-9b3f-6a4153623a42_Metallic.jpg using Guid(6095e6e900acffe45a3da568f0a57422) Importer(815301076,1909f56bfc062723c751e8b465ee728b) (PreviewImporter) -> (artifact id: '00000000000000000000000000000000') in 0.02918 seconds
Import Error Code:(4)
Message: Build asset version error: assets/00_project/generatedcharacters/mocking/character/npc_3_rigged.fbm/temp_orm_111859aa-2ec1-4eb6-9b3f-6a4153623a42_metallic.jpg in SourceAssetDB has modification time of '2026-05-26T15:23:32.6963018Z' while content on disk has modification time of '2026-05-26T15:24:44.1133605Z'
  ERROR: Build asset version error: assets/00_project/generatedcharacters/mocking/character/npc_3_rigged.fbm/temp_orm_111859aa-2ec1-4eb6-9b3f-6a4153623a42_metallic.jpg in SourceAssetDB has modification time of '2026-05-26T15:23:32.6963018Z' while content on disk has modification time of '2026-05-26T15:24:44.1133605Z'
Number of updated asset objects reloaded before import = 0Number of asset objects unloaded after import = 0

========================================================================
Received Import Request.
  Time since last request: 0.000017 seconds.
  path: Assets/00_Project/GeneratedCharacters/mocking/character/npc_3_rigged.fbm/Color_111859aa-2ec1-4eb6-9b3f-6a4153623a42.jpg
  artifactKey: Guid(10a4a4cdb3bcfac4c9f807f6798deb88) Importer(815301076,1909f56bfc062723c751e8b465ee728b)
Start importing Assets/00_Project/GeneratedCharacters/mocking/character/npc_3_rigged.fbm/Color_111859aa-2ec1-4eb6-9b3f-6a4153623a42.jpg using Guid(10a4a4cdb3bcfac4c9f807f6798deb88) Importer(815301076,1909f56bfc062723c751e8b465ee728b) (PreviewImporter) -> (artifact id: '00000000000000000000000000000000') in 0.027642 seconds
Import Error Code:(4)
Message: Build asset version error: assets/00_project/generatedcharacters/mocking/character/npc_3_rigged.fbm/color_111859aa-2ec1-4eb6-9b3f-6a4153623a42.jpg in SourceAssetDB has modification time of '2026-05-26T15:23:32.6923037Z' while content on disk has modification time of '2026-05-26T15:24:44.1103553Z'
  ERROR: Build asset version error: assets/00_project/generatedcharacters/mocking/character/npc_3_rigged.fbm/color_111859aa-2ec1-4eb6-9b3f-6a4153623a42.jpg in SourceAssetDB has modification time of '2026-05-26T15:23:32.6923037Z' while content on disk has modification time of '2026-05-26T15:24:44.1103553Z'
Number of updated asset objects reloaded before import = 0Number of asset objects unloaded after import = 0

========================================================================
Received Import Request.
  Time since last request: 0.000020 seconds.
  path: Assets/00_Project/GeneratedCharacters/mocking/character/npc_3_rigged.fbm/NormalGL_111859aa-2ec1-4eb6-9b3f-6a4153623a42.jpg
  artifactKey: Guid(e19a21a20e6adcf478ad20c447539190) Importer(815301076,1909f56bfc062723c751e8b465ee728b)
Start importing Assets/00_Project/GeneratedCharacters/mocking/character/npc_3_rigged.fbm/NormalGL_111859aa-2ec1-4eb6-9b3f-6a4153623a42.jpg using Guid(e19a21a20e6adcf478ad20c447539190) Importer(815301076,1909f56bfc062723c751e8b465ee728b) (PreviewImporter) -> (artifact id: '00000000000000000000000000000000') in 0.0282717 seconds
Import Error Code:(4)
Message: Build asset version error: assets/00_project/generatedcharacters/mocking/character/npc_3_rigged.fbm/normalgl_111859aa-2ec1-4eb6-9b3f-6a4153623a42.jpg in SourceAssetDB has modification time of '2026-05-26T15:23:32.693301Z' while content on disk has modification time of '2026-05-26T15:24:44.1103553Z'
  ERROR: Build asset version error: assets/00_project/generatedcharacters/mocking/character/npc_3_rigged.fbm/normalgl_111859aa-2ec1-4eb6-9b3f-6a4153623a42.jpg in SourceAssetDB has modification time of '2026-05-26T15:23:32.693301Z' while content on disk has modification time of '2026-05-26T15:24:44.1103553Z'
Number of updated asset objects reloaded before import = 0Number of asset objects unloaded after import = 0

========================================================================
Received Import Request.
  Time since last request: 0.000024 seconds.
  path: Assets/00_Project/GeneratedCharacters/mocking/character/npc_3_rigged.fbm/Color_111859aa-2ec1-4eb6-9b3f-6a4153623a42.jpg
  artifactKey: Guid(10a4a4cdb3bcfac4c9f807f6798deb88) Importer(815301076,1909f56bfc062723c751e8b465ee728b)
Start importing Assets/00_Project/GeneratedCharacters/mocking/character/npc_3_rigged.fbm/Color_111859aa-2ec1-4eb6-9b3f-6a4153623a42.jpg using Guid(10a4a4cdb3bcfac4c9f807f6798deb88) Importer(815301076,1909f56bfc062723c751e8b465ee728b) (PreviewImporter) -> (artifact id: '00000000000000000000000000000000') in 0.0289819 seconds
Import Error Code:(4)
Message: Build asset version error: assets/00_project/generatedcharacters/mocking/character/npc_3_rigged.fbm/color_111859aa-2ec1-4eb6-9b3f-6a4153623a42.jpg in SourceAssetDB has modification time of '2026-05-26T15:23:32.6923037Z' while content on disk has modification time of '2026-05-26T15:24:44.1103553Z'
  ERROR: Build asset version error: assets/00_project/generatedcharacters/mocking/character/npc_3_rigged.fbm/color_111859aa-2ec1-4eb6-9b3f-6a4153623a42.jpg in SourceAssetDB has modification time of '2026-05-26T15:23:32.6923037Z' while content on disk has modification time of '2026-05-26T15:24:44.1103553Z'
Number of updated asset objects reloaded before import = 0Number of asset objects unloaded after import = 0

========================================================================
Received Import Request.
  Time since last request: 0.000018 seconds.
  path: Assets/00_Project/GeneratedCharacters/mocking/character/npc_3_rigged.fbm/NormalGL_111859aa-2ec1-4eb6-9b3f-6a4153623a42.jpg
  artifactKey: Guid(e19a21a20e6adcf478ad20c447539190) Importer(815301076,1909f56bfc062723c751e8b465ee728b)
Start importing Assets/00_Project/GeneratedCharacters/mocking/character/npc_3_rigged.fbm/NormalGL_111859aa-2ec1-4eb6-9b3f-6a4153623a42.jpg using Guid(e19a21a20e6adcf478ad20c447539190) Importer(815301076,1909f56bfc062723c751e8b465ee728b) (PreviewImporter) -> (artifact id: '00000000000000000000000000000000') in 0.0300285 seconds
Import Error Code:(4)
Message: Build asset version error: assets/00_project/generatedcharacters/mocking/character/npc_3_rigged.fbm/normalgl_111859aa-2ec1-4eb6-9b3f-6a4153623a42.jpg in SourceAssetDB has modification time of '2026-05-26T15:23:32.693301Z' while content on disk has modification time of '2026-05-26T15:24:44.1103553Z'
  ERROR: Build asset version error: assets/00_project/generatedcharacters/mocking/character/npc_3_rigged.fbm/normalgl_111859aa-2ec1-4eb6-9b3f-6a4153623a42.jpg in SourceAssetDB has modification time of '2026-05-26T15:23:32.693301Z' while content on disk has modification time of '2026-05-26T15:24:44.1103553Z'
Number of updated asset objects reloaded before import = 0Number of asset objects unloaded after import = 0

========================================================================
Received Import Request.
  Time since last request: 0.000018 seconds.
  path: Assets/00_Project/GeneratedCharacters/mocking/character/npc_3_rigged.fbm/Color_111859aa-2ec1-4eb6-9b3f-6a4153623a42.jpg
  artifactKey: Guid(10a4a4cdb3bcfac4c9f807f6798deb88) Importer(815301076,1909f56bfc062723c751e8b465ee728b)
Start importing Assets/00_Project/GeneratedCharacters/mocking/character/npc_3_rigged.fbm/Color_111859aa-2ec1-4eb6-9b3f-6a4153623a42.jpg using Guid(10a4a4cdb3bcfac4c9f807f6798deb88) Importer(815301076,1909f56bfc062723c751e8b465ee728b) (PreviewImporter) -> (artifact id: '00000000000000000000000000000000') in 0.0277406 seconds
Import Error Code:(4)
Message: Build asset version error: assets/00_project/generatedcharacters/mocking/character/npc_3_rigged.fbm/color_111859aa-2ec1-4eb6-9b3f-6a4153623a42.jpg in SourceAssetDB has modification time of '2026-05-26T15:23:32.6923037Z' while content on disk has modification time of '2026-05-26T15:24:44.1103553Z'
  ERROR: Build asset version error: assets/00_project/generatedcharacters/mocking/character/npc_3_rigged.fbm/color_111859aa-2ec1-4eb6-9b3f-6a4153623a42.jpg in SourceAssetDB has modification time of '2026-05-26T15:23:32.6923037Z' while content on disk has modification time of '2026-05-26T15:24:44.1103553Z'
Number of updated asset objects reloaded before import = 0Number of asset objects unloaded after import = 0

========================================================================
Received Import Request.
  Time since last request: 0.000020 seconds.
  path: Assets/00_Project/GeneratedCharacters/mocking/character/npc_3_rigged.fbm/NormalGL_111859aa-2ec1-4eb6-9b3f-6a4153623a42.jpg
  artifactKey: Guid(e19a21a20e6adcf478ad20c447539190) Importer(815301076,1909f56bfc062723c751e8b465ee728b)
Start importing Assets/00_Project/GeneratedCharacters/mocking/character/npc_3_rigged.fbm/NormalGL_111859aa-2ec1-4eb6-9b3f-6a4153623a42.jpg using Guid(e19a21a20e6adcf478ad20c447539190) Importer(815301076,1909f56bfc062723c751e8b465ee728b) (PreviewImporter) -> (artifact id: '00000000000000000000000000000000') in 0.0292547 seconds
Import Error Code:(4)
Message: Build asset version error: assets/00_project/generatedcharacters/mocking/character/npc_3_rigged.fbm/normalgl_111859aa-2ec1-4eb6-9b3f-6a4153623a42.jpg in SourceAssetDB has modification time of '2026-05-26T15:23:32.693301Z' while content on disk has modification time of '2026-05-26T15:24:44.1103553Z'
  ERROR: Build asset version error: assets/00_project/generatedcharacters/mocking/character/npc_3_rigged.fbm/normalgl_111859aa-2ec1-4eb6-9b3f-6a4153623a42.jpg in SourceAssetDB has modification time of '2026-05-26T15:23:32.693301Z' while content on disk has modification time of '2026-05-26T15:24:44.1103553Z'
Number of updated asset objects reloaded before import = 0Number of asset objects unloaded after import = 0

========================================================================
Received Import Request.
  Time since last request: 0.000024 seconds.
  path: Assets/00_Project/GeneratedCharacters/mocking/character/npc_3_rigged.fbm/temp_ORM_111859aa-2ec1-4eb6-9b3f-6a4153623a42_Metallic.jpg
  artifactKey: Guid(6095e6e900acffe45a3da568f0a57422) Importer(815301076,1909f56bfc062723c751e8b465ee728b)
Start importing Assets/00_Project/GeneratedCharacters/mocking/character/npc_3_rigged.fbm/temp_ORM_111859aa-2ec1-4eb6-9b3f-6a4153623a42_Metallic.jpg using Guid(6095e6e900acffe45a3da568f0a57422) Importer(815301076,1909f56bfc062723c751e8b465ee728b) (PreviewImporter) -> (artifact id: '00000000000000000000000000000000') in 0.0304693 seconds
Import Error Code:(4)
Message: Build asset version error: assets/00_project/generatedcharacters/mocking/character/npc_3_rigged.fbm/temp_orm_111859aa-2ec1-4eb6-9b3f-6a4153623a42_metallic.jpg in SourceAssetDB has modification time of '2026-05-26T15:23:32.6963018Z' while content on disk has modification time of '2026-05-26T15:24:44.1133605Z'
  ERROR: Build asset version error: assets/00_project/generatedcharacters/mocking/character/npc_3_rigged.fbm/temp_orm_111859aa-2ec1-4eb6-9b3f-6a4153623a42_metallic.jpg in SourceAssetDB has modification time of '2026-05-26T15:23:32.6963018Z' while content on disk has modification time of '2026-05-26T15:24:44.1133605Z'
Number of updated asset objects reloaded before import = 0Number of asset objects unloaded after import = 0

========================================================================
Received Import Request.
  Time since last request: 0.000016 seconds.
  path: Assets/00_Project/GeneratedCharacters/mocking/character/npc_3_rigged.fbm/Color_111859aa-2ec1-4eb6-9b3f-6a4153623a42.jpg
  artifactKey: Guid(10a4a4cdb3bcfac4c9f807f6798deb88) Importer(815301076,1909f56bfc062723c751e8b465ee728b)
Start importing Assets/00_Project/GeneratedCharacters/mocking/character/npc_3_rigged.fbm/Color_111859aa-2ec1-4eb6-9b3f-6a4153623a42.jpg using Guid(10a4a4cdb3bcfac4c9f807f6798deb88) Importer(815301076,1909f56bfc062723c751e8b465ee728b) (PreviewImporter) -> (artifact id: '00000000000000000000000000000000') in 0.0289605 seconds
Import Error Code:(4)
Message: Build asset version error: assets/00_project/generatedcharacters/mocking/character/npc_3_rigged.fbm/color_111859aa-2ec1-4eb6-9b3f-6a4153623a42.jpg in SourceAssetDB has modification time of '2026-05-26T15:23:32.6923037Z' while content on disk has modification time of '2026-05-26T15:24:44.1103553Z'
  ERROR: Build asset version error: assets/00_project/generatedcharacters/mocking/character/npc_3_rigged.fbm/color_111859aa-2ec1-4eb6-9b3f-6a4153623a42.jpg in SourceAssetDB has modification time of '2026-05-26T15:23:32.6923037Z' while content on disk has modification time of '2026-05-26T15:24:44.1103553Z'
Number of updated asset objects reloaded before import = 0Number of asset objects unloaded after import = 0

========================================================================
Received Import Request.
  Time since last request: 0.000018 seconds.
  path: Assets/00_Project/GeneratedCharacters/mocking/character/npc_3_rigged.fbm/temp_ORM_111859aa-2ec1-4eb6-9b3f-6a4153623a42_Roughness.jpg
  artifactKey: Guid(58d39ca4cc3414e42be20fc44c5f04de) Importer(815301076,1909f56bfc062723c751e8b465ee728b)
Start importing Assets/00_Project/GeneratedCharacters/mocking/character/npc_3_rigged.fbm/temp_ORM_111859aa-2ec1-4eb6-9b3f-6a4153623a42_Roughness.jpg using Guid(58d39ca4cc3414e42be20fc44c5f04de) Importer(815301076,1909f56bfc062723c751e8b465ee728b) (PreviewImporter) -> (artifact id: '00000000000000000000000000000000') in 0.0335775 seconds
Import Error Code:(4)
Message: Build asset version error: assets/00_project/generatedcharacters/mocking/character/npc_3_rigged.fbm/temp_orm_111859aa-2ec1-4eb6-9b3f-6a4153623a42_roughness.jpg in SourceAssetDB has modification time of '2026-05-26T15:23:32.6947991Z' while content on disk has modification time of '2026-05-26T15:24:44.1118576Z'
  ERROR: Build asset version error: assets/00_project/generatedcharacters/mocking/character/npc_3_rigged.fbm/temp_orm_111859aa-2ec1-4eb6-9b3f-6a4153623a42_roughness.jpg in SourceAssetDB has modification time of '2026-05-26T15:23:32.6947991Z' while content on disk has modification time of '2026-05-26T15:24:44.1118576Z'
Number of updated asset objects reloaded before import = 0Number of asset objects unloaded after import = 0

========================================================================
Received Import Request.
  Time since last request: 0.000049 seconds.
  path: Assets/00_Project/GeneratedCharacters/mocking/character/npc_3_rigged.fbm/Color_111859aa-2ec1-4eb6-9b3f-6a4153623a42.jpg
  artifactKey: Guid(10a4a4cdb3bcfac4c9f807f6798deb88) Importer(815301076,1909f56bfc062723c751e8b465ee728b)
Start importing Assets/00_Project/GeneratedCharacters/mocking/character/npc_3_rigged.fbm/Color_111859aa-2ec1-4eb6-9b3f-6a4153623a42.jpg using Guid(10a4a4cdb3bcfac4c9f807f6798deb88) Importer(815301076,1909f56bfc062723c751e8b465ee728b) (PreviewImporter) -> (artifact id: '00000000000000000000000000000000') in 0.0275246 seconds
Import Error Code:(4)
Message: Build asset version error: assets/00_project/generatedcharacters/mocking/character/npc_3_rigged.fbm/color_111859aa-2ec1-4eb6-9b3f-6a4153623a42.jpg in SourceAssetDB has modification time of '2026-05-26T15:23:32.6923037Z' while content on disk has modification time of '2026-05-26T15:24:44.1103553Z'
  ERROR: Build asset version error: assets/00_project/generatedcharacters/mocking/character/npc_3_rigged.fbm/color_111859aa-2ec1-4eb6-9b3f-6a4153623a42.jpg in SourceAssetDB has modification time of '2026-05-26T15:23:32.6923037Z' while content on disk has modification time of '2026-05-26T15:24:44.1103553Z'
Number of updated asset objects reloaded before import = 0Number of asset objects unloaded after import = 0

========================================================================
Received Import Request.
  Time since last request: 0.000026 seconds.
  path: Assets/00_Project/GeneratedCharacters/mocking/character/npc_3_rigged.fbm/temp_ORM_111859aa-2ec1-4eb6-9b3f-6a4153623a42_Roughness.jpg
  artifactKey: Guid(58d39ca4cc3414e42be20fc44c5f04de) Importer(815301076,1909f56bfc062723c751e8b465ee728b)
Start importing Assets/00_Project/GeneratedCharacters/mocking/character/npc_3_rigged.fbm/temp_ORM_111859aa-2ec1-4eb6-9b3f-6a4153623a42_Roughness.jpg using Guid(58d39ca4cc3414e42be20fc44c5f04de) Importer(815301076,1909f56bfc062723c751e8b465ee728b) (PreviewImporter) -> (artifact id: '00000000000000000000000000000000') in 0.0302316 seconds
Import Error Code:(4)
Message: Build asset version error: assets/00_project/generatedcharacters/mocking/character/npc_3_rigged.fbm/temp_orm_111859aa-2ec1-4eb6-9b3f-6a4153623a42_roughness.jpg in SourceAssetDB has modification time of '2026-05-26T15:23:32.6947991Z' while content on disk has modification time of '2026-05-26T15:24:44.1118576Z'
  ERROR: Build asset version error: assets/00_project/generatedcharacters/mocking/character/npc_3_rigged.fbm/temp_orm_111859aa-2ec1-4eb6-9b3f-6a4153623a42_roughness.jpg in SourceAssetDB has modification time of '2026-05-26T15:23:32.6947991Z' while content on disk has modification time of '2026-05-26T15:24:44.1118576Z'
Number of updated asset objects reloaded before import = 0Number of asset objects unloaded after import = 0

========================================================================
Received Import Request.
  Time since last request: 0.000019 seconds.
  path: Assets/00_Project/GeneratedCharacters/mocking/character/npc_3_rigged.fbm/NormalGL_111859aa-2ec1-4eb6-9b3f-6a4153623a42.jpg
  artifactKey: Guid(e19a21a20e6adcf478ad20c447539190) Importer(815301076,1909f56bfc062723c751e8b465ee728b)
Start importing Assets/00_Project/GeneratedCharacters/mocking/character/npc_3_rigged.fbm/NormalGL_111859aa-2ec1-4eb6-9b3f-6a4153623a42.jpg using Guid(e19a21a20e6adcf478ad20c447539190) Importer(815301076,1909f56bfc062723c751e8b465ee728b) (PreviewImporter) -> (artifact id: '00000000000000000000000000000000') in 0.0294307 seconds
Import Error Code:(4)
Message: Build asset version error: assets/00_project/generatedcharacters/mocking/character/npc_3_rigged.fbm/normalgl_111859aa-2ec1-4eb6-9b3f-6a4153623a42.jpg in SourceAssetDB has modification time of '2026-05-26T15:23:32.693301Z' while content on disk has modification time of '2026-05-26T15:24:44.1103553Z'
  ERROR: Build asset version error: assets/00_project/generatedcharacters/mocking/character/npc_3_rigged.fbm/normalgl_111859aa-2ec1-4eb6-9b3f-6a4153623a42.jpg in SourceAssetDB has modification time of '2026-05-26T15:23:32.693301Z' while content on disk has modification time of '2026-05-26T15:24:44.1103553Z'
Number of updated asset objects reloaded before import = 0Number of asset objects unloaded after import = 0

========================================================================
Received Import Request.
  Time since last request: 0.000017 seconds.
  path: Assets/00_Project/GeneratedCharacters/mocking/character/npc_3_rigged.fbm/temp_ORM_111859aa-2ec1-4eb6-9b3f-6a4153623a42_Metallic.jpg
  artifactKey: Guid(6095e6e900acffe45a3da568f0a57422) Importer(815301076,1909f56bfc062723c751e8b465ee728b)
Start importing Assets/00_Project/GeneratedCharacters/mocking/character/npc_3_rigged.fbm/temp_ORM_111859aa-2ec1-4eb6-9b3f-6a4153623a42_Metallic.jpg using Guid(6095e6e900acffe45a3da568f0a57422) Importer(815301076,1909f56bfc062723c751e8b465ee728b) (PreviewImporter) -> (artifact id: '00000000000000000000000000000000') in 0.0341645 seconds
Import Error Code:(4)
Message: Build asset version error: assets/00_project/generatedcharacters/mocking/character/npc_3_rigged.fbm/temp_orm_111859aa-2ec1-4eb6-9b3f-6a4153623a42_metallic.jpg in SourceAssetDB has modification time of '2026-05-26T15:23:32.6963018Z' while content on disk has modification time of '2026-05-26T15:24:44.1133605Z'
  ERROR: Build asset version error: assets/00_project/generatedcharacters/mocking/character/npc_3_rigged.fbm/temp_orm_111859aa-2ec1-4eb6-9b3f-6a4153623a42_metallic.jpg in SourceAssetDB has modification time of '2026-05-26T15:23:32.6963018Z' while content on disk has modification time of '2026-05-26T15:24:44.1133605Z'
Number of updated asset objects reloaded before import = 0Number of asset objects unloaded after import = 0

========================================================================
Received Import Request.
  Time since last request: 0.000025 seconds.
  path: Assets/00_Project/GeneratedCharacters/mocking/character/npc_3_rigged.fbm/temp_ORM_111859aa-2ec1-4eb6-9b3f-6a4153623a42_Roughness.jpg
  artifactKey: Guid(58d39ca4cc3414e42be20fc44c5f04de) Importer(815301076,1909f56bfc062723c751e8b465ee728b)
Start importing Assets/00_Project/GeneratedCharacters/mocking/character/npc_3_rigged.fbm/temp_ORM_111859aa-2ec1-4eb6-9b3f-6a4153623a42_Roughness.jpg using Guid(58d39ca4cc3414e42be20fc44c5f04de) Importer(815301076,1909f56bfc062723c751e8b465ee728b) (PreviewImporter) -> (artifact id: '00000000000000000000000000000000') in 0.0277571 seconds
Import Error Code:(4)
Message: Build asset version error: assets/00_project/generatedcharacters/mocking/character/npc_3_rigged.fbm/temp_orm_111859aa-2ec1-4eb6-9b3f-6a4153623a42_roughness.jpg in SourceAssetDB has modification time of '2026-05-26T15:23:32.6947991Z' while content on disk has modification time of '2026-05-26T15:24:44.1118576Z'
  ERROR: Build asset version error: assets/00_project/generatedcharacters/mocking/character/npc_3_rigged.fbm/temp_orm_111859aa-2ec1-4eb6-9b3f-6a4153623a42_roughness.jpg in SourceAssetDB has modification time of '2026-05-26T15:23:32.6947991Z' while content on disk has modification time of '2026-05-26T15:24:44.1118576Z'
Number of updated asset objects reloaded before import = 0Number of asset objects unloaded after import = 0

========================================================================
Received Import Request.
  Time since last request: 0.000024 seconds.
  path: Assets/00_Project/GeneratedCharacters/mocking/character/npc_3_rigged.fbm/Color_111859aa-2ec1-4eb6-9b3f-6a4153623a42.jpg
  artifactKey: Guid(10a4a4cdb3bcfac4c9f807f6798deb88) Importer(815301076,1909f56bfc062723c751e8b465ee728b)
Start importing Assets/00_Project/GeneratedCharacters/mocking/character/npc_3_rigged.fbm/Color_111859aa-2ec1-4eb6-9b3f-6a4153623a42.jpg using Guid(10a4a4cdb3bcfac4c9f807f6798deb88) Importer(815301076,1909f56bfc062723c751e8b465ee728b) (PreviewImporter) -> (artifact id: '00000000000000000000000000000000') in 0.0290317 seconds
Import Error Code:(4)
Message: Build asset version error: assets/00_project/generatedcharacters/mocking/character/npc_3_rigged.fbm/color_111859aa-2ec1-4eb6-9b3f-6a4153623a42.jpg in SourceAssetDB has modification time of '2026-05-26T15:23:32.6923037Z' while content on disk has modification time of '2026-05-26T15:24:44.1103553Z'
  ERROR: Build asset version error: assets/00_project/generatedcharacters/mocking/character/npc_3_rigged.fbm/color_111859aa-2ec1-4eb6-9b3f-6a4153623a42.jpg in SourceAssetDB has modification time of '2026-05-26T15:23:32.6923037Z' while content on disk has modification time of '2026-05-26T15:24:44.1103553Z'
Number of updated asset objects reloaded before import = 0Number of asset objects unloaded after import = 0

========================================================================
Received Import Request.
  Time since last request: 0.000019 seconds.
  path: Assets/00_Project/GeneratedCharacters/mocking/character/npc_3_rigged.fbm/temp_ORM_111859aa-2ec1-4eb6-9b3f-6a4153623a42_Roughness.jpg
  artifactKey: Guid(58d39ca4cc3414e42be20fc44c5f04de) Importer(815301076,1909f56bfc062723c751e8b465ee728b)
Start importing Assets/00_Project/GeneratedCharacters/mocking/character/npc_3_rigged.fbm/temp_ORM_111859aa-2ec1-4eb6-9b3f-6a4153623a42_Roughness.jpg using Guid(58d39ca4cc3414e42be20fc44c5f04de) Importer(815301076,1909f56bfc062723c751e8b465ee728b) (PreviewImporter) -> (artifact id: '00000000000000000000000000000000') in 0.0309175 seconds
Import Error Code:(4)
Message: Build asset version error: assets/00_project/generatedcharacters/mocking/character/npc_3_rigged.fbm/temp_orm_111859aa-2ec1-4eb6-9b3f-6a4153623a42_roughness.jpg in SourceAssetDB has modification time of '2026-05-26T15:23:32.6947991Z' while content on disk has modification time of '2026-05-26T15:24:44.1118576Z'
  ERROR: Build asset version error: assets/00_project/generatedcharacters/mocking/character/npc_3_rigged.fbm/temp_orm_111859aa-2ec1-4eb6-9b3f-6a4153623a42_roughness.jpg in SourceAssetDB has modification time of '2026-05-26T15:23:32.6947991Z' while content on disk has modification time of '2026-05-26T15:24:44.1118576Z'
Number of updated asset objects reloaded before import = 0Number of asset objects unloaded after import = 0

========================================================================
Received Import Request.
  Time since last request: 0.000020 seconds.
  path: Assets/00_Project/GeneratedCharacters/mocking/character/npc_3_rigged.fbm/NormalGL_111859aa-2ec1-4eb6-9b3f-6a4153623a42.jpg
  artifactKey: Guid(e19a21a20e6adcf478ad20c447539190) Importer(815301076,1909f56bfc062723c751e8b465ee728b)
Start importing Assets/00_Project/GeneratedCharacters/mocking/character/npc_3_rigged.fbm/NormalGL_111859aa-2ec1-4eb6-9b3f-6a4153623a42.jpg using Guid(e19a21a20e6adcf478ad20c447539190) Importer(815301076,1909f56bfc062723c751e8b465ee728b) (PreviewImporter) -> (artifact id: '00000000000000000000000000000000') in 0.0290378 seconds
Import Error Code:(4)
Message: Build asset version error: assets/00_project/generatedcharacters/mocking/character/npc_3_rigged.fbm/normalgl_111859aa-2ec1-4eb6-9b3f-6a4153623a42.jpg in SourceAssetDB has modification time of '2026-05-26T15:23:32.693301Z' while content on disk has modification time of '2026-05-26T15:24:44.1103553Z'
  ERROR: Build asset version error: assets/00_project/generatedcharacters/mocking/character/npc_3_rigged.fbm/normalgl_111859aa-2ec1-4eb6-9b3f-6a4153623a42.jpg in SourceAssetDB has modification time of '2026-05-26T15:23:32.693301Z' while content on disk has modification time of '2026-05-26T15:24:44.1103553Z'
Number of updated asset objects reloaded before import = 0Number of asset objects unloaded after import = 0

========================================================================
Received Import Request.
  Time since last request: 0.000019 seconds.
  path: Assets/00_Project/GeneratedCharacters/mocking/character/npc_3_rigged.fbm/temp_ORM_111859aa-2ec1-4eb6-9b3f-6a4153623a42_Metallic.jpg
  artifactKey: Guid(6095e6e900acffe45a3da568f0a57422) Importer(815301076,1909f56bfc062723c751e8b465ee728b)
Start importing Assets/00_Project/GeneratedCharacters/mocking/character/npc_3_rigged.fbm/temp_ORM_111859aa-2ec1-4eb6-9b3f-6a4153623a42_Metallic.jpg using Guid(6095e6e900acffe45a3da568f0a57422) Importer(815301076,1909f56bfc062723c751e8b465ee728b) (PreviewImporter) -> (artifact id: '00000000000000000000000000000000') in 0.0276875 seconds
Import Error Code:(4)
Message: Build asset version error: assets/00_project/generatedcharacters/mocking/character/npc_3_rigged.fbm/temp_orm_111859aa-2ec1-4eb6-9b3f-6a4153623a42_metallic.jpg in SourceAssetDB has modification time of '2026-05-26T15:23:32.6963018Z' while content on disk has modification time of '2026-05-26T15:24:44.1133605Z'
  ERROR: Build asset version error: assets/00_project/generatedcharacters/mocking/character/npc_3_rigged.fbm/temp_orm_111859aa-2ec1-4eb6-9b3f-6a4153623a42_metallic.jpg in SourceAssetDB has modification time of '2026-05-26T15:23:32.6963018Z' while content on disk has modification time of '2026-05-26T15:24:44.1133605Z'
Number of updated asset objects reloaded before import = 0Number of asset objects unloaded after import = 0

========================================================================
Received Prepare
[Licensing::Client] Successfully resolved entitlement details
Begin MonoManager ReloadAssembly
[Licensing::Client] Successfully resolved entitlement details
Symbol file LoadedFromMemory is not a mono symbol file
- Loaded All Assemblies, in  1.087 seconds
Refreshing native plugins compatible for Editor in 39.73 ms, found 19 plugins.
Native extension for Android target not found
Native extension for WindowsStandalone target not found
[Package Manager] Failed to launch server process. Reason: Unity was launched with the -noUpm command-line argument
[Package Manager] Unable to send message (not connected to server process).
[Package Manager] Cannot connect to Unity Package Manager local server
[Package Manager] Failed to launch server process. Reason: Unity was launched with the -noUpm command-line argument
[Package Manager] Unable to send message (not connected to server process).
[Package Manager] Cannot connect to Unity Package Manager local server
[Package Manager] Failed to launch server process. Reason: Unity was launched with the -noUpm command-line argument
[Package Manager] Unable to send message (not connected to server process).
[Package Manager] Cannot connect to Unity Package Manager local server
System.Reflection.TargetInvocationException: Exception has been thrown by the target of an invocation. ---> System.NullReferenceException: Object reference not set to an instance of an object
  at Unity.XR.Oculus.OculusLoader.AssetPathToAbsolutePath (System.String assetPath) [0x0003d] in .\Library\PackageCache\com.unity.xr.oculus@68ef97a4d91e\Runtime\OculusLoader.cs:312 
  at Unity.XR.Oculus.OculusLoader.EditorLoadOVRPlugin () [0x0008c] in .\Library\PackageCache\com.unity.xr.oculus@68ef97a4d91e\Runtime\OculusLoader.cs:297 
  at (wrapper managed-to-native) System.Reflection.RuntimeMethodInfo.InternalInvoke(System.Reflection.RuntimeMethodInfo,object,object[],System.Exception&)
  at System.Reflection.RuntimeMethodInfo.Invoke (System.Object obj, System.Reflection.BindingFlags invokeAttr, System.Reflection.Binder binder, System.Object[] parameters, System.Globalization.CultureInfo culture) [0x0006a] in <59bd7c40c082431db25e1e728ab62789>:0 
   --- End of inner exception stack trace ---
  at System.Reflection.RuntimeMethodInfo.Invoke (System.Object obj, System.Reflection.BindingFlags invokeAttr, System.Reflection.Binder binder, System.Object[] parameters, System.Globalization.CultureInfo culture) [0x00083] in <59bd7c40c082431db25e1e728ab62789>:0 
  at System.Reflection.MethodBase.Invoke (System.Object obj, System.Object[] parameters) [0x00000] in <59bd7c40c082431db25e1e728ab62789>:0 
  at UnityEditor.EditorAssemblies.ProcessInitializeOnLoadMethodAttributes () [0x00087] in <1acad9deef3549c4b9617dfa169c6659>:0 
UnityEngine.Debug:ExtractStackTraceNoAlloc (byte*,int,string)
UnityEngine.StackTraceUtility:ExtractStackTrace ()
UnityEngine.DebugLogHandler:Internal_Log (UnityEngine.LogType,UnityEngine.LogOption,string,UnityEngine.Object)
UnityEngine.DebugLogHandler:LogFormat (UnityEngine.LogType,UnityEngine.Object,string,object[])
UnityEngine.Logger:Log (UnityEngine.LogType,object)
UnityEngine.Debug:LogError (object)
UnityEditor.EditorAssemblies:ProcessInitializeOnLoadMethodAttributes ()

[MODES] ModeService[none].Initialize
[MODES] ModeService[none].LoadModes
[Package Manager] Failed to launch server process. Reason: Unity was launched with the -noUpm command-line argument
[Package Manager] Unable to send message (not connected to server process).
[Package Manager] Cannot connect to Unity Package Manager local server
AssertionException: Error removing KTX for Unity WebGL sub-packages.. Failed fetching installed packages.
Assertion failure. Values are not equal.
Expected: Failure == Success
  at UnityEngine.Assertions.Assert.Fail (System.String message, System.String userMessage) [0x00043] in <b4c8c45fec274213bfac03ee0e9a3d62>:0 
  at UnityEngine.Assertions.Assert.AreEqual[T] (T expected, T actual, System.String message, System.Collections.Generic.IEqualityComparer`1[T] comparer) [0x0005f] in <b4c8c45fec274213bfac03ee0e9a3d62>:0 
  at UnityEngine.Assertions.Assert.AreEqual[T] (T expected, T actual, System.String message) [0x00009] in <b4c8c45fec274213bfac03ee0e9a3d62>:0 
  at SubPackage.SubPackageRemover.GetAllInstalledPackagesAsync (System.Double timeout) [0x000b7] in .\Library\PackageCache\com.unity.cloud.ktx@7a35f681840e\Editor\Scripts\SubPackage\SubPackageRemover.cs:81 
  at SubPackage.SubPackageRemover.TryRemoveObsoleteSubPackagesAsync () [0x0002a] in .\Library\PackageCache\com.unity.cloud.ktx@7a35f681840e\Editor\Scripts\SubPackage\SubPackageRemover.cs:35 
UnityEngine.DebugLogHandler:Internal_LogException_Injected(Exception, IntPtr)
UnityEngine.DebugLogHandler:Internal_LogException(Exception, Object)
UnityEngine.DebugLogHandler:LogException(Exception, Object)
UnityEngine.Logger:LogException(Exception, Object)
UnityEngine.Debug:LogException(Exception)
SubPackage.<TryRemoveObsoleteSubPackagesAsync>d__5:MoveNext() (at .\Library\PackageCache\com.unity.cloud.ktx@7a35f681840e\Editor\Scripts\SubPackage\SubPackageRemover.cs:52)
System.Runtime.CompilerServices.AsyncVoidMethodBuilder:Start(<TryRemoveObsoleteSubPackagesAsync>d__5&)
SubPackage.SubPackageRemover:TryRemoveObsoleteSubPackagesAsync()
System.Reflection.RuntimeMethodInfo:InternalInvoke(RuntimeMethodInfo, Object, Object[], Exception&)
System.Reflection.RuntimeMethodInfo:Invoke(Object, BindingFlags, Binder, Object[], CultureInfo)
System.Reflection.MethodBase:Invoke(Object, Object[])
UnityEditor.EditorAssemblies:ProcessInitializeOnLoadMethodAttributes()

(Filename: ./Library/PackageCache/com.unity.cloud.ktx@7a35f681840e/Editor/Scripts/SubPackage/SubPackageRemover.cs Line: 52)

Mono: successfully reloaded assembly
[Package Manager] Failed to launch server process. Reason: Unity was launched with the -noUpm command-line argument
[Package Manager] Unable to send message (not connected to server process).
[Package Manager] Cannot connect to Unity Package Manager local server
- Finished resetting the current domain, in  1.042 seconds
Domain Reload Profiling: 2119ms
	BeginReloadAssembly (266ms)
		ExecutionOrderSort (0ms)
		DisableScriptedObjects (16ms)
		BackupInstance (0ms)
		ReleaseScriptingObjects (0ms)
		CreateAndSetChildDomain (65ms)
	RebuildCommonClasses (32ms)
	RebuildNativeTypeToScriptingClass (10ms)
	initialDomainReloadingComplete (33ms)
	LoadAllAssembliesAndSetupDomain (736ms)
		LoadAssemblies (600ms)
		RebuildTransferFunctionScriptingTraits (0ms)
		AnalyzeDomain (249ms)
			TypeCache.Refresh (13ms)
				TypeCache.ScanAssembly (0ms)
			BuildScriptInfoCaches (222ms)
			ResolveRequiredComponents (10ms)
	FinalizeReload (1042ms)
		ReleaseScriptCaches (0ms)
		RebuildScriptCaches (0ms)
		SetupLoadedEditorAssemblies (892ms)
			LogAssemblyErrors (0ms)
			InitializePlatformSupportModulesInManaged (9ms)
			SetLoadedEditorAssemblies (5ms)
			BeforeProcessingInitializeOnLoad (162ms)
			ProcessInitializeOnLoadAttributes (430ms)
			ProcessInitializeOnLoadMethodAttributes (274ms)
			AfterProcessingInitializeOnLoad (11ms)
			EditorAssembliesLoaded (1ms)
		ExecutionOrderSort2 (0ms)
		AwakeInstancesAfterBackupRestoration (20ms)
WARNING: Shader Unsupported: 'Hidden/Simulation/URP/Synthetic' - All subshaders removed
WARNING: Shader Did you use #pragma only_renderers and omit this platform?
WARNING: Shader If subshaders removal was intentional, you may have forgotten turning Fallback off?
WARNING: Shader Unsupported: 'Hidden/Simulation/URP/Synthetic' - All subshaders removed
WARNING: Shader Did you use #pragma only_renderers and omit this platform?
WARNING: Shader If subshaders removal was intentional, you may have forgotten turning Fallback off?
WARNING: Shader Unsupported: 'Simulation/Standard Lit' - All subshaders removed
WARNING: Shader Did you use #pragma only_renderers and omit this platform?
WARNING: Shader If subshaders removal was intentional, you may have forgotten turning Fallback off?
WARNING: Shader Unsupported: 'Simulation/Standard Lit' - All subshaders removed
WARNING: Shader Did you use #pragma only_renderers and omit this platform?
WARNING: Shader If subshaders removal was intentional, you may have forgotten turning Fallback off?
WARNING: Shader Unsupported: 'Hidden/Simulation/Synthetic Lit' - All subshaders removed
WARNING: Shader Did you use #pragma only_renderers and omit this platform?
WARNING: Shader If subshaders removal was intentional, you may have forgotten turning Fallback off?
WARNING: Shader Unsupported: 'Hidden/Simulation/Synthetic Lit' - All subshaders removed
WARNING: Shader Did you use #pragma only_renderers and omit this platform?
WARNING: Shader If subshaders removal was intentional, you may have forgotten turning Fallback off?
WARNING: Shader Unsupported: 'Simulation/URP/Room X-Ray' - All subshaders removed
WARNING: Shader Did you use #pragma only_renderers and omit this platform?
WARNING: Shader If subshaders removal was intentional, you may have forgotten turning Fallback off?
WARNING: Shader Unsupported: 'Simulation/URP/Room X-Ray' - All subshaders removed
WARNING: Shader Did you use #pragma only_renderers and omit this platform?
WARNING: Shader If subshaders removal was intentional, you may have forgotten turning Fallback off?
WARNING: Shader Unsupported: 'Simulation/Room X-Ray' - All subshaders removed
WARNING: Shader Did you use #pragma only_renderers and omit this platform?
WARNING: Shader If subshaders removal was intentional, you may have forgotten turning Fallback off?
WARNING: Shader Unsupported: 'Simulation/Room X-Ray' - All subshaders removed
WARNING: Shader Did you use #pragma only_renderers and omit this platform?
WARNING: Shader If subshaders removal was intentional, you may have forgotten turning Fallback off?
WARNING: Shader Unsupported: 'Simulation/URP/Lit' - All subshaders removed
WARNING: Shader Did you use #pragma only_renderers and omit this platform?
WARNING: Shader If subshaders removal was intentional, you may have forgotten turning Fallback off?
WARNING: Shader Unsupported: 'Simulation/URP/Lit' - All subshaders removed
WARNING: Shader Did you use #pragma only_renderers and omit this platform?
WARNING: Shader If subshaders removal was intentional, you may have forgotten turning Fallback off?
Refreshing native plugins compatible for Editor in 42.39 ms, found 19 plugins.
Preloading 2 native plugins for Editor in 0.20 ms.
Unloading 23 Unused Serialized files (Serialized files now loaded: 0)
Unloading 9114 unused Assets / (8.7 MB). Loaded Objects now: 9971.
Memory consumption went from 223.3 MB to 214.6 MB.
Total: 13.353000 ms (FindLiveObjects: 0.708200 ms CreateObjectMapping: 0.712600 ms MarkObjects: 8.155800 ms  DeleteObjects: 3.775400 ms)

Prepare: number of updated asset objects reloaded= 0
========================================================================
Received Import Request.
  Time since last request: 103.928055 seconds.
  path: Assets/00_Project/GeneratedCharacters/mocking/character/Materials/npc_3.mat
  artifactKey: Guid(f25a25db2b4b04d4ab9e347d9a8b2c76) Importer(815301076,1909f56bfc062723c751e8b465ee728b)
Start importing Assets/00_Project/GeneratedCharacters/mocking/character/Materials/npc_3.mat using Guid(f25a25db2b4b04d4ab9e347d9a8b2c76) Importer(815301076,1909f56bfc062723c751e8b465ee728b) (PreviewImporter) -> (artifact id: '9ebdc7092504b95e860a15822aad6bca') in 0.3888881 seconds
Number of updated asset objects reloaded before import = 0Number of asset objects unloaded after import = 2

========================================================================
Received Import Request.
  Time since last request: 1.928873 seconds.
  path: Assets/00_Project/GeneratedCharacters/mocking/character/npc_3_rigged.fbm/NormalGL_111859aa-2ec1-4eb6-9b3f-6a4153623a42.jpg
  artifactKey: Guid(e19a21a20e6adcf478ad20c447539190) Importer(815301076,1909f56bfc062723c751e8b465ee728b)
Start importing Assets/00_Project/GeneratedCharacters/mocking/character/npc_3_rigged.fbm/NormalGL_111859aa-2ec1-4eb6-9b3f-6a4153623a42.jpg using Guid(e19a21a20e6adcf478ad20c447539190) Importer(815301076,1909f56bfc062723c751e8b465ee728b) (PreviewImporter) -> (artifact id: '00000000000000000000000000000000') in 0.0384036 seconds
Import Error Code:(4)
Message: Build asset version error: assets/00_project/generatedcharacters/mocking/character/npc_3_rigged.fbm/normalgl_111859aa-2ec1-4eb6-9b3f-6a4153623a42.jpg in SourceAssetDB has modification time of '2026-05-26T15:24:44.1103553Z' while content on disk has modification time of '2026-05-26T15:27:47.1721077Z'
  ERROR: Build asset version error: assets/00_project/generatedcharacters/mocking/character/npc_3_rigged.fbm/normalgl_111859aa-2ec1-4eb6-9b3f-6a4153623a42.jpg in SourceAssetDB has modification time of '2026-05-26T15:24:44.1103553Z' while content on disk has modification time of '2026-05-26T15:27:47.1721077Z'
Number of updated asset objects reloaded before import = 0Number of asset objects unloaded after import = 0

========================================================================
Received Import Request.
  Time since last request: 0.000019 seconds.
  path: Assets/00_Project/GeneratedCharacters/mocking/character/npc_3_rigged.fbm/temp_ORM_111859aa-2ec1-4eb6-9b3f-6a4153623a42_Metallic.jpg
  artifactKey: Guid(6095e6e900acffe45a3da568f0a57422) Importer(815301076,1909f56bfc062723c751e8b465ee728b)
Start importing Assets/00_Project/GeneratedCharacters/mocking/character/npc_3_rigged.fbm/temp_ORM_111859aa-2ec1-4eb6-9b3f-6a4153623a42_Metallic.jpg using Guid(6095e6e900acffe45a3da568f0a57422) Importer(815301076,1909f56bfc062723c751e8b465ee728b) (PreviewImporter) -> (artifact id: '00000000000000000000000000000000') in 0.0304721 seconds
Import Error Code:(4)
Message: Build asset version error: assets/00_project/generatedcharacters/mocking/character/npc_3_rigged.fbm/temp_orm_111859aa-2ec1-4eb6-9b3f-6a4153623a42_metallic.jpg in SourceAssetDB has modification time of '2026-05-26T15:24:44.1133605Z' while content on disk has modification time of '2026-05-26T15:27:47.1741348Z'
  ERROR: Build asset version error: assets/00_project/generatedcharacters/mocking/character/npc_3_rigged.fbm/temp_orm_111859aa-2ec1-4eb6-9b3f-6a4153623a42_metallic.jpg in SourceAssetDB has modification time of '2026-05-26T15:24:44.1133605Z' while content on disk has modification time of '2026-05-26T15:27:47.1741348Z'
Number of updated asset objects reloaded before import = 0Number of asset objects unloaded after import = 0

========================================================================
Received Import Request.
  Time since last request: 0.000019 seconds.
  path: Assets/00_Project/GeneratedCharacters/mocking/character/npc_3_rigged.fbm/NormalGL_111859aa-2ec1-4eb6-9b3f-6a4153623a42.jpg
  artifactKey: Guid(e19a21a20e6adcf478ad20c447539190) Importer(815301076,1909f56bfc062723c751e8b465ee728b)
Start importing Assets/00_Project/GeneratedCharacters/mocking/character/npc_3_rigged.fbm/NormalGL_111859aa-2ec1-4eb6-9b3f-6a4153623a42.jpg using Guid(e19a21a20e6adcf478ad20c447539190) Importer(815301076,1909f56bfc062723c751e8b465ee728b) (PreviewImporter) -> (artifact id: '00000000000000000000000000000000') in 0.0284317 seconds
Import Error Code:(4)
Message: Build asset version error: assets/00_project/generatedcharacters/mocking/character/npc_3_rigged.fbm/normalgl_111859aa-2ec1-4eb6-9b3f-6a4153623a42.jpg in SourceAssetDB has modification time of '2026-05-26T15:24:44.1103553Z' while content on disk has modification time of '2026-05-26T15:27:47.1721077Z'
  ERROR: Build asset version error: assets/00_project/generatedcharacters/mocking/character/npc_3_rigged.fbm/normalgl_111859aa-2ec1-4eb6-9b3f-6a4153623a42.jpg in SourceAssetDB has modification time of '2026-05-26T15:24:44.1103553Z' while content on disk has modification time of '2026-05-26T15:27:47.1721077Z'
Number of updated asset objects reloaded before import = 0Number of asset objects unloaded after import = 0

========================================================================
Received Import Request.
  Time since last request: 0.000029 seconds.
  path: Assets/00_Project/GeneratedCharacters/mocking/character/npc_3_rigged.fbm/Color_111859aa-2ec1-4eb6-9b3f-6a4153623a42.jpg
  artifactKey: Guid(10a4a4cdb3bcfac4c9f807f6798deb88) Importer(815301076,1909f56bfc062723c751e8b465ee728b)
Start importing Assets/00_Project/GeneratedCharacters/mocking/character/npc_3_rigged.fbm/Color_111859aa-2ec1-4eb6-9b3f-6a4153623a42.jpg using Guid(10a4a4cdb3bcfac4c9f807f6798deb88) Importer(815301076,1909f56bfc062723c751e8b465ee728b) (PreviewImporter) -> (artifact id: '00000000000000000000000000000000') in 0.0311859 seconds
Import Error Code:(4)
Message: Build asset version error: assets/00_project/generatedcharacters/mocking/character/npc_3_rigged.fbm/color_111859aa-2ec1-4eb6-9b3f-6a4153623a42.jpg in SourceAssetDB has modification time of '2026-05-26T15:24:44.1103553Z' while content on disk has modification time of '2026-05-26T15:27:47.1716014Z'
  ERROR: Build asset version error: assets/00_project/generatedcharacters/mocking/character/npc_3_rigged.fbm/color_111859aa-2ec1-4eb6-9b3f-6a4153623a42.jpg in SourceAssetDB has modification time of '2026-05-26T15:24:44.1103553Z' while content on disk has modification time of '2026-05-26T15:27:47.1716014Z'
Number of updated asset objects reloaded before import = 0Number of asset objects unloaded after import = 0

========================================================================
Received Import Request.
  Time since last request: 0.000022 seconds.
  path: Assets/00_Project/GeneratedCharacters/mocking/character/npc_3_rigged.fbm/temp_ORM_111859aa-2ec1-4eb6-9b3f-6a4153623a42_Roughness.jpg
  artifactKey: Guid(58d39ca4cc3414e42be20fc44c5f04de) Importer(815301076,1909f56bfc062723c751e8b465ee728b)
Start importing Assets/00_Project/GeneratedCharacters/mocking/character/npc_3_rigged.fbm/temp_ORM_111859aa-2ec1-4eb6-9b3f-6a4153623a42_Roughness.jpg using Guid(58d39ca4cc3414e42be20fc44c5f04de) Importer(815301076,1909f56bfc062723c751e8b465ee728b) (PreviewImporter) -> (artifact id: '00000000000000000000000000000000') in 0.0305399 seconds
Import Error Code:(4)
Message: Build asset version error: assets/00_project/generatedcharacters/mocking/character/npc_3_rigged.fbm/temp_orm_111859aa-2ec1-4eb6-9b3f-6a4153623a42_roughness.jpg in SourceAssetDB has modification time of '2026-05-26T15:24:44.1118576Z' while content on disk has modification time of '2026-05-26T15:27:47.173113Z'
  ERROR: Build asset version error: assets/00_project/generatedcharacters/mocking/character/npc_3_rigged.fbm/temp_orm_111859aa-2ec1-4eb6-9b3f-6a4153623a42_roughness.jpg in SourceAssetDB has modification time of '2026-05-26T15:24:44.1118576Z' while content on disk has modification time of '2026-05-26T15:27:47.173113Z'
Number of updated asset objects reloaded before import = 0Number of asset objects unloaded after import = 0

========================================================================
Received Import Request.
  Time since last request: 0.000024 seconds.
  path: Assets/00_Project/GeneratedCharacters/mocking/character/npc_3_rigged.fbm/Color_111859aa-2ec1-4eb6-9b3f-6a4153623a42.jpg
  artifactKey: Guid(10a4a4cdb3bcfac4c9f807f6798deb88) Importer(815301076,1909f56bfc062723c751e8b465ee728b)
Start importing Assets/00_Project/GeneratedCharacters/mocking/character/npc_3_rigged.fbm/Color_111859aa-2ec1-4eb6-9b3f-6a4153623a42.jpg using Guid(10a4a4cdb3bcfac4c9f807f6798deb88) Importer(815301076,1909f56bfc062723c751e8b465ee728b) (PreviewImporter) -> (artifact id: '00000000000000000000000000000000') in 0.0303404 seconds
Import Error Code:(4)
Message: Build asset version error: assets/00_project/generatedcharacters/mocking/character/npc_3_rigged.fbm/color_111859aa-2ec1-4eb6-9b3f-6a4153623a42.jpg in SourceAssetDB has modification time of '2026-05-26T15:24:44.1103553Z' while content on disk has modification time of '2026-05-26T15:27:47.1716014Z'
  ERROR: Build asset version error: assets/00_project/generatedcharacters/mocking/character/npc_3_rigged.fbm/color_111859aa-2ec1-4eb6-9b3f-6a4153623a42.jpg in SourceAssetDB has modification time of '2026-05-26T15:24:44.1103553Z' while content on disk has modification time of '2026-05-26T15:27:47.1716014Z'
Number of updated asset objects reloaded before import = 0Number of asset objects unloaded after import = 0

========================================================================
Received Import Request.
  Time since last request: 0.000019 seconds.
  path: Assets/00_Project/GeneratedCharacters/mocking/character/npc_3_rigged.fbm/NormalGL_111859aa-2ec1-4eb6-9b3f-6a4153623a42.jpg
  artifactKey: Guid(e19a21a20e6adcf478ad20c447539190) Importer(815301076,1909f56bfc062723c751e8b465ee728b)
Start importing Assets/00_Project/GeneratedCharacters/mocking/character/npc_3_rigged.fbm/NormalGL_111859aa-2ec1-4eb6-9b3f-6a4153623a42.jpg using Guid(e19a21a20e6adcf478ad20c447539190) Importer(815301076,1909f56bfc062723c751e8b465ee728b) (PreviewImporter) -> (artifact id: '00000000000000000000000000000000') in 0.0302972 seconds
Import Error Code:(4)
Message: Build asset version error: assets/00_project/generatedcharacters/mocking/character/npc_3_rigged.fbm/normalgl_111859aa-2ec1-4eb6-9b3f-6a4153623a42.jpg in SourceAssetDB has modification time of '2026-05-26T15:24:44.1103553Z' while content on disk has modification time of '2026-05-26T15:27:47.1721077Z'
  ERROR: Build asset version error: assets/00_project/generatedcharacters/mocking/character/npc_3_rigged.fbm/normalgl_111859aa-2ec1-4eb6-9b3f-6a4153623a42.jpg in SourceAssetDB has modification time of '2026-05-26T15:24:44.1103553Z' while content on disk has modification time of '2026-05-26T15:27:47.1721077Z'
Number of updated asset objects reloaded before import = 0Number of asset objects unloaded after import = 0

========================================================================
Received Import Request.
  Time since last request: 0.000025 seconds.
  path: Assets/00_Project/GeneratedCharacters/mocking/character/npc_3_rigged.fbm/temp_ORM_111859aa-2ec1-4eb6-9b3f-6a4153623a42_Roughness.jpg
  artifactKey: Guid(58d39ca4cc3414e42be20fc44c5f04de) Importer(815301076,1909f56bfc062723c751e8b465ee728b)
Start importing Assets/00_Project/GeneratedCharacters/mocking/character/npc_3_rigged.fbm/temp_ORM_111859aa-2ec1-4eb6-9b3f-6a4153623a42_Roughness.jpg using Guid(58d39ca4cc3414e42be20fc44c5f04de) Importer(815301076,1909f56bfc062723c751e8b465ee728b) (PreviewImporter) -> (artifact id: '00000000000000000000000000000000') in 0.0285994 seconds
Import Error Code:(4)
Message: Build asset version error: assets/00_project/generatedcharacters/mocking/character/npc_3_rigged.fbm/temp_orm_111859aa-2ec1-4eb6-9b3f-6a4153623a42_roughness.jpg in SourceAssetDB has modification time of '2026-05-26T15:24:44.1118576Z' while content on disk has modification time of '2026-05-26T15:27:47.173113Z'
  ERROR: Build asset version error: assets/00_project/generatedcharacters/mocking/character/npc_3_rigged.fbm/temp_orm_111859aa-2ec1-4eb6-9b3f-6a4153623a42_roughness.jpg in SourceAssetDB has modification time of '2026-05-26T15:24:44.1118576Z' while content on disk has modification time of '2026-05-26T15:27:47.173113Z'
Number of updated asset objects reloaded before import = 0Number of asset objects unloaded after import = 0

========================================================================
Received Import Request.
  Time since last request: 0.000017 seconds.
  path: Assets/00_Project/GeneratedCharacters/mocking/character/npc_3_rigged.fbm/Color_111859aa-2ec1-4eb6-9b3f-6a4153623a42.jpg
  artifactKey: Guid(10a4a4cdb3bcfac4c9f807f6798deb88) Importer(815301076,1909f56bfc062723c751e8b465ee728b)
Start importing Assets/00_Project/GeneratedCharacters/mocking/character/npc_3_rigged.fbm/Color_111859aa-2ec1-4eb6-9b3f-6a4153623a42.jpg using Guid(10a4a4cdb3bcfac4c9f807f6798deb88) Importer(815301076,1909f56bfc062723c751e8b465ee728b) (PreviewImporter) -> (artifact id: '00000000000000000000000000000000') in 0.0287382 seconds
Import Error Code:(4)
Message: Build asset version error: assets/00_project/generatedcharacters/mocking/character/npc_3_rigged.fbm/color_111859aa-2ec1-4eb6-9b3f-6a4153623a42.jpg in SourceAssetDB has modification time of '2026-05-26T15:24:44.1103553Z' while content on disk has modification time of '2026-05-26T15:27:47.1716014Z'
  ERROR: Build asset version error: assets/00_project/generatedcharacters/mocking/character/npc_3_rigged.fbm/color_111859aa-2ec1-4eb6-9b3f-6a4153623a42.jpg in SourceAssetDB has modification time of '2026-05-26T15:24:44.1103553Z' while content on disk has modification time of '2026-05-26T15:27:47.1716014Z'
Number of updated asset objects reloaded before import = 0Number of asset objects unloaded after import = 0

========================================================================
Received Import Request.
  Time since last request: 0.000018 seconds.
  path: Assets/00_Project/GeneratedCharacters/mocking/character/npc_3_rigged.fbm/temp_ORM_111859aa-2ec1-4eb6-9b3f-6a4153623a42_Metallic.jpg
  artifactKey: Guid(6095e6e900acffe45a3da568f0a57422) Importer(815301076,1909f56bfc062723c751e8b465ee728b)
Start importing Assets/00_Project/GeneratedCharacters/mocking/character/npc_3_rigged.fbm/temp_ORM_111859aa-2ec1-4eb6-9b3f-6a4153623a42_Metallic.jpg using Guid(6095e6e900acffe45a3da568f0a57422) Importer(815301076,1909f56bfc062723c751e8b465ee728b) (PreviewImporter) -> (artifact id: '00000000000000000000000000000000') in 0.0332851 seconds
Import Error Code:(4)
Message: Build asset version error: assets/00_project/generatedcharacters/mocking/character/npc_3_rigged.fbm/temp_orm_111859aa-2ec1-4eb6-9b3f-6a4153623a42_metallic.jpg in SourceAssetDB has modification time of '2026-05-26T15:24:44.1133605Z' while content on disk has modification time of '2026-05-26T15:27:47.1741348Z'
  ERROR: Build asset version error: assets/00_project/generatedcharacters/mocking/character/npc_3_rigged.fbm/temp_orm_111859aa-2ec1-4eb6-9b3f-6a4153623a42_metallic.jpg in SourceAssetDB has modification time of '2026-05-26T15:24:44.1133605Z' while content on disk has modification time of '2026-05-26T15:27:47.1741348Z'
Number of updated asset objects reloaded before import = 0Number of asset objects unloaded after import = 0

========================================================================
Received Import Request.
  Time since last request: 0.000022 seconds.
  path: Assets/00_Project/GeneratedCharacters/mocking/character/npc_3_rigged.fbm/NormalGL_111859aa-2ec1-4eb6-9b3f-6a4153623a42.jpg
  artifactKey: Guid(e19a21a20e6adcf478ad20c447539190) Importer(815301076,1909f56bfc062723c751e8b465ee728b)
Start importing Assets/00_Project/GeneratedCharacters/mocking/character/npc_3_rigged.fbm/NormalGL_111859aa-2ec1-4eb6-9b3f-6a4153623a42.jpg using Guid(e19a21a20e6adcf478ad20c447539190) Importer(815301076,1909f56bfc062723c751e8b465ee728b) (PreviewImporter) -> (artifact id: '00000000000000000000000000000000') in 0.0315903 seconds
Import Error Code:(4)
Message: Build asset version error: assets/00_project/generatedcharacters/mocking/character/npc_3_rigged.fbm/normalgl_111859aa-2ec1-4eb6-9b3f-6a4153623a42.jpg in SourceAssetDB has modification time of '2026-05-26T15:24:44.1103553Z' while content on disk has modification time of '2026-05-26T15:27:47.1721077Z'
  ERROR: Build asset version error: assets/00_project/generatedcharacters/mocking/character/npc_3_rigged.fbm/normalgl_111859aa-2ec1-4eb6-9b3f-6a4153623a42.jpg in SourceAssetDB has modification time of '2026-05-26T15:24:44.1103553Z' while content on disk has modification time of '2026-05-26T15:27:47.1721077Z'
Number of updated asset objects reloaded before import = 0Number of asset objects unloaded after import = 0

========================================================================
Received Import Request.
  Time since last request: 0.000023 seconds.
  path: Assets/00_Project/GeneratedCharacters/mocking/character/npc_3_rigged.fbm/temp_ORM_111859aa-2ec1-4eb6-9b3f-6a4153623a42_Metallic.jpg
  artifactKey: Guid(6095e6e900acffe45a3da568f0a57422) Importer(815301076,1909f56bfc062723c751e8b465ee728b)
Start importing Assets/00_Project/GeneratedCharacters/mocking/character/npc_3_rigged.fbm/temp_ORM_111859aa-2ec1-4eb6-9b3f-6a4153623a42_Metallic.jpg using Guid(6095e6e900acffe45a3da568f0a57422) Importer(815301076,1909f56bfc062723c751e8b465ee728b) (PreviewImporter) -> (artifact id: '00000000000000000000000000000000') in 0.0305636 seconds
Import Error Code:(4)
Message: Build asset version error: assets/00_project/generatedcharacters/mocking/character/npc_3_rigged.fbm/temp_orm_111859aa-2ec1-4eb6-9b3f-6a4153623a42_metallic.jpg in SourceAssetDB has modification time of '2026-05-26T15:24:44.1133605Z' while content on disk has modification time of '2026-05-26T15:27:47.1741348Z'
  ERROR: Build asset version error: assets/00_project/generatedcharacters/mocking/character/npc_3_rigged.fbm/temp_orm_111859aa-2ec1-4eb6-9b3f-6a4153623a42_metallic.jpg in SourceAssetDB has modification time of '2026-05-26T15:24:44.1133605Z' while content on disk has modification time of '2026-05-26T15:27:47.1741348Z'
Number of updated asset objects reloaded before import = 0Number of asset objects unloaded after import = 0

========================================================================
Received Import Request.
  Time since last request: 0.000019 seconds.
  path: Assets/00_Project/GeneratedCharacters/mocking/character/npc_3_rigged.fbm/NormalGL_111859aa-2ec1-4eb6-9b3f-6a4153623a42.jpg
  artifactKey: Guid(e19a21a20e6adcf478ad20c447539190) Importer(815301076,1909f56bfc062723c751e8b465ee728b)
Start importing Assets/00_Project/GeneratedCharacters/mocking/character/npc_3_rigged.fbm/NormalGL_111859aa-2ec1-4eb6-9b3f-6a4153623a42.jpg using Guid(e19a21a20e6adcf478ad20c447539190) Importer(815301076,1909f56bfc062723c751e8b465ee728b) (PreviewImporter) -> (artifact id: '00000000000000000000000000000000') in 0.0299385 seconds
Import Error Code:(4)
Message: Build asset version error: assets/00_project/generatedcharacters/mocking/character/npc_3_rigged.fbm/normalgl_111859aa-2ec1-4eb6-9b3f-6a4153623a42.jpg in SourceAssetDB has modification time of '2026-05-26T15:24:44.1103553Z' while content on disk has modification time of '2026-05-26T15:27:47.1721077Z'
  ERROR: Build asset version error: assets/00_project/generatedcharacters/mocking/character/npc_3_rigged.fbm/normalgl_111859aa-2ec1-4eb6-9b3f-6a4153623a42.jpg in SourceAssetDB has modification time of '2026-05-26T15:24:44.1103553Z' while content on disk has modification time of '2026-05-26T15:27:47.1721077Z'
Number of updated asset objects reloaded before import = 0Number of asset objects unloaded after import = 0

========================================================================
Received Import Request.
  Time since last request: 0.000020 seconds.
  path: Assets/00_Project/GeneratedCharacters/mocking/character/npc_3_rigged.fbm/temp_ORM_111859aa-2ec1-4eb6-9b3f-6a4153623a42_Roughness.jpg
  artifactKey: Guid(58d39ca4cc3414e42be20fc44c5f04de) Importer(815301076,1909f56bfc062723c751e8b465ee728b)
Start importing Assets/00_Project/GeneratedCharacters/mocking/character/npc_3_rigged.fbm/temp_ORM_111859aa-2ec1-4eb6-9b3f-6a4153623a42_Roughness.jpg using Guid(58d39ca4cc3414e42be20fc44c5f04de) Importer(815301076,1909f56bfc062723c751e8b465ee728b) (PreviewImporter) -> (artifact id: '00000000000000000000000000000000') in 0.0302961 seconds
Import Error Code:(4)
Message: Build asset version error: assets/00_project/generatedcharacters/mocking/character/npc_3_rigged.fbm/temp_orm_111859aa-2ec1-4eb6-9b3f-6a4153623a42_roughness.jpg in SourceAssetDB has modification time of '2026-05-26T15:24:44.1118576Z' while content on disk has modification time of '2026-05-26T15:27:47.173113Z'
  ERROR: Build asset version error: assets/00_project/generatedcharacters/mocking/character/npc_3_rigged.fbm/temp_orm_111859aa-2ec1-4eb6-9b3f-6a4153623a42_roughness.jpg in SourceAssetDB has modification time of '2026-05-26T15:24:44.1118576Z' while content on disk has modification time of '2026-05-26T15:27:47.173113Z'
Number of updated asset objects reloaded before import = 0Number of asset objects unloaded after import = 0

========================================================================
Received Import Request.
  Time since last request: 0.000020 seconds.
  path: Assets/00_Project/GeneratedCharacters/mocking/character/npc_3_rigged.fbm/Color_111859aa-2ec1-4eb6-9b3f-6a4153623a42.jpg
  artifactKey: Guid(10a4a4cdb3bcfac4c9f807f6798deb88) Importer(815301076,1909f56bfc062723c751e8b465ee728b)
Start importing Assets/00_Project/GeneratedCharacters/mocking/character/npc_3_rigged.fbm/Color_111859aa-2ec1-4eb6-9b3f-6a4153623a42.jpg using Guid(10a4a4cdb3bcfac4c9f807f6798deb88) Importer(815301076,1909f56bfc062723c751e8b465ee728b) (PreviewImporter) -> (artifact id: '00000000000000000000000000000000') in 0.0277961 seconds
Import Error Code:(4)
Message: Build asset version error: assets/00_project/generatedcharacters/mocking/character/npc_3_rigged.fbm/color_111859aa-2ec1-4eb6-9b3f-6a4153623a42.jpg in SourceAssetDB has modification time of '2026-05-26T15:24:44.1103553Z' while content on disk has modification time of '2026-05-26T15:27:47.1716014Z'
  ERROR: Build asset version error: assets/00_project/generatedcharacters/mocking/character/npc_3_rigged.fbm/color_111859aa-2ec1-4eb6-9b3f-6a4153623a42.jpg in SourceAssetDB has modification time of '2026-05-26T15:24:44.1103553Z' while content on disk has modification time of '2026-05-26T15:27:47.1716014Z'
Number of updated asset objects reloaded before import = 0Number of asset objects unloaded after import = 0

========================================================================
Received Import Request.
  Time since last request: 0.000029 seconds.
  path: Assets/00_Project/GeneratedCharacters/mocking/character/npc_3_rigged.fbm/temp_ORM_111859aa-2ec1-4eb6-9b3f-6a4153623a42_Roughness.jpg
  artifactKey: Guid(58d39ca4cc3414e42be20fc44c5f04de) Importer(815301076,1909f56bfc062723c751e8b465ee728b)
Start importing Assets/00_Project/GeneratedCharacters/mocking/character/npc_3_rigged.fbm/temp_ORM_111859aa-2ec1-4eb6-9b3f-6a4153623a42_Roughness.jpg using Guid(58d39ca4cc3414e42be20fc44c5f04de) Importer(815301076,1909f56bfc062723c751e8b465ee728b) (PreviewImporter) -> (artifact id: '00000000000000000000000000000000') in 0.0287 seconds
Import Error Code:(4)
Message: Build asset version error: assets/00_project/generatedcharacters/mocking/character/npc_3_rigged.fbm/temp_orm_111859aa-2ec1-4eb6-9b3f-6a4153623a42_roughness.jpg in SourceAssetDB has modification time of '2026-05-26T15:24:44.1118576Z' while content on disk has modification time of '2026-05-26T15:27:47.173113Z'
  ERROR: Build asset version error: assets/00_project/generatedcharacters/mocking/character/npc_3_rigged.fbm/temp_orm_111859aa-2ec1-4eb6-9b3f-6a4153623a42_roughness.jpg in SourceAssetDB has modification time of '2026-05-26T15:24:44.1118576Z' while content on disk has modification time of '2026-05-26T15:27:47.173113Z'
Number of updated asset objects reloaded before import = 0Number of asset objects unloaded after import = 0

========================================================================
Received Import Request.
  Time since last request: 0.000022 seconds.
  path: Assets/00_Project/GeneratedCharacters/mocking/character/npc_3_rigged.fbm/NormalGL_111859aa-2ec1-4eb6-9b3f-6a4153623a42.jpg
  artifactKey: Guid(e19a21a20e6adcf478ad20c447539190) Importer(815301076,1909f56bfc062723c751e8b465ee728b)
Start importing Assets/00_Project/GeneratedCharacters/mocking/character/npc_3_rigged.fbm/NormalGL_111859aa-2ec1-4eb6-9b3f-6a4153623a42.jpg using Guid(e19a21a20e6adcf478ad20c447539190) Importer(815301076,1909f56bfc062723c751e8b465ee728b) (PreviewImporter) -> (artifact id: '00000000000000000000000000000000') in 0.0296877 seconds
Import Error Code:(4)
Message: Build asset version error: assets/00_project/generatedcharacters/mocking/character/npc_3_rigged.fbm/normalgl_111859aa-2ec1-4eb6-9b3f-6a4153623a42.jpg in SourceAssetDB has modification time of '2026-05-26T15:24:44.1103553Z' while content on disk has modification time of '2026-05-26T15:27:47.1721077Z'
  ERROR: Build asset version error: assets/00_project/generatedcharacters/mocking/character/npc_3_rigged.fbm/normalgl_111859aa-2ec1-4eb6-9b3f-6a4153623a42.jpg in SourceAssetDB has modification time of '2026-05-26T15:24:44.1103553Z' while content on disk has modification time of '2026-05-26T15:27:47.1721077Z'
Number of updated asset objects reloaded before import = 0Number of asset objects unloaded after import = 0

========================================================================
Received Import Request.
  Time since last request: 0.000020 seconds.
  path: Assets/00_Project/GeneratedCharacters/mocking/character/npc_3_rigged.fbm/Color_111859aa-2ec1-4eb6-9b3f-6a4153623a42.jpg
  artifactKey: Guid(10a4a4cdb3bcfac4c9f807f6798deb88) Importer(815301076,1909f56bfc062723c751e8b465ee728b)
Start importing Assets/00_Project/GeneratedCharacters/mocking/character/npc_3_rigged.fbm/Color_111859aa-2ec1-4eb6-9b3f-6a4153623a42.jpg using Guid(10a4a4cdb3bcfac4c9f807f6798deb88) Importer(815301076,1909f56bfc062723c751e8b465ee728b) (PreviewImporter) -> (artifact id: '00000000000000000000000000000000') in 0.0315113 seconds
Import Error Code:(4)
Message: Build asset version error: assets/00_project/generatedcharacters/mocking/character/npc_3_rigged.fbm/color_111859aa-2ec1-4eb6-9b3f-6a4153623a42.jpg in SourceAssetDB has modification time of '2026-05-26T15:24:44.1103553Z' while content on disk has modification time of '2026-05-26T15:27:47.1716014Z'
  ERROR: Build asset version error: assets/00_project/generatedcharacters/mocking/character/npc_3_rigged.fbm/color_111859aa-2ec1-4eb6-9b3f-6a4153623a42.jpg in SourceAssetDB has modification time of '2026-05-26T15:24:44.1103553Z' while content on disk has modification time of '2026-05-26T15:27:47.1716014Z'
Number of updated asset objects reloaded before import = 0Number of asset objects unloaded after import = 0

========================================================================
Received Import Request.
  Time since last request: 0.000023 seconds.
  path: Assets/00_Project/GeneratedCharacters/mocking/character/npc_3_rigged.fbm/NormalGL_111859aa-2ec1-4eb6-9b3f-6a4153623a42.jpg
  artifactKey: Guid(e19a21a20e6adcf478ad20c447539190) Importer(815301076,1909f56bfc062723c751e8b465ee728b)
Start importing Assets/00_Project/GeneratedCharacters/mocking/character/npc_3_rigged.fbm/NormalGL_111859aa-2ec1-4eb6-9b3f-6a4153623a42.jpg using Guid(e19a21a20e6adcf478ad20c447539190) Importer(815301076,1909f56bfc062723c751e8b465ee728b) (PreviewImporter) -> (artifact id: '00000000000000000000000000000000') in 0.0291739 seconds
Import Error Code:(4)
Message: Build asset version error: assets/00_project/generatedcharacters/mocking/character/npc_3_rigged.fbm/normalgl_111859aa-2ec1-4eb6-9b3f-6a4153623a42.jpg in SourceAssetDB has modification time of '2026-05-26T15:24:44.1103553Z' while content on disk has modification time of '2026-05-26T15:27:47.1721077Z'
  ERROR: Build asset version error: assets/00_project/generatedcharacters/mocking/character/npc_3_rigged.fbm/normalgl_111859aa-2ec1-4eb6-9b3f-6a4153623a42.jpg in SourceAssetDB has modification time of '2026-05-26T15:24:44.1103553Z' while content on disk has modification time of '2026-05-26T15:27:47.1721077Z'
Number of updated asset objects reloaded before import = 0Number of asset objects unloaded after import = 0

========================================================================
Received Import Request.
  Time since last request: 0.000029 seconds.
  path: Assets/00_Project/GeneratedCharacters/mocking/character/npc_3_rigged.fbm/temp_ORM_111859aa-2ec1-4eb6-9b3f-6a4153623a42_Roughness.jpg
  artifactKey: Guid(58d39ca4cc3414e42be20fc44c5f04de) Importer(815301076,1909f56bfc062723c751e8b465ee728b)
Start importing Assets/00_Project/GeneratedCharacters/mocking/character/npc_3_rigged.fbm/temp_ORM_111859aa-2ec1-4eb6-9b3f-6a4153623a42_Roughness.jpg using Guid(58d39ca4cc3414e42be20fc44c5f04de) Importer(815301076,1909f56bfc062723c751e8b465ee728b) (PreviewImporter) -> (artifact id: '00000000000000000000000000000000') in 0.0306848 seconds
Import Error Code:(4)
Message: Build asset version error: assets/00_project/generatedcharacters/mocking/character/npc_3_rigged.fbm/temp_orm_111859aa-2ec1-4eb6-9b3f-6a4153623a42_roughness.jpg in SourceAssetDB has modification time of '2026-05-26T15:24:44.1118576Z' while content on disk has modification time of '2026-05-26T15:27:47.173113Z'
  ERROR: Build asset version error: assets/00_project/generatedcharacters/mocking/character/npc_3_rigged.fbm/temp_orm_111859aa-2ec1-4eb6-9b3f-6a4153623a42_roughness.jpg in SourceAssetDB has modification time of '2026-05-26T15:24:44.1118576Z' while content on disk has modification time of '2026-05-26T15:27:47.173113Z'
Number of updated asset objects reloaded before import = 0Number of asset objects unloaded after import = 0

========================================================================
Received Import Request.
  Time since last request: 0.000022 seconds.
  path: Assets/00_Project/GeneratedCharacters/mocking/character/npc_3_rigged.fbm/Color_111859aa-2ec1-4eb6-9b3f-6a4153623a42.jpg
  artifactKey: Guid(10a4a4cdb3bcfac4c9f807f6798deb88) Importer(815301076,1909f56bfc062723c751e8b465ee728b)
Start importing Assets/00_Project/GeneratedCharacters/mocking/character/npc_3_rigged.fbm/Color_111859aa-2ec1-4eb6-9b3f-6a4153623a42.jpg using Guid(10a4a4cdb3bcfac4c9f807f6798deb88) Importer(815301076,1909f56bfc062723c751e8b465ee728b) (PreviewImporter) -> (artifact id: '00000000000000000000000000000000') in 0.0278973 seconds
Import Error Code:(4)
Message: Build asset version error: assets/00_project/generatedcharacters/mocking/character/npc_3_rigged.fbm/color_111859aa-2ec1-4eb6-9b3f-6a4153623a42.jpg in SourceAssetDB has modification time of '2026-05-26T15:24:44.1103553Z' while content on disk has modification time of '2026-05-26T15:27:47.1716014Z'
  ERROR: Build asset version error: assets/00_project/generatedcharacters/mocking/character/npc_3_rigged.fbm/color_111859aa-2ec1-4eb6-9b3f-6a4153623a42.jpg in SourceAssetDB has modification time of '2026-05-26T15:24:44.1103553Z' while content on disk has modification time of '2026-05-26T15:27:47.1716014Z'
Number of updated asset objects reloaded before import = 0Number of asset objects unloaded after import = 0

========================================================================
Received Import Request.
  Time since last request: 0.000019 seconds.
  path: Assets/00_Project/GeneratedCharacters/mocking/character/npc_3_rigged.fbm/temp_ORM_111859aa-2ec1-4eb6-9b3f-6a4153623a42_Roughness.jpg
  artifactKey: Guid(58d39ca4cc3414e42be20fc44c5f04de) Importer(815301076,1909f56bfc062723c751e8b465ee728b)
Start importing Assets/00_Project/GeneratedCharacters/mocking/character/npc_3_rigged.fbm/temp_ORM_111859aa-2ec1-4eb6-9b3f-6a4153623a42_Roughness.jpg using Guid(58d39ca4cc3414e42be20fc44c5f04de) Importer(815301076,1909f56bfc062723c751e8b465ee728b) (PreviewImporter) -> (artifact id: '00000000000000000000000000000000') in 0.0284024 seconds
Import Error Code:(4)
Message: Build asset version error: assets/00_project/generatedcharacters/mocking/character/npc_3_rigged.fbm/temp_orm_111859aa-2ec1-4eb6-9b3f-6a4153623a42_roughness.jpg in SourceAssetDB has modification time of '2026-05-26T15:24:44.1118576Z' while content on disk has modification time of '2026-05-26T15:27:47.173113Z'
  ERROR: Build asset version error: assets/00_project/generatedcharacters/mocking/character/npc_3_rigged.fbm/temp_orm_111859aa-2ec1-4eb6-9b3f-6a4153623a42_roughness.jpg in SourceAssetDB has modification time of '2026-05-26T15:24:44.1118576Z' while content on disk has modification time of '2026-05-26T15:27:47.173113Z'
Number of updated asset objects reloaded before import = 0Number of asset objects unloaded after import = 0

========================================================================
Received Import Request.
  Time since last request: 0.000021 seconds.
  path: Assets/00_Project/GeneratedCharacters/mocking/character/npc_3_rigged.fbm/NormalGL_111859aa-2ec1-4eb6-9b3f-6a4153623a42.jpg
  artifactKey: Guid(e19a21a20e6adcf478ad20c447539190) Importer(815301076,1909f56bfc062723c751e8b465ee728b)
Start importing Assets/00_Project/GeneratedCharacters/mocking/character/npc_3_rigged.fbm/NormalGL_111859aa-2ec1-4eb6-9b3f-6a4153623a42.jpg using Guid(e19a21a20e6adcf478ad20c447539190) Importer(815301076,1909f56bfc062723c751e8b465ee728b) (PreviewImporter) -> (artifact id: '00000000000000000000000000000000') in 0.0303939 seconds
Import Error Code:(4)
Message: Build asset version error: assets/00_project/generatedcharacters/mocking/character/npc_3_rigged.fbm/normalgl_111859aa-2ec1-4eb6-9b3f-6a4153623a42.jpg in SourceAssetDB has modification time of '2026-05-26T15:24:44.1103553Z' while content on disk has modification time of '2026-05-26T15:27:47.1721077Z'
  ERROR: Build asset version error: assets/00_project/generatedcharacters/mocking/character/npc_3_rigged.fbm/normalgl_111859aa-2ec1-4eb6-9b3f-6a4153623a42.jpg in SourceAssetDB has modification time of '2026-05-26T15:24:44.1103553Z' while content on disk has modification time of '2026-05-26T15:27:47.1721077Z'
Number of updated asset objects reloaded before import = 0Number of asset objects unloaded after import = 0

========================================================================
Received Import Request.
  Time since last request: 0.000027 seconds.
  path: Assets/00_Project/GeneratedCharacters/mocking/character/npc_3_rigged.fbm/Color_111859aa-2ec1-4eb6-9b3f-6a4153623a42.jpg
  artifactKey: Guid(10a4a4cdb3bcfac4c9f807f6798deb88) Importer(815301076,1909f56bfc062723c751e8b465ee728b)
Start importing Assets/00_Project/GeneratedCharacters/mocking/character/npc_3_rigged.fbm/Color_111859aa-2ec1-4eb6-9b3f-6a4153623a42.jpg using Guid(10a4a4cdb3bcfac4c9f807f6798deb88) Importer(815301076,1909f56bfc062723c751e8b465ee728b) (PreviewImporter) -> (artifact id: '00000000000000000000000000000000') in 0.029895 seconds
Import Error Code:(4)
Message: Build asset version error: assets/00_project/generatedcharacters/mocking/character/npc_3_rigged.fbm/color_111859aa-2ec1-4eb6-9b3f-6a4153623a42.jpg in SourceAssetDB has modification time of '2026-05-26T15:24:44.1103553Z' while content on disk has modification time of '2026-05-26T15:27:47.1716014Z'
  ERROR: Build asset version error: assets/00_project/generatedcharacters/mocking/character/npc_3_rigged.fbm/color_111859aa-2ec1-4eb6-9b3f-6a4153623a42.jpg in SourceAssetDB has modification time of '2026-05-26T15:24:44.1103553Z' while content on disk has modification time of '2026-05-26T15:27:47.1716014Z'
Number of updated asset objects reloaded before import = 0Number of asset objects unloaded after import = 0

========================================================================
Received Import Request.
  Time since last request: 0.000019 seconds.
  path: Assets/00_Project/GeneratedCharacters/mocking/character/npc_3_rigged.fbm/temp_ORM_111859aa-2ec1-4eb6-9b3f-6a4153623a42_Metallic.jpg
  artifactKey: Guid(6095e6e900acffe45a3da568f0a57422) Importer(815301076,1909f56bfc062723c751e8b465ee728b)
Start importing Assets/00_Project/GeneratedCharacters/mocking/character/npc_3_rigged.fbm/temp_ORM_111859aa-2ec1-4eb6-9b3f-6a4153623a42_Metallic.jpg using Guid(6095e6e900acffe45a3da568f0a57422) Importer(815301076,1909f56bfc062723c751e8b465ee728b) (PreviewImporter) -> (artifact id: '00000000000000000000000000000000') in 0.032355 seconds
Import Error Code:(4)
Message: Build asset version error: assets/00_project/generatedcharacters/mocking/character/npc_3_rigged.fbm/temp_orm_111859aa-2ec1-4eb6-9b3f-6a4153623a42_metallic.jpg in SourceAssetDB has modification time of '2026-05-26T15:24:44.1133605Z' while content on disk has modification time of '2026-05-26T15:27:47.1741348Z'
  ERROR: Build asset version error: assets/00_project/generatedcharacters/mocking/character/npc_3_rigged.fbm/temp_orm_111859aa-2ec1-4eb6-9b3f-6a4153623a42_metallic.jpg in SourceAssetDB has modification time of '2026-05-26T15:24:44.1133605Z' while content on disk has modification time of '2026-05-26T15:27:47.1741348Z'
Number of updated asset objects reloaded before import = 0Number of asset objects unloaded after import = 0

========================================================================
Received Import Request.
  Time since last request: 0.000018 seconds.
  path: Assets/00_Project/GeneratedCharacters/mocking/character/npc_3_rigged.fbm/temp_ORM_111859aa-2ec1-4eb6-9b3f-6a4153623a42_Roughness.jpg
  artifactKey: Guid(58d39ca4cc3414e42be20fc44c5f04de) Importer(815301076,1909f56bfc062723c751e8b465ee728b)
Start importing Assets/00_Project/GeneratedCharacters/mocking/character/npc_3_rigged.fbm/temp_ORM_111859aa-2ec1-4eb6-9b3f-6a4153623a42_Roughness.jpg using Guid(58d39ca4cc3414e42be20fc44c5f04de) Importer(815301076,1909f56bfc062723c751e8b465ee728b) (PreviewImporter) -> (artifact id: '00000000000000000000000000000000') in 0.0309724 seconds
Import Error Code:(4)
Message: Build asset version error: assets/00_project/generatedcharacters/mocking/character/npc_3_rigged.fbm/temp_orm_111859aa-2ec1-4eb6-9b3f-6a4153623a42_roughness.jpg in SourceAssetDB has modification time of '2026-05-26T15:24:44.1118576Z' while content on disk has modification time of '2026-05-26T15:27:47.173113Z'
  ERROR: Build asset version error: assets/00_project/generatedcharacters/mocking/character/npc_3_rigged.fbm/temp_orm_111859aa-2ec1-4eb6-9b3f-6a4153623a42_roughness.jpg in SourceAssetDB has modification time of '2026-05-26T15:24:44.1118576Z' while content on disk has modification time of '2026-05-26T15:27:47.173113Z'
Number of updated asset objects reloaded before import = 0Number of asset objects unloaded after import = 0

========================================================================
Received Import Request.
  Time since last request: 0.000020 seconds.
  path: Assets/00_Project/GeneratedCharacters/mocking/character/npc_3_rigged.fbm/NormalGL_111859aa-2ec1-4eb6-9b3f-6a4153623a42.jpg
  artifactKey: Guid(e19a21a20e6adcf478ad20c447539190) Importer(815301076,1909f56bfc062723c751e8b465ee728b)
Start importing Assets/00_Project/GeneratedCharacters/mocking/character/npc_3_rigged.fbm/NormalGL_111859aa-2ec1-4eb6-9b3f-6a4153623a42.jpg using Guid(e19a21a20e6adcf478ad20c447539190) Importer(815301076,1909f56bfc062723c751e8b465ee728b) (PreviewImporter) -> (artifact id: '00000000000000000000000000000000') in 0.0297967 seconds
Import Error Code:(4)
Message: Build asset version error: assets/00_project/generatedcharacters/mocking/character/npc_3_rigged.fbm/normalgl_111859aa-2ec1-4eb6-9b3f-6a4153623a42.jpg in SourceAssetDB has modification time of '2026-05-26T15:24:44.1103553Z' while content on disk has modification time of '2026-05-26T15:27:47.1721077Z'
  ERROR: Build asset version error: assets/00_project/generatedcharacters/mocking/character/npc_3_rigged.fbm/normalgl_111859aa-2ec1-4eb6-9b3f-6a4153623a42.jpg in SourceAssetDB has modification time of '2026-05-26T15:24:44.1103553Z' while content on disk has modification time of '2026-05-26T15:27:47.1721077Z'
Number of updated asset objects reloaded before import = 0Number of asset objects unloaded after import = 0

========================================================================
Received Import Request.
  Time since last request: 0.000029 seconds.
  path: Assets/00_Project/GeneratedCharacters/mocking/character/npc_3_rigged.fbm/temp_ORM_111859aa-2ec1-4eb6-9b3f-6a4153623a42_Roughness.jpg
  artifactKey: Guid(58d39ca4cc3414e42be20fc44c5f04de) Importer(815301076,1909f56bfc062723c751e8b465ee728b)
Start importing Assets/00_Project/GeneratedCharacters/mocking/character/npc_3_rigged.fbm/temp_ORM_111859aa-2ec1-4eb6-9b3f-6a4153623a42_Roughness.jpg using Guid(58d39ca4cc3414e42be20fc44c5f04de) Importer(815301076,1909f56bfc062723c751e8b465ee728b) (PreviewImporter) -> (artifact id: '00000000000000000000000000000000') in 0.0292995 seconds
Import Error Code:(4)
Message: Build asset version error: assets/00_project/generatedcharacters/mocking/character/npc_3_rigged.fbm/temp_orm_111859aa-2ec1-4eb6-9b3f-6a4153623a42_roughness.jpg in SourceAssetDB has modification time of '2026-05-26T15:24:44.1118576Z' while content on disk has modification time of '2026-05-26T15:27:47.173113Z'
  ERROR: Build asset version error: assets/00_project/generatedcharacters/mocking/character/npc_3_rigged.fbm/temp_orm_111859aa-2ec1-4eb6-9b3f-6a4153623a42_roughness.jpg in SourceAssetDB has modification time of '2026-05-26T15:24:44.1118576Z' while content on disk has modification time of '2026-05-26T15:27:47.173113Z'
Number of updated asset objects reloaded before import = 0Number of asset objects unloaded after import = 0

========================================================================
Received Import Request.
  Time since last request: 0.000019 seconds.
  path: Assets/00_Project/GeneratedCharacters/mocking/character/npc_3_rigged.fbm/temp_ORM_111859aa-2ec1-4eb6-9b3f-6a4153623a42_Metallic.jpg
  artifactKey: Guid(6095e6e900acffe45a3da568f0a57422) Importer(815301076,1909f56bfc062723c751e8b465ee728b)
Start importing Assets/00_Project/GeneratedCharacters/mocking/character/npc_3_rigged.fbm/temp_ORM_111859aa-2ec1-4eb6-9b3f-6a4153623a42_Metallic.jpg using Guid(6095e6e900acffe45a3da568f0a57422) Importer(815301076,1909f56bfc062723c751e8b465ee728b) (PreviewImporter) -> (artifact id: '00000000000000000000000000000000') in 0.0346448 seconds
Import Error Code:(4)
Message: Build asset version error: assets/00_project/generatedcharacters/mocking/character/npc_3_rigged.fbm/temp_orm_111859aa-2ec1-4eb6-9b3f-6a4153623a42_metallic.jpg in SourceAssetDB has modification time of '2026-05-26T15:24:44.1133605Z' while content on disk has modification time of '2026-05-26T15:27:47.1741348Z'
  ERROR: Build asset version error: assets/00_project/generatedcharacters/mocking/character/npc_3_rigged.fbm/temp_orm_111859aa-2ec1-4eb6-9b3f-6a4153623a42_metallic.jpg in SourceAssetDB has modification time of '2026-05-26T15:24:44.1133605Z' while content on disk has modification time of '2026-05-26T15:27:47.1741348Z'
Number of updated asset objects reloaded before import = 0Number of asset objects unloaded after import = 0

========================================================================
Received Import Request.
  Time since last request: 0.000036 seconds.
  path: Assets/00_Project/GeneratedCharacters/mocking/character/npc_3_rigged.fbm/temp_ORM_111859aa-2ec1-4eb6-9b3f-6a4153623a42_Roughness.jpg
  artifactKey: Guid(58d39ca4cc3414e42be20fc44c5f04de) Importer(815301076,1909f56bfc062723c751e8b465ee728b)
Start importing Assets/00_Project/GeneratedCharacters/mocking/character/npc_3_rigged.fbm/temp_ORM_111859aa-2ec1-4eb6-9b3f-6a4153623a42_Roughness.jpg using Guid(58d39ca4cc3414e42be20fc44c5f04de) Importer(815301076,1909f56bfc062723c751e8b465ee728b) (PreviewImporter) -> (artifact id: '00000000000000000000000000000000') in 0.030668 seconds
Import Error Code:(4)
Message: Build asset version error: assets/00_project/generatedcharacters/mocking/character/npc_3_rigged.fbm/temp_orm_111859aa-2ec1-4eb6-9b3f-6a4153623a42_roughness.jpg in SourceAssetDB has modification time of '2026-05-26T15:24:44.1118576Z' while content on disk has modification time of '2026-05-26T15:27:47.173113Z'
  ERROR: Build asset version error: assets/00_project/generatedcharacters/mocking/character/npc_3_rigged.fbm/temp_orm_111859aa-2ec1-4eb6-9b3f-6a4153623a42_roughness.jpg in SourceAssetDB has modification time of '2026-05-26T15:24:44.1118576Z' while content on disk has modification time of '2026-05-26T15:27:47.173113Z'
Number of updated asset objects reloaded before import = 0Number of asset objects unloaded after import = 0

========================================================================
Received Import Request.
  Time since last request: 0.000022 seconds.
  path: Assets/00_Project/GeneratedCharacters/mocking/character/npc_3_rigged.fbm/Color_111859aa-2ec1-4eb6-9b3f-6a4153623a42.jpg
  artifactKey: Guid(10a4a4cdb3bcfac4c9f807f6798deb88) Importer(815301076,1909f56bfc062723c751e8b465ee728b)
Start importing Assets/00_Project/GeneratedCharacters/mocking/character/npc_3_rigged.fbm/Color_111859aa-2ec1-4eb6-9b3f-6a4153623a42.jpg using Guid(10a4a4cdb3bcfac4c9f807f6798deb88) Importer(815301076,1909f56bfc062723c751e8b465ee728b) (PreviewImporter) -> (artifact id: '00000000000000000000000000000000') in 0.0291819 seconds
Import Error Code:(4)
Message: Build asset version error: assets/00_project/generatedcharacters/mocking/character/npc_3_rigged.fbm/color_111859aa-2ec1-4eb6-9b3f-6a4153623a42.jpg in SourceAssetDB has modification time of '2026-05-26T15:24:44.1103553Z' while content on disk has modification time of '2026-05-26T15:27:47.1716014Z'
  ERROR: Build asset version error: assets/00_project/generatedcharacters/mocking/character/npc_3_rigged.fbm/color_111859aa-2ec1-4eb6-9b3f-6a4153623a42.jpg in SourceAssetDB has modification time of '2026-05-26T15:24:44.1103553Z' while content on disk has modification time of '2026-05-26T15:27:47.1716014Z'
Number of updated asset objects reloaded before import = 0Number of asset objects unloaded after import = 0

========================================================================
Received Import Request.
  Time since last request: 0.000030 seconds.
  path: Assets/00_Project/GeneratedCharacters/mocking/character/npc_3_rigged.fbm/temp_ORM_111859aa-2ec1-4eb6-9b3f-6a4153623a42_Metallic.jpg
  artifactKey: Guid(6095e6e900acffe45a3da568f0a57422) Importer(815301076,1909f56bfc062723c751e8b465ee728b)
Start importing Assets/00_Project/GeneratedCharacters/mocking/character/npc_3_rigged.fbm/temp_ORM_111859aa-2ec1-4eb6-9b3f-6a4153623a42_Metallic.jpg using Guid(6095e6e900acffe45a3da568f0a57422) Importer(815301076,1909f56bfc062723c751e8b465ee728b) (PreviewImporter) -> (artifact id: '00000000000000000000000000000000') in 0.0333936 seconds
Import Error Code:(4)
Message: Build asset version error: assets/00_project/generatedcharacters/mocking/character/npc_3_rigged.fbm/temp_orm_111859aa-2ec1-4eb6-9b3f-6a4153623a42_metallic.jpg in SourceAssetDB has modification time of '2026-05-26T15:24:44.1133605Z' while content on disk has modification time of '2026-05-26T15:27:47.1741348Z'
  ERROR: Build asset version error: assets/00_project/generatedcharacters/mocking/character/npc_3_rigged.fbm/temp_orm_111859aa-2ec1-4eb6-9b3f-6a4153623a42_metallic.jpg in SourceAssetDB has modification time of '2026-05-26T15:24:44.1133605Z' while content on disk has modification time of '2026-05-26T15:27:47.1741348Z'
Number of updated asset objects reloaded before import = 0Number of asset objects unloaded after import = 0

========================================================================
Received Import Request.
  Time since last request: 0.000019 seconds.
  path: Assets/00_Project/GeneratedCharacters/mocking/character/npc_3_rigged.fbm/Color_111859aa-2ec1-4eb6-9b3f-6a4153623a42.jpg
  artifactKey: Guid(10a4a4cdb3bcfac4c9f807f6798deb88) Importer(815301076,1909f56bfc062723c751e8b465ee728b)
Start importing Assets/00_Project/GeneratedCharacters/mocking/character/npc_3_rigged.fbm/Color_111859aa-2ec1-4eb6-9b3f-6a4153623a42.jpg using Guid(10a4a4cdb3bcfac4c9f807f6798deb88) Importer(815301076,1909f56bfc062723c751e8b465ee728b) (PreviewImporter) -> (artifact id: '00000000000000000000000000000000') in 0.0311293 seconds
Import Error Code:(4)
Message: Build asset version error: assets/00_project/generatedcharacters/mocking/character/npc_3_rigged.fbm/color_111859aa-2ec1-4eb6-9b3f-6a4153623a42.jpg in SourceAssetDB has modification time of '2026-05-26T15:24:44.1103553Z' while content on disk has modification time of '2026-05-26T15:27:47.1716014Z'
  ERROR: Build asset version error: assets/00_project/generatedcharacters/mocking/character/npc_3_rigged.fbm/color_111859aa-2ec1-4eb6-9b3f-6a4153623a42.jpg in SourceAssetDB has modification time of '2026-05-26T15:24:44.1103553Z' while content on disk has modification time of '2026-05-26T15:27:47.1716014Z'
Number of updated asset objects reloaded before import = 0Number of asset objects unloaded after import = 0

========================================================================
Received Import Request.
  Time since last request: 0.000024 seconds.
  path: Assets/00_Project/GeneratedCharacters/mocking/character/npc_3_rigged.fbm/temp_ORM_111859aa-2ec1-4eb6-9b3f-6a4153623a42_Roughness.jpg
  artifactKey: Guid(58d39ca4cc3414e42be20fc44c5f04de) Importer(815301076,1909f56bfc062723c751e8b465ee728b)
Start importing Assets/00_Project/GeneratedCharacters/mocking/character/npc_3_rigged.fbm/temp_ORM_111859aa-2ec1-4eb6-9b3f-6a4153623a42_Roughness.jpg using Guid(58d39ca4cc3414e42be20fc44c5f04de) Importer(815301076,1909f56bfc062723c751e8b465ee728b) (PreviewImporter) -> (artifact id: '00000000000000000000000000000000') in 0.0315605 seconds
Import Error Code:(4)
Message: Build asset version error: assets/00_project/generatedcharacters/mocking/character/npc_3_rigged.fbm/temp_orm_111859aa-2ec1-4eb6-9b3f-6a4153623a42_roughness.jpg in SourceAssetDB has modification time of '2026-05-26T15:24:44.1118576Z' while content on disk has modification time of '2026-05-26T15:27:47.173113Z'
  ERROR: Build asset version error: assets/00_project/generatedcharacters/mocking/character/npc_3_rigged.fbm/temp_orm_111859aa-2ec1-4eb6-9b3f-6a4153623a42_roughness.jpg in SourceAssetDB has modification time of '2026-05-26T15:24:44.1118576Z' while content on disk has modification time of '2026-05-26T15:27:47.173113Z'
Number of updated asset objects reloaded before import = 0Number of asset objects unloaded after import = 0

========================================================================
Received Import Request.
  Time since last request: 0.000021 seconds.
  path: Assets/00_Project/GeneratedCharacters/mocking/character/npc_3_rigged.fbm/Color_111859aa-2ec1-4eb6-9b3f-6a4153623a42.jpg
  artifactKey: Guid(10a4a4cdb3bcfac4c9f807f6798deb88) Importer(815301076,1909f56bfc062723c751e8b465ee728b)
Start importing Assets/00_Project/GeneratedCharacters/mocking/character/npc_3_rigged.fbm/Color_111859aa-2ec1-4eb6-9b3f-6a4153623a42.jpg using Guid(10a4a4cdb3bcfac4c9f807f6798deb88) Importer(815301076,1909f56bfc062723c751e8b465ee728b) (PreviewImporter) -> (artifact id: '00000000000000000000000000000000') in 0.0293957 seconds
Import Error Code:(4)
Message: Build asset version error: assets/00_project/generatedcharacters/mocking/character/npc_3_rigged.fbm/color_111859aa-2ec1-4eb6-9b3f-6a4153623a42.jpg in SourceAssetDB has modification time of '2026-05-26T15:24:44.1103553Z' while content on disk has modification time of '2026-05-26T15:27:47.1716014Z'
  ERROR: Build asset version error: assets/00_project/generatedcharacters/mocking/character/npc_3_rigged.fbm/color_111859aa-2ec1-4eb6-9b3f-6a4153623a42.jpg in SourceAssetDB has modification time of '2026-05-26T15:24:44.1103553Z' while content on disk has modification time of '2026-05-26T15:27:47.1716014Z'
Number of updated asset objects reloaded before import = 0Number of asset objects unloaded after import = 0

========================================================================
Received Import Request.
  Time since last request: 0.000028 seconds.
  path: Assets/00_Project/GeneratedCharacters/mocking/character/npc_3_rigged.fbm/temp_ORM_111859aa-2ec1-4eb6-9b3f-6a4153623a42_Metallic.jpg
  artifactKey: Guid(6095e6e900acffe45a3da568f0a57422) Importer(815301076,1909f56bfc062723c751e8b465ee728b)
Start importing Assets/00_Project/GeneratedCharacters/mocking/character/npc_3_rigged.fbm/temp_ORM_111859aa-2ec1-4eb6-9b3f-6a4153623a42_Metallic.jpg using Guid(6095e6e900acffe45a3da568f0a57422) Importer(815301076,1909f56bfc062723c751e8b465ee728b) (PreviewImporter) -> (artifact id: '00000000000000000000000000000000') in 0.031757 seconds
Import Error Code:(4)
Message: Build asset version error: assets/00_project/generatedcharacters/mocking/character/npc_3_rigged.fbm/temp_orm_111859aa-2ec1-4eb6-9b3f-6a4153623a42_metallic.jpg in SourceAssetDB has modification time of '2026-05-26T15:24:44.1133605Z' while content on disk has modification time of '2026-05-26T15:27:47.1741348Z'
  ERROR: Build asset version error: assets/00_project/generatedcharacters/mocking/character/npc_3_rigged.fbm/temp_orm_111859aa-2ec1-4eb6-9b3f-6a4153623a42_metallic.jpg in SourceAssetDB has modification time of '2026-05-26T15:24:44.1133605Z' while content on disk has modification time of '2026-05-26T15:27:47.1741348Z'
Number of updated asset objects reloaded before import = 0Number of asset objects unloaded after import = 0

========================================================================
Received Import Request.
  Time since last request: 0.000019 seconds.
  path: Assets/00_Project/GeneratedCharacters/mocking/character/npc_3_rigged.fbm/NormalGL_111859aa-2ec1-4eb6-9b3f-6a4153623a42.jpg
  artifactKey: Guid(e19a21a20e6adcf478ad20c447539190) Importer(815301076,1909f56bfc062723c751e8b465ee728b)
Start importing Assets/00_Project/GeneratedCharacters/mocking/character/npc_3_rigged.fbm/NormalGL_111859aa-2ec1-4eb6-9b3f-6a4153623a42.jpg using Guid(e19a21a20e6adcf478ad20c447539190) Importer(815301076,1909f56bfc062723c751e8b465ee728b) (PreviewImporter) -> (artifact id: '00000000000000000000000000000000') in 0.0301442 seconds
Import Error Code:(4)
Message: Build asset version error: assets/00_project/generatedcharacters/mocking/character/npc_3_rigged.fbm/normalgl_111859aa-2ec1-4eb6-9b3f-6a4153623a42.jpg in SourceAssetDB has modification time of '2026-05-26T15:24:44.1103553Z' while content on disk has modification time of '2026-05-26T15:27:47.1721077Z'
  ERROR: Build asset version error: assets/00_project/generatedcharacters/mocking/character/npc_3_rigged.fbm/normalgl_111859aa-2ec1-4eb6-9b3f-6a4153623a42.jpg in SourceAssetDB has modification time of '2026-05-26T15:24:44.1103553Z' while content on disk has modification time of '2026-05-26T15:27:47.1721077Z'
Number of updated asset objects reloaded before import = 0Number of asset objects unloaded after import = 0

========================================================================
Received Import Request.
  Time since last request: 0.000021 seconds.
  path: Assets/00_Project/GeneratedCharacters/mocking/character/npc_3_rigged.fbm/temp_ORM_111859aa-2ec1-4eb6-9b3f-6a4153623a42_Metallic.jpg
  artifactKey: Guid(6095e6e900acffe45a3da568f0a57422) Importer(815301076,1909f56bfc062723c751e8b465ee728b)
Start importing Assets/00_Project/GeneratedCharacters/mocking/character/npc_3_rigged.fbm/temp_ORM_111859aa-2ec1-4eb6-9b3f-6a4153623a42_Metallic.jpg using Guid(6095e6e900acffe45a3da568f0a57422) Importer(815301076,1909f56bfc062723c751e8b465ee728b) (PreviewImporter) -> (artifact id: '00000000000000000000000000000000') in 0.0308744 seconds
Import Error Code:(4)
Message: Build asset version error: assets/00_project/generatedcharacters/mocking/character/npc_3_rigged.fbm/temp_orm_111859aa-2ec1-4eb6-9b3f-6a4153623a42_metallic.jpg in SourceAssetDB has modification time of '2026-05-26T15:24:44.1133605Z' while content on disk has modification time of '2026-05-26T15:27:47.1741348Z'
  ERROR: Build asset version error: assets/00_project/generatedcharacters/mocking/character/npc_3_rigged.fbm/temp_orm_111859aa-2ec1-4eb6-9b3f-6a4153623a42_metallic.jpg in SourceAssetDB has modification time of '2026-05-26T15:24:44.1133605Z' while content on disk has modification time of '2026-05-26T15:27:47.1741348Z'
Number of updated asset objects reloaded before import = 0Number of asset objects unloaded after import = 0

========================================================================
Received Import Request.
  Time since last request: 0.000022 seconds.
  path: Assets/00_Project/GeneratedCharacters/mocking/character/npc_3_rigged.fbm/NormalGL_111859aa-2ec1-4eb6-9b3f-6a4153623a42.jpg
  artifactKey: Guid(e19a21a20e6adcf478ad20c447539190) Importer(815301076,1909f56bfc062723c751e8b465ee728b)
Start importing Assets/00_Project/GeneratedCharacters/mocking/character/npc_3_rigged.fbm/NormalGL_111859aa-2ec1-4eb6-9b3f-6a4153623a42.jpg using Guid(e19a21a20e6adcf478ad20c447539190) Importer(815301076,1909f56bfc062723c751e8b465ee728b) (PreviewImporter) -> (artifact id: '00000000000000000000000000000000') in 0.032475 seconds
Import Error Code:(4)
Message: Build asset version error: assets/00_project/generatedcharacters/mocking/character/npc_3_rigged.fbm/normalgl_111859aa-2ec1-4eb6-9b3f-6a4153623a42.jpg in SourceAssetDB has modification time of '2026-05-26T15:24:44.1103553Z' while content on disk has modification time of '2026-05-26T15:27:47.1721077Z'
  ERROR: Build asset version error: assets/00_project/generatedcharacters/mocking/character/npc_3_rigged.fbm/normalgl_111859aa-2ec1-4eb6-9b3f-6a4153623a42.jpg in SourceAssetDB has modification time of '2026-05-26T15:24:44.1103553Z' while content on disk has modification time of '2026-05-26T15:27:47.1721077Z'
Number of updated asset objects reloaded before import = 0Number of asset objects unloaded after import = 0

========================================================================
Received Import Request.
  Time since last request: 0.000029 seconds.
  path: Assets/00_Project/GeneratedCharacters/mocking/character/npc_3_rigged.fbm/temp_ORM_111859aa-2ec1-4eb6-9b3f-6a4153623a42_Roughness.jpg
  artifactKey: Guid(58d39ca4cc3414e42be20fc44c5f04de) Importer(815301076,1909f56bfc062723c751e8b465ee728b)
Start importing Assets/00_Project/GeneratedCharacters/mocking/character/npc_3_rigged.fbm/temp_ORM_111859aa-2ec1-4eb6-9b3f-6a4153623a42_Roughness.jpg using Guid(58d39ca4cc3414e42be20fc44c5f04de) Importer(815301076,1909f56bfc062723c751e8b465ee728b) (PreviewImporter) -> (artifact id: '00000000000000000000000000000000') in 0.0330267 seconds
Import Error Code:(4)
Message: Build asset version error: assets/00_project/generatedcharacters/mocking/character/npc_3_rigged.fbm/temp_orm_111859aa-2ec1-4eb6-9b3f-6a4153623a42_roughness.jpg in SourceAssetDB has modification time of '2026-05-26T15:24:44.1118576Z' while content on disk has modification time of '2026-05-26T15:27:47.173113Z'
  ERROR: Build asset version error: assets/00_project/generatedcharacters/mocking/character/npc_3_rigged.fbm/temp_orm_111859aa-2ec1-4eb6-9b3f-6a4153623a42_roughness.jpg in SourceAssetDB has modification time of '2026-05-26T15:24:44.1118576Z' while content on disk has modification time of '2026-05-26T15:27:47.173113Z'
Number of updated asset objects reloaded before import = 0Number of asset objects unloaded after import = 0

========================================================================
Received Import Request.
  Time since last request: 0.000019 seconds.
  path: Assets/00_Project/GeneratedCharacters/mocking/character/npc_3_rigged.fbm/NormalGL_111859aa-2ec1-4eb6-9b3f-6a4153623a42.jpg
  artifactKey: Guid(e19a21a20e6adcf478ad20c447539190) Importer(815301076,1909f56bfc062723c751e8b465ee728b)
Start importing Assets/00_Project/GeneratedCharacters/mocking/character/npc_3_rigged.fbm/NormalGL_111859aa-2ec1-4eb6-9b3f-6a4153623a42.jpg using Guid(e19a21a20e6adcf478ad20c447539190) Importer(815301076,1909f56bfc062723c751e8b465ee728b) (PreviewImporter) -> (artifact id: '00000000000000000000000000000000') in 0.0287482 seconds
Import Error Code:(4)
Message: Build asset version error: assets/00_project/generatedcharacters/mocking/character/npc_3_rigged.fbm/normalgl_111859aa-2ec1-4eb6-9b3f-6a4153623a42.jpg in SourceAssetDB has modification time of '2026-05-26T15:24:44.1103553Z' while content on disk has modification time of '2026-05-26T15:27:47.1721077Z'
  ERROR: Build asset version error: assets/00_project/generatedcharacters/mocking/character/npc_3_rigged.fbm/normalgl_111859aa-2ec1-4eb6-9b3f-6a4153623a42.jpg in SourceAssetDB has modification time of '2026-05-26T15:24:44.1103553Z' while content on disk has modification time of '2026-05-26T15:27:47.1721077Z'
Number of updated asset objects reloaded before import = 0Number of asset objects unloaded after import = 0

========================================================================
Received Import Request.
  Time since last request: 0.000018 seconds.
  path: Assets/00_Project/GeneratedCharacters/mocking/character/npc_3_rigged.fbm/temp_ORM_111859aa-2ec1-4eb6-9b3f-6a4153623a42_Roughness.jpg
  artifactKey: Guid(58d39ca4cc3414e42be20fc44c5f04de) Importer(815301076,1909f56bfc062723c751e8b465ee728b)
Start importing Assets/00_Project/GeneratedCharacters/mocking/character/npc_3_rigged.fbm/temp_ORM_111859aa-2ec1-4eb6-9b3f-6a4153623a42_Roughness.jpg using Guid(58d39ca4cc3414e42be20fc44c5f04de) Importer(815301076,1909f56bfc062723c751e8b465ee728b) (PreviewImporter) -> (artifact id: '00000000000000000000000000000000') in 0.0297738 seconds
Import Error Code:(4)
Message: Build asset version error: assets/00_project/generatedcharacters/mocking/character/npc_3_rigged.fbm/temp_orm_111859aa-2ec1-4eb6-9b3f-6a4153623a42_roughness.jpg in SourceAssetDB has modification time of '2026-05-26T15:24:44.1118576Z' while content on disk has modification time of '2026-05-26T15:27:47.173113Z'
  ERROR: Build asset version error: assets/00_project/generatedcharacters/mocking/character/npc_3_rigged.fbm/temp_orm_111859aa-2ec1-4eb6-9b3f-6a4153623a42_roughness.jpg in SourceAssetDB has modification time of '2026-05-26T15:24:44.1118576Z' while content on disk has modification time of '2026-05-26T15:27:47.173113Z'
Number of updated asset objects reloaded before import = 0Number of asset objects unloaded after import = 0

========================================================================
Received Import Request.
  Time since last request: 0.000021 seconds.
  path: Assets/00_Project/GeneratedCharacters/mocking/character/npc_3_rigged.fbm/Color_111859aa-2ec1-4eb6-9b3f-6a4153623a42.jpg
  artifactKey: Guid(10a4a4cdb3bcfac4c9f807f6798deb88) Importer(815301076,1909f56bfc062723c751e8b465ee728b)
Start importing Assets/00_Project/GeneratedCharacters/mocking/character/npc_3_rigged.fbm/Color_111859aa-2ec1-4eb6-9b3f-6a4153623a42.jpg using Guid(10a4a4cdb3bcfac4c9f807f6798deb88) Importer(815301076,1909f56bfc062723c751e8b465ee728b) (PreviewImporter) -> (artifact id: '00000000000000000000000000000000') in 0.0279125 seconds
Import Error Code:(4)
Message: Build asset version error: assets/00_project/generatedcharacters/mocking/character/npc_3_rigged.fbm/color_111859aa-2ec1-4eb6-9b3f-6a4153623a42.jpg in SourceAssetDB has modification time of '2026-05-26T15:24:44.1103553Z' while content on disk has modification time of '2026-05-26T15:27:47.1716014Z'
  ERROR: Build asset version error: assets/00_project/generatedcharacters/mocking/character/npc_3_rigged.fbm/color_111859aa-2ec1-4eb6-9b3f-6a4153623a42.jpg in SourceAssetDB has modification time of '2026-05-26T15:24:44.1103553Z' while content on disk has modification time of '2026-05-26T15:27:47.1716014Z'
Number of updated asset objects reloaded before import = 0Number of asset objects unloaded after import = 0

========================================================================
Received Import Request.
  Time since last request: 0.000029 seconds.
  path: Assets/00_Project/GeneratedCharacters/mocking/character/npc_3_rigged.fbm/NormalGL_111859aa-2ec1-4eb6-9b3f-6a4153623a42.jpg
  artifactKey: Guid(e19a21a20e6adcf478ad20c447539190) Importer(815301076,1909f56bfc062723c751e8b465ee728b)
Start importing Assets/00_Project/GeneratedCharacters/mocking/character/npc_3_rigged.fbm/NormalGL_111859aa-2ec1-4eb6-9b3f-6a4153623a42.jpg using Guid(e19a21a20e6adcf478ad20c447539190) Importer(815301076,1909f56bfc062723c751e8b465ee728b) (PreviewImporter) -> (artifact id: '00000000000000000000000000000000') in 0.0279018 seconds
Import Error Code:(4)
Message: Build asset version error: assets/00_project/generatedcharacters/mocking/character/npc_3_rigged.fbm/normalgl_111859aa-2ec1-4eb6-9b3f-6a4153623a42.jpg in SourceAssetDB has modification time of '2026-05-26T15:24:44.1103553Z' while content on disk has modification time of '2026-05-26T15:27:47.1721077Z'
  ERROR: Build asset version error: assets/00_project/generatedcharacters/mocking/character/npc_3_rigged.fbm/normalgl_111859aa-2ec1-4eb6-9b3f-6a4153623a42.jpg in SourceAssetDB has modification time of '2026-05-26T15:24:44.1103553Z' while content on disk has modification time of '2026-05-26T15:27:47.1721077Z'
Number of updated asset objects reloaded before import = 0Number of asset objects unloaded after import = 0

========================================================================
Received Import Request.
  Time since last request: 0.000019 seconds.
  path: Assets/00_Project/GeneratedCharacters/mocking/character/npc_3_rigged.fbm/temp_ORM_111859aa-2ec1-4eb6-9b3f-6a4153623a42_Roughness.jpg
  artifactKey: Guid(58d39ca4cc3414e42be20fc44c5f04de) Importer(815301076,1909f56bfc062723c751e8b465ee728b)
Start importing Assets/00_Project/GeneratedCharacters/mocking/character/npc_3_rigged.fbm/temp_ORM_111859aa-2ec1-4eb6-9b3f-6a4153623a42_Roughness.jpg using Guid(58d39ca4cc3414e42be20fc44c5f04de) Importer(815301076,1909f56bfc062723c751e8b465ee728b) (PreviewImporter) -> (artifact id: '00000000000000000000000000000000') in 0.0287675 seconds
Import Error Code:(4)
Message: Build asset version error: assets/00_project/generatedcharacters/mocking/character/npc_3_rigged.fbm/temp_orm_111859aa-2ec1-4eb6-9b3f-6a4153623a42_roughness.jpg in SourceAssetDB has modification time of '2026-05-26T15:24:44.1118576Z' while content on disk has modification time of '2026-05-26T15:27:47.173113Z'
  ERROR: Build asset version error: assets/00_project/generatedcharacters/mocking/character/npc_3_rigged.fbm/temp_orm_111859aa-2ec1-4eb6-9b3f-6a4153623a42_roughness.jpg in SourceAssetDB has modification time of '2026-05-26T15:24:44.1118576Z' while content on disk has modification time of '2026-05-26T15:27:47.173113Z'
Number of updated asset objects reloaded before import = 0Number of asset objects unloaded after import = 0

========================================================================
Received Import Request.
  Time since last request: 0.000021 seconds.
  path: Assets/00_Project/GeneratedCharacters/mocking/character/npc_3_rigged.fbm/Color_111859aa-2ec1-4eb6-9b3f-6a4153623a42.jpg
  artifactKey: Guid(10a4a4cdb3bcfac4c9f807f6798deb88) Importer(815301076,1909f56bfc062723c751e8b465ee728b)
Start importing Assets/00_Project/GeneratedCharacters/mocking/character/npc_3_rigged.fbm/Color_111859aa-2ec1-4eb6-9b3f-6a4153623a42.jpg using Guid(10a4a4cdb3bcfac4c9f807f6798deb88) Importer(815301076,1909f56bfc062723c751e8b465ee728b) (PreviewImporter) -> (artifact id: '00000000000000000000000000000000') in 0.0360958 seconds
Import Error Code:(4)
Message: Build asset version error: assets/00_project/generatedcharacters/mocking/character/npc_3_rigged.fbm/color_111859aa-2ec1-4eb6-9b3f-6a4153623a42.jpg in SourceAssetDB has modification time of '2026-05-26T15:24:44.1103553Z' while content on disk has modification time of '2026-05-26T15:27:47.1716014Z'
  ERROR: Build asset version error: assets/00_project/generatedcharacters/mocking/character/npc_3_rigged.fbm/color_111859aa-2ec1-4eb6-9b3f-6a4153623a42.jpg in SourceAssetDB has modification time of '2026-05-26T15:24:44.1103553Z' while content on disk has modification time of '2026-05-26T15:27:47.1716014Z'
Number of updated asset objects reloaded before import = 0Number of asset objects unloaded after import = 0

========================================================================
Received Import Request.
  Time since last request: 0.000021 seconds.
  path: Assets/00_Project/GeneratedCharacters/mocking/character/npc_3_rigged.fbm/NormalGL_111859aa-2ec1-4eb6-9b3f-6a4153623a42.jpg
  artifactKey: Guid(e19a21a20e6adcf478ad20c447539190) Importer(815301076,1909f56bfc062723c751e8b465ee728b)
Start importing Assets/00_Project/GeneratedCharacters/mocking/character/npc_3_rigged.fbm/NormalGL_111859aa-2ec1-4eb6-9b3f-6a4153623a42.jpg using Guid(e19a21a20e6adcf478ad20c447539190) Importer(815301076,1909f56bfc062723c751e8b465ee728b) (PreviewImporter) -> (artifact id: '00000000000000000000000000000000') in 0.0300789 seconds
Import Error Code:(4)
Message: Build asset version error: assets/00_project/generatedcharacters/mocking/character/npc_3_rigged.fbm/normalgl_111859aa-2ec1-4eb6-9b3f-6a4153623a42.jpg in SourceAssetDB has modification time of '2026-05-26T15:24:44.1103553Z' while content on disk has modification time of '2026-05-26T15:27:47.1721077Z'
  ERROR: Build asset version error: assets/00_project/generatedcharacters/mocking/character/npc_3_rigged.fbm/normalgl_111859aa-2ec1-4eb6-9b3f-6a4153623a42.jpg in SourceAssetDB has modification time of '2026-05-26T15:24:44.1103553Z' while content on disk has modification time of '2026-05-26T15:27:47.1721077Z'
Number of updated asset objects reloaded before import = 0Number of asset objects unloaded after import = 0

========================================================================
Received Import Request.
  Time since last request: 0.000030 seconds.
  path: Assets/00_Project/GeneratedCharacters/mocking/character/npc_3_rigged.fbm/Color_111859aa-2ec1-4eb6-9b3f-6a4153623a42.jpg
  artifactKey: Guid(10a4a4cdb3bcfac4c9f807f6798deb88) Importer(815301076,1909f56bfc062723c751e8b465ee728b)
Start importing Assets/00_Project/GeneratedCharacters/mocking/character/npc_3_rigged.fbm/Color_111859aa-2ec1-4eb6-9b3f-6a4153623a42.jpg using Guid(10a4a4cdb3bcfac4c9f807f6798deb88) Importer(815301076,1909f56bfc062723c751e8b465ee728b) (PreviewImporter) -> (artifact id: '00000000000000000000000000000000') in 0.029104 seconds
Import Error Code:(4)
Message: Build asset version error: assets/00_project/generatedcharacters/mocking/character/npc_3_rigged.fbm/color_111859aa-2ec1-4eb6-9b3f-6a4153623a42.jpg in SourceAssetDB has modification time of '2026-05-26T15:24:44.1103553Z' while content on disk has modification time of '2026-05-26T15:27:47.1716014Z'
  ERROR: Build asset version error: assets/00_project/generatedcharacters/mocking/character/npc_3_rigged.fbm/color_111859aa-2ec1-4eb6-9b3f-6a4153623a42.jpg in SourceAssetDB has modification time of '2026-05-26T15:24:44.1103553Z' while content on disk has modification time of '2026-05-26T15:27:47.1716014Z'
Number of updated asset objects reloaded before import = 0Number of asset objects unloaded after import = 0

========================================================================
Received Import Request.
  Time since last request: 0.000021 seconds.
  path: Assets/00_Project/GeneratedCharacters/mocking/character/npc_3_rigged.fbm/NormalGL_111859aa-2ec1-4eb6-9b3f-6a4153623a42.jpg
  artifactKey: Guid(e19a21a20e6adcf478ad20c447539190) Importer(815301076,1909f56bfc062723c751e8b465ee728b)
Start importing Assets/00_Project/GeneratedCharacters/mocking/character/npc_3_rigged.fbm/NormalGL_111859aa-2ec1-4eb6-9b3f-6a4153623a42.jpg using Guid(e19a21a20e6adcf478ad20c447539190) Importer(815301076,1909f56bfc062723c751e8b465ee728b) (PreviewImporter) -> (artifact id: '00000000000000000000000000000000') in 0.0290902 seconds
Import Error Code:(4)
Message: Build asset version error: assets/00_project/generatedcharacters/mocking/character/npc_3_rigged.fbm/normalgl_111859aa-2ec1-4eb6-9b3f-6a4153623a42.jpg in SourceAssetDB has modification time of '2026-05-26T15:24:44.1103553Z' while content on disk has modification time of '2026-05-26T15:27:47.1721077Z'
  ERROR: Build asset version error: assets/00_project/generatedcharacters/mocking/character/npc_3_rigged.fbm/normalgl_111859aa-2ec1-4eb6-9b3f-6a4153623a42.jpg in SourceAssetDB has modification time of '2026-05-26T15:24:44.1103553Z' while content on disk has modification time of '2026-05-26T15:27:47.1721077Z'
Number of updated asset objects reloaded before import = 0Number of asset objects unloaded after import = 0

========================================================================
Received Import Request.
  Time since last request: 0.000020 seconds.
  path: Assets/00_Project/GeneratedCharacters/mocking/character/npc_3_rigged.fbm/temp_ORM_111859aa-2ec1-4eb6-9b3f-6a4153623a42_Metallic.jpg
  artifactKey: Guid(6095e6e900acffe45a3da568f0a57422) Importer(815301076,1909f56bfc062723c751e8b465ee728b)
Start importing Assets/00_Project/GeneratedCharacters/mocking/character/npc_3_rigged.fbm/temp_ORM_111859aa-2ec1-4eb6-9b3f-6a4153623a42_Metallic.jpg using Guid(6095e6e900acffe45a3da568f0a57422) Importer(815301076,1909f56bfc062723c751e8b465ee728b) (PreviewImporter) -> (artifact id: '00000000000000000000000000000000') in 0.0397002 seconds
Import Error Code:(4)
Message: Build asset version error: assets/00_project/generatedcharacters/mocking/character/npc_3_rigged.fbm/temp_orm_111859aa-2ec1-4eb6-9b3f-6a4153623a42_metallic.jpg in SourceAssetDB has modification time of '2026-05-26T15:24:44.1133605Z' while content on disk has modification time of '2026-05-26T15:27:47.1741348Z'
  ERROR: Build asset version error: assets/00_project/generatedcharacters/mocking/character/npc_3_rigged.fbm/temp_orm_111859aa-2ec1-4eb6-9b3f-6a4153623a42_metallic.jpg in SourceAssetDB has modification time of '2026-05-26T15:24:44.1133605Z' while content on disk has modification time of '2026-05-26T15:27:47.1741348Z'
Number of updated asset objects reloaded before import = 0Number of asset objects unloaded after import = 0

========================================================================
Received Import Request.
  Time since last request: 0.000022 seconds.
  path: Assets/00_Project/GeneratedCharacters/mocking/character/npc_3_rigged.fbm/NormalGL_111859aa-2ec1-4eb6-9b3f-6a4153623a42.jpg
  artifactKey: Guid(e19a21a20e6adcf478ad20c447539190) Importer(815301076,1909f56bfc062723c751e8b465ee728b)
Start importing Assets/00_Project/GeneratedCharacters/mocking/character/npc_3_rigged.fbm/NormalGL_111859aa-2ec1-4eb6-9b3f-6a4153623a42.jpg using Guid(e19a21a20e6adcf478ad20c447539190) Importer(815301076,1909f56bfc062723c751e8b465ee728b) (PreviewImporter) -> (artifact id: '00000000000000000000000000000000') in 0.0410736 seconds
Import Error Code:(4)
Message: Build asset version error: assets/00_project/generatedcharacters/mocking/character/npc_3_rigged.fbm/normalgl_111859aa-2ec1-4eb6-9b3f-6a4153623a42.jpg in SourceAssetDB has modification time of '2026-05-26T15:24:44.1103553Z' while content on disk has modification time of '2026-05-26T15:27:47.1721077Z'
  ERROR: Build asset version error: assets/00_project/generatedcharacters/mocking/character/npc_3_rigged.fbm/normalgl_111859aa-2ec1-4eb6-9b3f-6a4153623a42.jpg in SourceAssetDB has modification time of '2026-05-26T15:24:44.1103553Z' while content on disk has modification time of '2026-05-26T15:27:47.1721077Z'
Number of updated asset objects reloaded before import = 0Number of asset objects unloaded after import = 0

========================================================================
Received Import Request.
  Time since last request: 0.000026 seconds.
  path: Assets/00_Project/GeneratedCharacters/mocking/character/npc_3_rigged.fbm/Color_111859aa-2ec1-4eb6-9b3f-6a4153623a42.jpg
  artifactKey: Guid(10a4a4cdb3bcfac4c9f807f6798deb88) Importer(815301076,1909f56bfc062723c751e8b465ee728b)
Start importing Assets/00_Project/GeneratedCharacters/mocking/character/npc_3_rigged.fbm/Color_111859aa-2ec1-4eb6-9b3f-6a4153623a42.jpg using Guid(10a4a4cdb3bcfac4c9f807f6798deb88) Importer(815301076,1909f56bfc062723c751e8b465ee728b) (PreviewImporter) -> (artifact id: '00000000000000000000000000000000') in 0.0288104 seconds
Import Error Code:(4)
Message: Build asset version error: assets/00_project/generatedcharacters/mocking/character/npc_3_rigged.fbm/color_111859aa-2ec1-4eb6-9b3f-6a4153623a42.jpg in SourceAssetDB has modification time of '2026-05-26T15:24:44.1103553Z' while content on disk has modification time of '2026-05-26T15:27:47.1716014Z'
  ERROR: Build asset version error: assets/00_project/generatedcharacters/mocking/character/npc_3_rigged.fbm/color_111859aa-2ec1-4eb6-9b3f-6a4153623a42.jpg in SourceAssetDB has modification time of '2026-05-26T15:24:44.1103553Z' while content on disk has modification time of '2026-05-26T15:27:47.1716014Z'
Number of updated asset objects reloaded before import = 0Number of asset objects unloaded after import = 0

========================================================================
Received Import Request.
  Time since last request: 0.000022 seconds.
  path: Assets/00_Project/GeneratedCharacters/mocking/character/npc_3_rigged.fbm/temp_ORM_111859aa-2ec1-4eb6-9b3f-6a4153623a42_Roughness.jpg
  artifactKey: Guid(58d39ca4cc3414e42be20fc44c5f04de) Importer(815301076,1909f56bfc062723c751e8b465ee728b)
Start importing Assets/00_Project/GeneratedCharacters/mocking/character/npc_3_rigged.fbm/temp_ORM_111859aa-2ec1-4eb6-9b3f-6a4153623a42_Roughness.jpg using Guid(58d39ca4cc3414e42be20fc44c5f04de) Importer(815301076,1909f56bfc062723c751e8b465ee728b) (PreviewImporter) -> (artifact id: '00000000000000000000000000000000') in 0.0336408 seconds
Import Error Code:(4)
Message: Build asset version error: assets/00_project/generatedcharacters/mocking/character/npc_3_rigged.fbm/temp_orm_111859aa-2ec1-4eb6-9b3f-6a4153623a42_roughness.jpg in SourceAssetDB has modification time of '2026-05-26T15:24:44.1118576Z' while content on disk has modification time of '2026-05-26T15:27:47.173113Z'
  ERROR: Build asset version error: assets/00_project/generatedcharacters/mocking/character/npc_3_rigged.fbm/temp_orm_111859aa-2ec1-4eb6-9b3f-6a4153623a42_roughness.jpg in SourceAssetDB has modification time of '2026-05-26T15:24:44.1118576Z' while content on disk has modification time of '2026-05-26T15:27:47.173113Z'
Number of updated asset objects reloaded before import = 0Number of asset objects unloaded after import = 0

========================================================================
Received Import Request.
  Time since last request: 0.000020 seconds.
  path: Assets/00_Project/GeneratedCharacters/mocking/character/npc_3_rigged.fbm/temp_ORM_111859aa-2ec1-4eb6-9b3f-6a4153623a42_Metallic.jpg
  artifactKey: Guid(6095e6e900acffe45a3da568f0a57422) Importer(815301076,1909f56bfc062723c751e8b465ee728b)
Start importing Assets/00_Project/GeneratedCharacters/mocking/character/npc_3_rigged.fbm/temp_ORM_111859aa-2ec1-4eb6-9b3f-6a4153623a42_Metallic.jpg using Guid(6095e6e900acffe45a3da568f0a57422) Importer(815301076,1909f56bfc062723c751e8b465ee728b) (PreviewImporter) -> (artifact id: '00000000000000000000000000000000') in 0.0298617 seconds
Import Error Code:(4)
Message: Build asset version error: assets/00_project/generatedcharacters/mocking/character/npc_3_rigged.fbm/temp_orm_111859aa-2ec1-4eb6-9b3f-6a4153623a42_metallic.jpg in SourceAssetDB has modification time of '2026-05-26T15:24:44.1133605Z' while content on disk has modification time of '2026-05-26T15:27:47.1741348Z'
  ERROR: Build asset version error: assets/00_project/generatedcharacters/mocking/character/npc_3_rigged.fbm/temp_orm_111859aa-2ec1-4eb6-9b3f-6a4153623a42_metallic.jpg in SourceAssetDB has modification time of '2026-05-26T15:24:44.1133605Z' while content on disk has modification time of '2026-05-26T15:27:47.1741348Z'
Number of updated asset objects reloaded before import = 0Number of asset objects unloaded after import = 0

========================================================================
Received Import Request.
  Time since last request: 0.000018 seconds.
  path: Assets/00_Project/GeneratedCharacters/mocking/character/npc_3_rigged.fbm/Color_111859aa-2ec1-4eb6-9b3f-6a4153623a42.jpg
  artifactKey: Guid(10a4a4cdb3bcfac4c9f807f6798deb88) Importer(815301076,1909f56bfc062723c751e8b465ee728b)
Start importing Assets/00_Project/GeneratedCharacters/mocking/character/npc_3_rigged.fbm/Color_111859aa-2ec1-4eb6-9b3f-6a4153623a42.jpg using Guid(10a4a4cdb3bcfac4c9f807f6798deb88) Importer(815301076,1909f56bfc062723c751e8b465ee728b) (PreviewImporter) -> (artifact id: '00000000000000000000000000000000') in 0.0298321 seconds
Import Error Code:(4)
Message: Build asset version error: assets/00_project/generatedcharacters/mocking/character/npc_3_rigged.fbm/color_111859aa-2ec1-4eb6-9b3f-6a4153623a42.jpg in SourceAssetDB has modification time of '2026-05-26T15:24:44.1103553Z' while content on disk has modification time of '2026-05-26T15:27:47.1716014Z'
  ERROR: Build asset version error: assets/00_project/generatedcharacters/mocking/character/npc_3_rigged.fbm/color_111859aa-2ec1-4eb6-9b3f-6a4153623a42.jpg in SourceAssetDB has modification time of '2026-05-26T15:24:44.1103553Z' while content on disk has modification time of '2026-05-26T15:27:47.1716014Z'
Number of updated asset objects reloaded before import = 0Number of asset objects unloaded after import = 0

========================================================================
Received Import Request.
  Time since last request: 0.000026 seconds.
  path: Assets/00_Project/GeneratedCharacters/mocking/character/npc_3_rigged.fbm/temp_ORM_111859aa-2ec1-4eb6-9b3f-6a4153623a42_Metallic.jpg
  artifactKey: Guid(6095e6e900acffe45a3da568f0a57422) Importer(815301076,1909f56bfc062723c751e8b465ee728b)
Start importing Assets/00_Project/GeneratedCharacters/mocking/character/npc_3_rigged.fbm/temp_ORM_111859aa-2ec1-4eb6-9b3f-6a4153623a42_Metallic.jpg using Guid(6095e6e900acffe45a3da568f0a57422) Importer(815301076,1909f56bfc062723c751e8b465ee728b) (PreviewImporter) -> (artifact id: '00000000000000000000000000000000') in 0.0309448 seconds
Import Error Code:(4)
Message: Build asset version error: assets/00_project/generatedcharacters/mocking/character/npc_3_rigged.fbm/temp_orm_111859aa-2ec1-4eb6-9b3f-6a4153623a42_metallic.jpg in SourceAssetDB has modification time of '2026-05-26T15:24:44.1133605Z' while content on disk has modification time of '2026-05-26T15:27:47.1741348Z'
  ERROR: Build asset version error: assets/00_project/generatedcharacters/mocking/character/npc_3_rigged.fbm/temp_orm_111859aa-2ec1-4eb6-9b3f-6a4153623a42_metallic.jpg in SourceAssetDB has modification time of '2026-05-26T15:24:44.1133605Z' while content on disk has modification time of '2026-05-26T15:27:47.1741348Z'
Number of updated asset objects reloaded before import = 0Number of asset objects unloaded after import = 0

========================================================================
Received Import Request.
  Time since last request: 0.000019 seconds.
  path: Assets/00_Project/GeneratedCharacters/mocking/character/npc_3_rigged.fbm/Color_111859aa-2ec1-4eb6-9b3f-6a4153623a42.jpg
  artifactKey: Guid(10a4a4cdb3bcfac4c9f807f6798deb88) Importer(815301076,1909f56bfc062723c751e8b465ee728b)
Start importing Assets/00_Project/GeneratedCharacters/mocking/character/npc_3_rigged.fbm/Color_111859aa-2ec1-4eb6-9b3f-6a4153623a42.jpg using Guid(10a4a4cdb3bcfac4c9f807f6798deb88) Importer(815301076,1909f56bfc062723c751e8b465ee728b) (PreviewImporter) -> (artifact id: '00000000000000000000000000000000') in 0.028094 seconds
Import Error Code:(4)
Message: Build asset version error: assets/00_project/generatedcharacters/mocking/character/npc_3_rigged.fbm/color_111859aa-2ec1-4eb6-9b3f-6a4153623a42.jpg in SourceAssetDB has modification time of '2026-05-26T15:24:44.1103553Z' while content on disk has modification time of '2026-05-26T15:27:47.1716014Z'
  ERROR: Build asset version error: assets/00_project/generatedcharacters/mocking/character/npc_3_rigged.fbm/color_111859aa-2ec1-4eb6-9b3f-6a4153623a42.jpg in SourceAssetDB has modification time of '2026-05-26T15:24:44.1103553Z' while content on disk has modification time of '2026-05-26T15:27:47.1716014Z'
Number of updated asset objects reloaded before import = 0Number of asset objects unloaded after import = 0

========================================================================
Received Import Request.
  Time since last request: 0.000018 seconds.
  path: Assets/00_Project/GeneratedCharacters/mocking/character/npc_3_rigged.fbm/NormalGL_111859aa-2ec1-4eb6-9b3f-6a4153623a42.jpg
  artifactKey: Guid(e19a21a20e6adcf478ad20c447539190) Importer(815301076,1909f56bfc062723c751e8b465ee728b)
Start importing Assets/00_Project/GeneratedCharacters/mocking/character/npc_3_rigged.fbm/NormalGL_111859aa-2ec1-4eb6-9b3f-6a4153623a42.jpg using Guid(e19a21a20e6adcf478ad20c447539190) Importer(815301076,1909f56bfc062723c751e8b465ee728b) (PreviewImporter) -> (artifact id: '00000000000000000000000000000000') in 0.0299833 seconds
Import Error Code:(4)
Message: Build asset version error: assets/00_project/generatedcharacters/mocking/character/npc_3_rigged.fbm/normalgl_111859aa-2ec1-4eb6-9b3f-6a4153623a42.jpg in SourceAssetDB has modification time of '2026-05-26T15:24:44.1103553Z' while content on disk has modification time of '2026-05-26T15:27:47.1721077Z'
  ERROR: Build asset version error: assets/00_project/generatedcharacters/mocking/character/npc_3_rigged.fbm/normalgl_111859aa-2ec1-4eb6-9b3f-6a4153623a42.jpg in SourceAssetDB has modification time of '2026-05-26T15:24:44.1103553Z' while content on disk has modification time of '2026-05-26T15:27:47.1721077Z'
Number of updated asset objects reloaded before import = 0Number of asset objects unloaded after import = 0

========================================================================
Received Import Request.
  Time since last request: 0.000020 seconds.
  path: Assets/00_Project/GeneratedCharacters/mocking/character/npc_3_rigged.fbm/temp_ORM_111859aa-2ec1-4eb6-9b3f-6a4153623a42_Roughness.jpg
  artifactKey: Guid(58d39ca4cc3414e42be20fc44c5f04de) Importer(815301076,1909f56bfc062723c751e8b465ee728b)
Start importing Assets/00_Project/GeneratedCharacters/mocking/character/npc_3_rigged.fbm/temp_ORM_111859aa-2ec1-4eb6-9b3f-6a4153623a42_Roughness.jpg using Guid(58d39ca4cc3414e42be20fc44c5f04de) Importer(815301076,1909f56bfc062723c751e8b465ee728b) (PreviewImporter) -> (artifact id: '00000000000000000000000000000000') in 0.0304582 seconds
Import Error Code:(4)
Message: Build asset version error: assets/00_project/generatedcharacters/mocking/character/npc_3_rigged.fbm/temp_orm_111859aa-2ec1-4eb6-9b3f-6a4153623a42_roughness.jpg in SourceAssetDB has modification time of '2026-05-26T15:24:44.1118576Z' while content on disk has modification time of '2026-05-26T15:27:47.173113Z'
  ERROR: Build asset version error: assets/00_project/generatedcharacters/mocking/character/npc_3_rigged.fbm/temp_orm_111859aa-2ec1-4eb6-9b3f-6a4153623a42_roughness.jpg in SourceAssetDB has modification time of '2026-05-26T15:24:44.1118576Z' while content on disk has modification time of '2026-05-26T15:27:47.173113Z'
Number of updated asset objects reloaded before import = 0Number of asset objects unloaded after import = 0

========================================================================
Received Import Request.
  Time since last request: 0.000026 seconds.
  path: Assets/00_Project/GeneratedCharacters/mocking/character/npc_3_rigged.fbm/Color_111859aa-2ec1-4eb6-9b3f-6a4153623a42.jpg
  artifactKey: Guid(10a4a4cdb3bcfac4c9f807f6798deb88) Importer(815301076,1909f56bfc062723c751e8b465ee728b)
Start importing Assets/00_Project/GeneratedCharacters/mocking/character/npc_3_rigged.fbm/Color_111859aa-2ec1-4eb6-9b3f-6a4153623a42.jpg using Guid(10a4a4cdb3bcfac4c9f807f6798deb88) Importer(815301076,1909f56bfc062723c751e8b465ee728b) (PreviewImporter) -> (artifact id: '00000000000000000000000000000000') in 0.0277811 seconds
Import Error Code:(4)
Message: Build asset version error: assets/00_project/generatedcharacters/mocking/character/npc_3_rigged.fbm/color_111859aa-2ec1-4eb6-9b3f-6a4153623a42.jpg in SourceAssetDB has modification time of '2026-05-26T15:24:44.1103553Z' while content on disk has modification time of '2026-05-26T15:27:47.1716014Z'
  ERROR: Build asset version error: assets/00_project/generatedcharacters/mocking/character/npc_3_rigged.fbm/color_111859aa-2ec1-4eb6-9b3f-6a4153623a42.jpg in SourceAssetDB has modification time of '2026-05-26T15:24:44.1103553Z' while content on disk has modification time of '2026-05-26T15:27:47.1716014Z'
Number of updated asset objects reloaded before import = 0Number of asset objects unloaded after import = 0

========================================================================
Received Import Request.
  Time since last request: 0.000018 seconds.
  path: Assets/00_Project/GeneratedCharacters/mocking/character/npc_3_rigged.fbm/temp_ORM_111859aa-2ec1-4eb6-9b3f-6a4153623a42_Roughness.jpg
  artifactKey: Guid(58d39ca4cc3414e42be20fc44c5f04de) Importer(815301076,1909f56bfc062723c751e8b465ee728b)
Start importing Assets/00_Project/GeneratedCharacters/mocking/character/npc_3_rigged.fbm/temp_ORM_111859aa-2ec1-4eb6-9b3f-6a4153623a42_Roughness.jpg using Guid(58d39ca4cc3414e42be20fc44c5f04de) Importer(815301076,1909f56bfc062723c751e8b465ee728b) (PreviewImporter) -> (artifact id: '00000000000000000000000000000000') in 0.0296799 seconds
Import Error Code:(4)
Message: Build asset version error: assets/00_project/generatedcharacters/mocking/character/npc_3_rigged.fbm/temp_orm_111859aa-2ec1-4eb6-9b3f-6a4153623a42_roughness.jpg in SourceAssetDB has modification time of '2026-05-26T15:24:44.1118576Z' while content on disk has modification time of '2026-05-26T15:27:47.173113Z'
  ERROR: Build asset version error: assets/00_project/generatedcharacters/mocking/character/npc_3_rigged.fbm/temp_orm_111859aa-2ec1-4eb6-9b3f-6a4153623a42_roughness.jpg in SourceAssetDB has modification time of '2026-05-26T15:24:44.1118576Z' while content on disk has modification time of '2026-05-26T15:27:47.173113Z'
Number of updated asset objects reloaded before import = 0Number of asset objects unloaded after import = 0

========================================================================
Received Import Request.
  Time since last request: 0.000025 seconds.
  path: Assets/00_Project/GeneratedCharacters/mocking/character/npc_3_rigged.fbm/temp_ORM_111859aa-2ec1-4eb6-9b3f-6a4153623a42_Metallic.jpg
  artifactKey: Guid(6095e6e900acffe45a3da568f0a57422) Importer(815301076,1909f56bfc062723c751e8b465ee728b)
Start importing Assets/00_Project/GeneratedCharacters/mocking/character/npc_3_rigged.fbm/temp_ORM_111859aa-2ec1-4eb6-9b3f-6a4153623a42_Metallic.jpg using Guid(6095e6e900acffe45a3da568f0a57422) Importer(815301076,1909f56bfc062723c751e8b465ee728b) (PreviewImporter) -> (artifact id: '00000000000000000000000000000000') in 0.0324892 seconds
Import Error Code:(4)
Message: Build asset version error: assets/00_project/generatedcharacters/mocking/character/npc_3_rigged.fbm/temp_orm_111859aa-2ec1-4eb6-9b3f-6a4153623a42_metallic.jpg in SourceAssetDB has modification time of '2026-05-26T15:24:44.1133605Z' while content on disk has modification time of '2026-05-26T15:27:47.1741348Z'
  ERROR: Build asset version error: assets/00_project/generatedcharacters/mocking/character/npc_3_rigged.fbm/temp_orm_111859aa-2ec1-4eb6-9b3f-6a4153623a42_metallic.jpg in SourceAssetDB has modification time of '2026-05-26T15:24:44.1133605Z' while content on disk has modification time of '2026-05-26T15:27:47.1741348Z'
Number of updated asset objects reloaded before import = 0Number of asset objects unloaded after import = 0

========================================================================
Received Import Request.
  Time since last request: 0.000019 seconds.
  path: Assets/00_Project/GeneratedCharacters/mocking/character/npc_3_rigged.fbm/Color_111859aa-2ec1-4eb6-9b3f-6a4153623a42.jpg
  artifactKey: Guid(10a4a4cdb3bcfac4c9f807f6798deb88) Importer(815301076,1909f56bfc062723c751e8b465ee728b)
Start importing Assets/00_Project/GeneratedCharacters/mocking/character/npc_3_rigged.fbm/Color_111859aa-2ec1-4eb6-9b3f-6a4153623a42.jpg using Guid(10a4a4cdb3bcfac4c9f807f6798deb88) Importer(815301076,1909f56bfc062723c751e8b465ee728b) (PreviewImporter) -> (artifact id: '00000000000000000000000000000000') in 0.0300328 seconds
Import Error Code:(4)
Message: Build asset version error: assets/00_project/generatedcharacters/mocking/character/npc_3_rigged.fbm/color_111859aa-2ec1-4eb6-9b3f-6a4153623a42.jpg in SourceAssetDB has modification time of '2026-05-26T15:24:44.1103553Z' while content on disk has modification time of '2026-05-26T15:27:47.1716014Z'
  ERROR: Build asset version error: assets/00_project/generatedcharacters/mocking/character/npc_3_rigged.fbm/color_111859aa-2ec1-4eb6-9b3f-6a4153623a42.jpg in SourceAssetDB has modification time of '2026-05-26T15:24:44.1103553Z' while content on disk has modification time of '2026-05-26T15:27:47.1716014Z'
Number of updated asset objects reloaded before import = 0Number of asset objects unloaded after import = 0

========================================================================
Received Import Request.
  Time since last request: 0.000028 seconds.
  path: Assets/00_Project/GeneratedCharacters/mocking/character/npc_3_rigged.fbm/temp_ORM_111859aa-2ec1-4eb6-9b3f-6a4153623a42_Metallic.jpg
  artifactKey: Guid(6095e6e900acffe45a3da568f0a57422) Importer(815301076,1909f56bfc062723c751e8b465ee728b)
Start importing Assets/00_Project/GeneratedCharacters/mocking/character/npc_3_rigged.fbm/temp_ORM_111859aa-2ec1-4eb6-9b3f-6a4153623a42_Metallic.jpg using Guid(6095e6e900acffe45a3da568f0a57422) Importer(815301076,1909f56bfc062723c751e8b465ee728b) (PreviewImporter) -> (artifact id: '00000000000000000000000000000000') in 0.031066 seconds
Import Error Code:(4)
Message: Build asset version error: assets/00_project/generatedcharacters/mocking/character/npc_3_rigged.fbm/temp_orm_111859aa-2ec1-4eb6-9b3f-6a4153623a42_metallic.jpg in SourceAssetDB has modification time of '2026-05-26T15:24:44.1133605Z' while content on disk has modification time of '2026-05-26T15:27:47.1741348Z'
  ERROR: Build asset version error: assets/00_project/generatedcharacters/mocking/character/npc_3_rigged.fbm/temp_orm_111859aa-2ec1-4eb6-9b3f-6a4153623a42_metallic.jpg in SourceAssetDB has modification time of '2026-05-26T15:24:44.1133605Z' while content on disk has modification time of '2026-05-26T15:27:47.1741348Z'
Number of updated asset objects reloaded before import = 0Number of asset objects unloaded after import = 0

========================================================================
Received Import Request.
  Time since last request: 0.000019 seconds.
  path: Assets/00_Project/GeneratedCharacters/mocking/character/npc_3_rigged.fbm/temp_ORM_111859aa-2ec1-4eb6-9b3f-6a4153623a42_Roughness.jpg
  artifactKey: Guid(58d39ca4cc3414e42be20fc44c5f04de) Importer(815301076,1909f56bfc062723c751e8b465ee728b)
Start importing Assets/00_Project/GeneratedCharacters/mocking/character/npc_3_rigged.fbm/temp_ORM_111859aa-2ec1-4eb6-9b3f-6a4153623a42_Roughness.jpg using Guid(58d39ca4cc3414e42be20fc44c5f04de) Importer(815301076,1909f56bfc062723c751e8b465ee728b) (PreviewImporter) -> (artifact id: '00000000000000000000000000000000') in 0.0288784 seconds
Import Error Code:(4)
Message: Build asset version error: assets/00_project/generatedcharacters/mocking/character/npc_3_rigged.fbm/temp_orm_111859aa-2ec1-4eb6-9b3f-6a4153623a42_roughness.jpg in SourceAssetDB has modification time of '2026-05-26T15:24:44.1118576Z' while content on disk has modification time of '2026-05-26T15:27:47.173113Z'
  ERROR: Build asset version error: assets/00_project/generatedcharacters/mocking/character/npc_3_rigged.fbm/temp_orm_111859aa-2ec1-4eb6-9b3f-6a4153623a42_roughness.jpg in SourceAssetDB has modification time of '2026-05-26T15:24:44.1118576Z' while content on disk has modification time of '2026-05-26T15:27:47.173113Z'
Number of updated asset objects reloaded before import = 0Number of asset objects unloaded after import = 0

========================================================================
Received Import Request.
  Time since last request: 0.000018 seconds.
  path: Assets/00_Project/GeneratedCharacters/mocking/character/npc_3_rigged.fbm/NormalGL_111859aa-2ec1-4eb6-9b3f-6a4153623a42.jpg
  artifactKey: Guid(e19a21a20e6adcf478ad20c447539190) Importer(815301076,1909f56bfc062723c751e8b465ee728b)
Start importing Assets/00_Project/GeneratedCharacters/mocking/character/npc_3_rigged.fbm/NormalGL_111859aa-2ec1-4eb6-9b3f-6a4153623a42.jpg using Guid(e19a21a20e6adcf478ad20c447539190) Importer(815301076,1909f56bfc062723c751e8b465ee728b) (PreviewImporter) -> (artifact id: '00000000000000000000000000000000') in 0.0291753 seconds
Import Error Code:(4)
Message: Build asset version error: assets/00_project/generatedcharacters/mocking/character/npc_3_rigged.fbm/normalgl_111859aa-2ec1-4eb6-9b3f-6a4153623a42.jpg in SourceAssetDB has modification time of '2026-05-26T15:24:44.1103553Z' while content on disk has modification time of '2026-05-26T15:27:47.1721077Z'
  ERROR: Build asset version error: assets/00_project/generatedcharacters/mocking/character/npc_3_rigged.fbm/normalgl_111859aa-2ec1-4eb6-9b3f-6a4153623a42.jpg in SourceAssetDB has modification time of '2026-05-26T15:24:44.1103553Z' while content on disk has modification time of '2026-05-26T15:27:47.1721077Z'
Number of updated asset objects reloaded before import = 0Number of asset objects unloaded after import = 0

========================================================================
Received Import Request.
  Time since last request: 0.000022 seconds.
  path: Assets/00_Project/GeneratedCharacters/mocking/character/npc_3_rigged.fbm/Color_111859aa-2ec1-4eb6-9b3f-6a4153623a42.jpg
  artifactKey: Guid(10a4a4cdb3bcfac4c9f807f6798deb88) Importer(815301076,1909f56bfc062723c751e8b465ee728b)
Start importing Assets/00_Project/GeneratedCharacters/mocking/character/npc_3_rigged.fbm/Color_111859aa-2ec1-4eb6-9b3f-6a4153623a42.jpg using Guid(10a4a4cdb3bcfac4c9f807f6798deb88) Importer(815301076,1909f56bfc062723c751e8b465ee728b) (PreviewImporter) -> (artifact id: '00000000000000000000000000000000') in 0.0303899 seconds
Import Error Code:(4)
Message: Build asset version error: assets/00_project/generatedcharacters/mocking/character/npc_3_rigged.fbm/color_111859aa-2ec1-4eb6-9b3f-6a4153623a42.jpg in SourceAssetDB has modification time of '2026-05-26T15:24:44.1103553Z' while content on disk has modification time of '2026-05-26T15:27:47.1716014Z'
  ERROR: Build asset version error: assets/00_project/generatedcharacters/mocking/character/npc_3_rigged.fbm/color_111859aa-2ec1-4eb6-9b3f-6a4153623a42.jpg in SourceAssetDB has modification time of '2026-05-26T15:24:44.1103553Z' while content on disk has modification time of '2026-05-26T15:27:47.1716014Z'
Number of updated asset objects reloaded before import = 0Number of asset objects unloaded after import = 0

========================================================================
Received Import Request.
  Time since last request: 0.000029 seconds.
  path: Assets/00_Project/GeneratedCharacters/mocking/character/npc_3_rigged.fbm/temp_ORM_111859aa-2ec1-4eb6-9b3f-6a4153623a42_Metallic.jpg
  artifactKey: Guid(6095e6e900acffe45a3da568f0a57422) Importer(815301076,1909f56bfc062723c751e8b465ee728b)
Start importing Assets/00_Project/GeneratedCharacters/mocking/character/npc_3_rigged.fbm/temp_ORM_111859aa-2ec1-4eb6-9b3f-6a4153623a42_Metallic.jpg using Guid(6095e6e900acffe45a3da568f0a57422) Importer(815301076,1909f56bfc062723c751e8b465ee728b) (PreviewImporter) -> (artifact id: '00000000000000000000000000000000') in 0.0300393 seconds
Import Error Code:(4)
Message: Build asset version error: assets/00_project/generatedcharacters/mocking/character/npc_3_rigged.fbm/temp_orm_111859aa-2ec1-4eb6-9b3f-6a4153623a42_metallic.jpg in SourceAssetDB has modification time of '2026-05-26T15:24:44.1133605Z' while content on disk has modification time of '2026-05-26T15:27:47.1741348Z'
  ERROR: Build asset version error: assets/00_project/generatedcharacters/mocking/character/npc_3_rigged.fbm/temp_orm_111859aa-2ec1-4eb6-9b3f-6a4153623a42_metallic.jpg in SourceAssetDB has modification time of '2026-05-26T15:24:44.1133605Z' while content on disk has modification time of '2026-05-26T15:27:47.1741348Z'
Number of updated asset objects reloaded before import = 0Number of asset objects unloaded after import = 0

========================================================================
Received Import Request.
  Time since last request: 0.000018 seconds.
  path: Assets/00_Project/GeneratedCharacters/mocking/character/npc_3_rigged.fbm/Color_111859aa-2ec1-4eb6-9b3f-6a4153623a42.jpg
  artifactKey: Guid(10a4a4cdb3bcfac4c9f807f6798deb88) Importer(815301076,1909f56bfc062723c751e8b465ee728b)
Start importing Assets/00_Project/GeneratedCharacters/mocking/character/npc_3_rigged.fbm/Color_111859aa-2ec1-4eb6-9b3f-6a4153623a42.jpg using Guid(10a4a4cdb3bcfac4c9f807f6798deb88) Importer(815301076,1909f56bfc062723c751e8b465ee728b) (PreviewImporter) -> (artifact id: '00000000000000000000000000000000') in 0.0294192 seconds
Import Error Code:(4)
Message: Build asset version error: assets/00_project/generatedcharacters/mocking/character/npc_3_rigged.fbm/color_111859aa-2ec1-4eb6-9b3f-6a4153623a42.jpg in SourceAssetDB has modification time of '2026-05-26T15:24:44.1103553Z' while content on disk has modification time of '2026-05-26T15:27:47.1716014Z'
  ERROR: Build asset version error: assets/00_project/generatedcharacters/mocking/character/npc_3_rigged.fbm/color_111859aa-2ec1-4eb6-9b3f-6a4153623a42.jpg in SourceAssetDB has modification time of '2026-05-26T15:24:44.1103553Z' while content on disk has modification time of '2026-05-26T15:27:47.1716014Z'
Number of updated asset objects reloaded before import = 0Number of asset objects unloaded after import = 0

========================================================================
Received Import Request.
  Time since last request: 0.000018 seconds.
  path: Assets/00_Project/GeneratedCharacters/mocking/character/npc_3_rigged.fbm/NormalGL_111859aa-2ec1-4eb6-9b3f-6a4153623a42.jpg
  artifactKey: Guid(e19a21a20e6adcf478ad20c447539190) Importer(815301076,1909f56bfc062723c751e8b465ee728b)
Start importing Assets/00_Project/GeneratedCharacters/mocking/character/npc_3_rigged.fbm/NormalGL_111859aa-2ec1-4eb6-9b3f-6a4153623a42.jpg using Guid(e19a21a20e6adcf478ad20c447539190) Importer(815301076,1909f56bfc062723c751e8b465ee728b) (PreviewImporter) -> (artifact id: '00000000000000000000000000000000') in 0.0305243 seconds
Import Error Code:(4)
Message: Build asset version error: assets/00_project/generatedcharacters/mocking/character/npc_3_rigged.fbm/normalgl_111859aa-2ec1-4eb6-9b3f-6a4153623a42.jpg in SourceAssetDB has modification time of '2026-05-26T15:24:44.1103553Z' while content on disk has modification time of '2026-05-26T15:27:47.1721077Z'
  ERROR: Build asset version error: assets/00_project/generatedcharacters/mocking/character/npc_3_rigged.fbm/normalgl_111859aa-2ec1-4eb6-9b3f-6a4153623a42.jpg in SourceAssetDB has modification time of '2026-05-26T15:24:44.1103553Z' while content on disk has modification time of '2026-05-26T15:27:47.1721077Z'
Number of updated asset objects reloaded before import = 0Number of asset objects unloaded after import = 0

========================================================================
Received Import Request.
  Time since last request: 0.000020 seconds.
  path: Assets/00_Project/GeneratedCharacters/mocking/character/npc_3_rigged.fbm/temp_ORM_111859aa-2ec1-4eb6-9b3f-6a4153623a42_Roughness.jpg
  artifactKey: Guid(58d39ca4cc3414e42be20fc44c5f04de) Importer(815301076,1909f56bfc062723c751e8b465ee728b)
Start importing Assets/00_Project/GeneratedCharacters/mocking/character/npc_3_rigged.fbm/temp_ORM_111859aa-2ec1-4eb6-9b3f-6a4153623a42_Roughness.jpg using Guid(58d39ca4cc3414e42be20fc44c5f04de) Importer(815301076,1909f56bfc062723c751e8b465ee728b) (PreviewImporter) -> (artifact id: '00000000000000000000000000000000') in 0.02964 seconds
Import Error Code:(4)
Message: Build asset version error: assets/00_project/generatedcharacters/mocking/character/npc_3_rigged.fbm/temp_orm_111859aa-2ec1-4eb6-9b3f-6a4153623a42_roughness.jpg in SourceAssetDB has modification time of '2026-05-26T15:24:44.1118576Z' while content on disk has modification time of '2026-05-26T15:27:47.173113Z'
  ERROR: Build asset version error: assets/00_project/generatedcharacters/mocking/character/npc_3_rigged.fbm/temp_orm_111859aa-2ec1-4eb6-9b3f-6a4153623a42_roughness.jpg in SourceAssetDB has modification time of '2026-05-26T15:24:44.1118576Z' while content on disk has modification time of '2026-05-26T15:27:47.173113Z'
Number of updated asset objects reloaded before import = 0Number of asset objects unloaded after import = 0

========================================================================
Received Import Request.
  Time since last request: 0.000027 seconds.
  path: Assets/00_Project/GeneratedCharacters/mocking/character/npc_3_rigged.fbm/Color_111859aa-2ec1-4eb6-9b3f-6a4153623a42.jpg
  artifactKey: Guid(10a4a4cdb3bcfac4c9f807f6798deb88) Importer(815301076,1909f56bfc062723c751e8b465ee728b)
Start importing Assets/00_Project/GeneratedCharacters/mocking/character/npc_3_rigged.fbm/Color_111859aa-2ec1-4eb6-9b3f-6a4153623a42.jpg using Guid(10a4a4cdb3bcfac4c9f807f6798deb88) Importer(815301076,1909f56bfc062723c751e8b465ee728b) (PreviewImporter) -> (artifact id: '00000000000000000000000000000000') in 0.0294418 seconds
Import Error Code:(4)
Message: Build asset version error: assets/00_project/generatedcharacters/mocking/character/npc_3_rigged.fbm/color_111859aa-2ec1-4eb6-9b3f-6a4153623a42.jpg in SourceAssetDB has modification time of '2026-05-26T15:24:44.1103553Z' while content on disk has modification time of '2026-05-26T15:27:47.1716014Z'
  ERROR: Build asset version error: assets/00_project/generatedcharacters/mocking/character/npc_3_rigged.fbm/color_111859aa-2ec1-4eb6-9b3f-6a4153623a42.jpg in SourceAssetDB has modification time of '2026-05-26T15:24:44.1103553Z' while content on disk has modification time of '2026-05-26T15:27:47.1716014Z'
Number of updated asset objects reloaded before import = 0Number of asset objects unloaded after import = 0

========================================================================
Received Import Request.
  Time since last request: 0.000019 seconds.
  path: Assets/00_Project/GeneratedCharacters/mocking/character/npc_3_rigged.fbm/temp_ORM_111859aa-2ec1-4eb6-9b3f-6a4153623a42_Roughness.jpg
  artifactKey: Guid(58d39ca4cc3414e42be20fc44c5f04de) Importer(815301076,1909f56bfc062723c751e8b465ee728b)
Start importing Assets/00_Project/GeneratedCharacters/mocking/character/npc_3_rigged.fbm/temp_ORM_111859aa-2ec1-4eb6-9b3f-6a4153623a42_Roughness.jpg using Guid(58d39ca4cc3414e42be20fc44c5f04de) Importer(815301076,1909f56bfc062723c751e8b465ee728b) (PreviewImporter) -> (artifact id: '00000000000000000000000000000000') in 0.0317682 seconds
Import Error Code:(4)
Message: Build asset version error: assets/00_project/generatedcharacters/mocking/character/npc_3_rigged.fbm/temp_orm_111859aa-2ec1-4eb6-9b3f-6a4153623a42_roughness.jpg in SourceAssetDB has modification time of '2026-05-26T15:24:44.1118576Z' while content on disk has modification time of '2026-05-26T15:27:47.173113Z'
  ERROR: Build asset version error: assets/00_project/generatedcharacters/mocking/character/npc_3_rigged.fbm/temp_orm_111859aa-2ec1-4eb6-9b3f-6a4153623a42_roughness.jpg in SourceAssetDB has modification time of '2026-05-26T15:24:44.1118576Z' while content on disk has modification time of '2026-05-26T15:27:47.173113Z'
Number of updated asset objects reloaded before import = 0Number of asset objects unloaded after import = 0

========================================================================
Received Import Request.
  Time since last request: 0.000016 seconds.
  path: Assets/00_Project/GeneratedCharacters/mocking/character/npc_3_rigged.fbm/Color_111859aa-2ec1-4eb6-9b3f-6a4153623a42.jpg
  artifactKey: Guid(10a4a4cdb3bcfac4c9f807f6798deb88) Importer(815301076,1909f56bfc062723c751e8b465ee728b)
Start importing Assets/00_Project/GeneratedCharacters/mocking/character/npc_3_rigged.fbm/Color_111859aa-2ec1-4eb6-9b3f-6a4153623a42.jpg using Guid(10a4a4cdb3bcfac4c9f807f6798deb88) Importer(815301076,1909f56bfc062723c751e8b465ee728b) (PreviewImporter) -> (artifact id: '00000000000000000000000000000000') in 0.038845 seconds
Import Error Code:(4)
Message: Build asset version error: assets/00_project/generatedcharacters/mocking/character/npc_3_rigged.fbm/color_111859aa-2ec1-4eb6-9b3f-6a4153623a42.jpg in SourceAssetDB has modification time of '2026-05-26T15:24:44.1103553Z' while content on disk has modification time of '2026-05-26T15:27:47.1716014Z'
  ERROR: Build asset version error: assets/00_project/generatedcharacters/mocking/character/npc_3_rigged.fbm/color_111859aa-2ec1-4eb6-9b3f-6a4153623a42.jpg in SourceAssetDB has modification time of '2026-05-26T15:24:44.1103553Z' while content on disk has modification time of '2026-05-26T15:27:47.1716014Z'
Number of updated asset objects reloaded before import = 0Number of asset objects unloaded after import = 0

========================================================================
Received Import Request.
  Time since last request: 0.000021 seconds.
  path: Assets/00_Project/GeneratedCharacters/mocking/character/npc_3_rigged.fbm/temp_ORM_111859aa-2ec1-4eb6-9b3f-6a4153623a42_Metallic.jpg
  artifactKey: Guid(6095e6e900acffe45a3da568f0a57422) Importer(815301076,1909f56bfc062723c751e8b465ee728b)
Start importing Assets/00_Project/GeneratedCharacters/mocking/character/npc_3_rigged.fbm/temp_ORM_111859aa-2ec1-4eb6-9b3f-6a4153623a42_Metallic.jpg using Guid(6095e6e900acffe45a3da568f0a57422) Importer(815301076,1909f56bfc062723c751e8b465ee728b) (PreviewImporter) -> (artifact id: '00000000000000000000000000000000') in 0.0305733 seconds
Import Error Code:(4)
Message: Build asset version error: assets/00_project/generatedcharacters/mocking/character/npc_3_rigged.fbm/temp_orm_111859aa-2ec1-4eb6-9b3f-6a4153623a42_metallic.jpg in SourceAssetDB has modification time of '2026-05-26T15:24:44.1133605Z' while content on disk has modification time of '2026-05-26T15:27:47.1741348Z'
  ERROR: Build asset version error: assets/00_project/generatedcharacters/mocking/character/npc_3_rigged.fbm/temp_orm_111859aa-2ec1-4eb6-9b3f-6a4153623a42_metallic.jpg in SourceAssetDB has modification time of '2026-05-26T15:24:44.1133605Z' while content on disk has modification time of '2026-05-26T15:27:47.1741348Z'
Number of updated asset objects reloaded before import = 0Number of asset objects unloaded after import = 0

========================================================================
Received Import Request.
  Time since last request: 0.000027 seconds.
  path: Assets/00_Project/GeneratedCharacters/mocking/character/npc_3_rigged.fbm/NormalGL_111859aa-2ec1-4eb6-9b3f-6a4153623a42.jpg
  artifactKey: Guid(e19a21a20e6adcf478ad20c447539190) Importer(815301076,1909f56bfc062723c751e8b465ee728b)
Start importing Assets/00_Project/GeneratedCharacters/mocking/character/npc_3_rigged.fbm/NormalGL_111859aa-2ec1-4eb6-9b3f-6a4153623a42.jpg using Guid(e19a21a20e6adcf478ad20c447539190) Importer(815301076,1909f56bfc062723c751e8b465ee728b) (PreviewImporter) -> (artifact id: '00000000000000000000000000000000') in 0.0300566 seconds
Import Error Code:(4)
Message: Build asset version error: assets/00_project/generatedcharacters/mocking/character/npc_3_rigged.fbm/normalgl_111859aa-2ec1-4eb6-9b3f-6a4153623a42.jpg in SourceAssetDB has modification time of '2026-05-26T15:24:44.1103553Z' while content on disk has modification time of '2026-05-26T15:27:47.1721077Z'
  ERROR: Build asset version error: assets/00_project/generatedcharacters/mocking/character/npc_3_rigged.fbm/normalgl_111859aa-2ec1-4eb6-9b3f-6a4153623a42.jpg in SourceAssetDB has modification time of '2026-05-26T15:24:44.1103553Z' while content on disk has modification time of '2026-05-26T15:27:47.1721077Z'
Number of updated asset objects reloaded before import = 0Number of asset objects unloaded after import = 0

========================================================================
Received Import Request.
  Time since last request: 0.000020 seconds.
  path: Assets/00_Project/GeneratedCharacters/mocking/character/npc_3_rigged.fbm/temp_ORM_111859aa-2ec1-4eb6-9b3f-6a4153623a42_Roughness.jpg
  artifactKey: Guid(58d39ca4cc3414e42be20fc44c5f04de) Importer(815301076,1909f56bfc062723c751e8b465ee728b)
Start importing Assets/00_Project/GeneratedCharacters/mocking/character/npc_3_rigged.fbm/temp_ORM_111859aa-2ec1-4eb6-9b3f-6a4153623a42_Roughness.jpg using Guid(58d39ca4cc3414e42be20fc44c5f04de) Importer(815301076,1909f56bfc062723c751e8b465ee728b) (PreviewImporter) -> (artifact id: '00000000000000000000000000000000') in 0.0304692 seconds
Import Error Code:(4)
Message: Build asset version error: assets/00_project/generatedcharacters/mocking/character/npc_3_rigged.fbm/temp_orm_111859aa-2ec1-4eb6-9b3f-6a4153623a42_roughness.jpg in SourceAssetDB has modification time of '2026-05-26T15:24:44.1118576Z' while content on disk has modification time of '2026-05-26T15:27:47.173113Z'
  ERROR: Build asset version error: assets/00_project/generatedcharacters/mocking/character/npc_3_rigged.fbm/temp_orm_111859aa-2ec1-4eb6-9b3f-6a4153623a42_roughness.jpg in SourceAssetDB has modification time of '2026-05-26T15:24:44.1118576Z' while content on disk has modification time of '2026-05-26T15:27:47.173113Z'
Number of updated asset objects reloaded before import = 0Number of asset objects unloaded after import = 0

========================================================================
Received Import Request.
  Time since last request: 0.000018 seconds.
  path: Assets/00_Project/GeneratedCharacters/mocking/character/npc_3_rigged.fbm/Color_111859aa-2ec1-4eb6-9b3f-6a4153623a42.jpg
  artifactKey: Guid(10a4a4cdb3bcfac4c9f807f6798deb88) Importer(815301076,1909f56bfc062723c751e8b465ee728b)
Start importing Assets/00_Project/GeneratedCharacters/mocking/character/npc_3_rigged.fbm/Color_111859aa-2ec1-4eb6-9b3f-6a4153623a42.jpg using Guid(10a4a4cdb3bcfac4c9f807f6798deb88) Importer(815301076,1909f56bfc062723c751e8b465ee728b) (PreviewImporter) -> (artifact id: '00000000000000000000000000000000') in 0.0296122 seconds
Import Error Code:(4)
Message: Build asset version error: assets/00_project/generatedcharacters/mocking/character/npc_3_rigged.fbm/color_111859aa-2ec1-4eb6-9b3f-6a4153623a42.jpg in SourceAssetDB has modification time of '2026-05-26T15:24:44.1103553Z' while content on disk has modification time of '2026-05-26T15:27:47.1716014Z'
  ERROR: Build asset version error: assets/00_project/generatedcharacters/mocking/character/npc_3_rigged.fbm/color_111859aa-2ec1-4eb6-9b3f-6a4153623a42.jpg in SourceAssetDB has modification time of '2026-05-26T15:24:44.1103553Z' while content on disk has modification time of '2026-05-26T15:27:47.1716014Z'
Number of updated asset objects reloaded before import = 0Number of asset objects unloaded after import = 0

========================================================================
Received Import Request.
  Time since last request: 0.000022 seconds.
  path: Assets/00_Project/GeneratedCharacters/mocking/character/npc_3_rigged.fbm/NormalGL_111859aa-2ec1-4eb6-9b3f-6a4153623a42.jpg
  artifactKey: Guid(e19a21a20e6adcf478ad20c447539190) Importer(815301076,1909f56bfc062723c751e8b465ee728b)
Start importing Assets/00_Project/GeneratedCharacters/mocking/character/npc_3_rigged.fbm/NormalGL_111859aa-2ec1-4eb6-9b3f-6a4153623a42.jpg using Guid(e19a21a20e6adcf478ad20c447539190) Importer(815301076,1909f56bfc062723c751e8b465ee728b) (PreviewImporter) -> (artifact id: '00000000000000000000000000000000') in 0.033188 seconds
Import Error Code:(4)
Message: Build asset version error: assets/00_project/generatedcharacters/mocking/character/npc_3_rigged.fbm/normalgl_111859aa-2ec1-4eb6-9b3f-6a4153623a42.jpg in SourceAssetDB has modification time of '2026-05-26T15:24:44.1103553Z' while content on disk has modification time of '2026-05-26T15:27:47.1721077Z'
  ERROR: Build asset version error: assets/00_project/generatedcharacters/mocking/character/npc_3_rigged.fbm/normalgl_111859aa-2ec1-4eb6-9b3f-6a4153623a42.jpg in SourceAssetDB has modification time of '2026-05-26T15:24:44.1103553Z' while content on disk has modification time of '2026-05-26T15:27:47.1721077Z'
Number of updated asset objects reloaded before import = 0Number of asset objects unloaded after import = 0

========================================================================
Received Import Request.
  Time since last request: 0.000031 seconds.
  path: Assets/00_Project/GeneratedCharacters/mocking/character/npc_3_rigged.fbm/temp_ORM_111859aa-2ec1-4eb6-9b3f-6a4153623a42_Roughness.jpg
  artifactKey: Guid(58d39ca4cc3414e42be20fc44c5f04de) Importer(815301076,1909f56bfc062723c751e8b465ee728b)
Start importing Assets/00_Project/GeneratedCharacters/mocking/character/npc_3_rigged.fbm/temp_ORM_111859aa-2ec1-4eb6-9b3f-6a4153623a42_Roughness.jpg using Guid(58d39ca4cc3414e42be20fc44c5f04de) Importer(815301076,1909f56bfc062723c751e8b465ee728b) (PreviewImporter) -> (artifact id: '00000000000000000000000000000000') in 0.0287152 seconds
Import Error Code:(4)
Message: Build asset version error: assets/00_project/generatedcharacters/mocking/character/npc_3_rigged.fbm/temp_orm_111859aa-2ec1-4eb6-9b3f-6a4153623a42_roughness.jpg in SourceAssetDB has modification time of '2026-05-26T15:24:44.1118576Z' while content on disk has modification time of '2026-05-26T15:27:47.173113Z'
  ERROR: Build asset version error: assets/00_project/generatedcharacters/mocking/character/npc_3_rigged.fbm/temp_orm_111859aa-2ec1-4eb6-9b3f-6a4153623a42_roughness.jpg in SourceAssetDB has modification time of '2026-05-26T15:24:44.1118576Z' while content on disk has modification time of '2026-05-26T15:27:47.173113Z'
Number of updated asset objects reloaded before import = 0Number of asset objects unloaded after import = 0

========================================================================
Received Import Request.
  Time since last request: 0.000020 seconds.
  path: Assets/00_Project/GeneratedCharacters/mocking/character/npc_3_rigged.fbm/temp_ORM_111859aa-2ec1-4eb6-9b3f-6a4153623a42_Metallic.jpg
  artifactKey: Guid(6095e6e900acffe45a3da568f0a57422) Importer(815301076,1909f56bfc062723c751e8b465ee728b)
Start importing Assets/00_Project/GeneratedCharacters/mocking/character/npc_3_rigged.fbm/temp_ORM_111859aa-2ec1-4eb6-9b3f-6a4153623a42_Metallic.jpg using Guid(6095e6e900acffe45a3da568f0a57422) Importer(815301076,1909f56bfc062723c751e8b465ee728b) (PreviewImporter) -> (artifact id: '00000000000000000000000000000000') in 0.0305604 seconds
Import Error Code:(4)
Message: Build asset version error: assets/00_project/generatedcharacters/mocking/character/npc_3_rigged.fbm/temp_orm_111859aa-2ec1-4eb6-9b3f-6a4153623a42_metallic.jpg in SourceAssetDB has modification time of '2026-05-26T15:24:44.1133605Z' while content on disk has modification time of '2026-05-26T15:27:47.1741348Z'
  ERROR: Build asset version error: assets/00_project/generatedcharacters/mocking/character/npc_3_rigged.fbm/temp_orm_111859aa-2ec1-4eb6-9b3f-6a4153623a42_metallic.jpg in SourceAssetDB has modification time of '2026-05-26T15:24:44.1133605Z' while content on disk has modification time of '2026-05-26T15:27:47.1741348Z'
Number of updated asset objects reloaded before import = 0Number of asset objects unloaded after import = 0

========================================================================
Received Import Request.
  Time since last request: 0.000017 seconds.
  path: Assets/00_Project/GeneratedCharacters/mocking/character/npc_3_rigged.fbm/Color_111859aa-2ec1-4eb6-9b3f-6a4153623a42.jpg
  artifactKey: Guid(10a4a4cdb3bcfac4c9f807f6798deb88) Importer(815301076,1909f56bfc062723c751e8b465ee728b)
Start importing Assets/00_Project/GeneratedCharacters/mocking/character/npc_3_rigged.fbm/Color_111859aa-2ec1-4eb6-9b3f-6a4153623a42.jpg using Guid(10a4a4cdb3bcfac4c9f807f6798deb88) Importer(815301076,1909f56bfc062723c751e8b465ee728b) (PreviewImporter) -> (artifact id: '00000000000000000000000000000000') in 0.0295974 seconds
Import Error Code:(4)
Message: Build asset version error: assets/00_project/generatedcharacters/mocking/character/npc_3_rigged.fbm/color_111859aa-2ec1-4eb6-9b3f-6a4153623a42.jpg in SourceAssetDB has modification time of '2026-05-26T15:24:44.1103553Z' while content on disk has modification time of '2026-05-26T15:27:47.1716014Z'
  ERROR: Build asset version error: assets/00_project/generatedcharacters/mocking/character/npc_3_rigged.fbm/color_111859aa-2ec1-4eb6-9b3f-6a4153623a42.jpg in SourceAssetDB has modification time of '2026-05-26T15:24:44.1103553Z' while content on disk has modification time of '2026-05-26T15:27:47.1716014Z'
Number of updated asset objects reloaded before import = 0Number of asset objects unloaded after import = 0

========================================================================
Received Import Request.
  Time since last request: 0.000021 seconds.
  path: Assets/00_Project/GeneratedCharacters/mocking/character/npc_3_rigged.fbm/temp_ORM_111859aa-2ec1-4eb6-9b3f-6a4153623a42_Roughness.jpg
  artifactKey: Guid(58d39ca4cc3414e42be20fc44c5f04de) Importer(815301076,1909f56bfc062723c751e8b465ee728b)
Start importing Assets/00_Project/GeneratedCharacters/mocking/character/npc_3_rigged.fbm/temp_ORM_111859aa-2ec1-4eb6-9b3f-6a4153623a42_Roughness.jpg using Guid(58d39ca4cc3414e42be20fc44c5f04de) Importer(815301076,1909f56bfc062723c751e8b465ee728b) (PreviewImporter) -> (artifact id: '00000000000000000000000000000000') in 0.0292032 seconds
Import Error Code:(4)
Message: Build asset version error: assets/00_project/generatedcharacters/mocking/character/npc_3_rigged.fbm/temp_orm_111859aa-2ec1-4eb6-9b3f-6a4153623a42_roughness.jpg in SourceAssetDB has modification time of '2026-05-26T15:24:44.1118576Z' while content on disk has modification time of '2026-05-26T15:27:47.173113Z'
  ERROR: Build asset version error: assets/00_project/generatedcharacters/mocking/character/npc_3_rigged.fbm/temp_orm_111859aa-2ec1-4eb6-9b3f-6a4153623a42_roughness.jpg in SourceAssetDB has modification time of '2026-05-26T15:24:44.1118576Z' while content on disk has modification time of '2026-05-26T15:27:47.173113Z'
Number of updated asset objects reloaded before import = 0Number of asset objects unloaded after import = 0

========================================================================
Received Import Request.
  Time since last request: 0.000027 seconds.
  path: Assets/00_Project/GeneratedCharacters/mocking/character/npc_3_rigged.fbm/temp_ORM_111859aa-2ec1-4eb6-9b3f-6a4153623a42_Metallic.jpg
  artifactKey: Guid(6095e6e900acffe45a3da568f0a57422) Importer(815301076,1909f56bfc062723c751e8b465ee728b)
Start importing Assets/00_Project/GeneratedCharacters/mocking/character/npc_3_rigged.fbm/temp_ORM_111859aa-2ec1-4eb6-9b3f-6a4153623a42_Metallic.jpg using Guid(6095e6e900acffe45a3da568f0a57422) Importer(815301076,1909f56bfc062723c751e8b465ee728b) (PreviewImporter) -> (artifact id: '00000000000000000000000000000000') in 0.0299217 seconds
Import Error Code:(4)
Message: Build asset version error: assets/00_project/generatedcharacters/mocking/character/npc_3_rigged.fbm/temp_orm_111859aa-2ec1-4eb6-9b3f-6a4153623a42_metallic.jpg in SourceAssetDB has modification time of '2026-05-26T15:24:44.1133605Z' while content on disk has modification time of '2026-05-26T15:27:47.1741348Z'
  ERROR: Build asset version error: assets/00_project/generatedcharacters/mocking/character/npc_3_rigged.fbm/temp_orm_111859aa-2ec1-4eb6-9b3f-6a4153623a42_metallic.jpg in SourceAssetDB has modification time of '2026-05-26T15:24:44.1133605Z' while content on disk has modification time of '2026-05-26T15:27:47.1741348Z'
Number of updated asset objects reloaded before import = 0Number of asset objects unloaded after import = 0

========================================================================
Received Import Request.
  Time since last request: 0.000018 seconds.
  path: Assets/00_Project/GeneratedCharacters/mocking/character/npc_3_rigged.fbm/Color_111859aa-2ec1-4eb6-9b3f-6a4153623a42.jpg
  artifactKey: Guid(10a4a4cdb3bcfac4c9f807f6798deb88) Importer(815301076,1909f56bfc062723c751e8b465ee728b)
Start importing Assets/00_Project/GeneratedCharacters/mocking/character/npc_3_rigged.fbm/Color_111859aa-2ec1-4eb6-9b3f-6a4153623a42.jpg using Guid(10a4a4cdb3bcfac4c9f807f6798deb88) Importer(815301076,1909f56bfc062723c751e8b465ee728b) (PreviewImporter) -> (artifact id: '00000000000000000000000000000000') in 0.0297368 seconds
Import Error Code:(4)
Message: Build asset version error: assets/00_project/generatedcharacters/mocking/character/npc_3_rigged.fbm/color_111859aa-2ec1-4eb6-9b3f-6a4153623a42.jpg in SourceAssetDB has modification time of '2026-05-26T15:24:44.1103553Z' while content on disk has modification time of '2026-05-26T15:27:47.1716014Z'
  ERROR: Build asset version error: assets/00_project/generatedcharacters/mocking/character/npc_3_rigged.fbm/color_111859aa-2ec1-4eb6-9b3f-6a4153623a42.jpg in SourceAssetDB has modification time of '2026-05-26T15:24:44.1103553Z' while content on disk has modification time of '2026-05-26T15:27:47.1716014Z'
Number of updated asset objects reloaded before import = 0Number of asset objects unloaded after import = 0

========================================================================
Received Import Request.
  Time since last request: 0.000022 seconds.
  path: Assets/00_Project/GeneratedCharacters/mocking/character/npc_3_rigged.fbm/NormalGL_111859aa-2ec1-4eb6-9b3f-6a4153623a42.jpg
  artifactKey: Guid(e19a21a20e6adcf478ad20c447539190) Importer(815301076,1909f56bfc062723c751e8b465ee728b)
Start importing Assets/00_Project/GeneratedCharacters/mocking/character/npc_3_rigged.fbm/NormalGL_111859aa-2ec1-4eb6-9b3f-6a4153623a42.jpg using Guid(e19a21a20e6adcf478ad20c447539190) Importer(815301076,1909f56bfc062723c751e8b465ee728b) (PreviewImporter) -> (artifact id: '00000000000000000000000000000000') in 0.0297699 seconds
Import Error Code:(4)
Message: Build asset version error: assets/00_project/generatedcharacters/mocking/character/npc_3_rigged.fbm/normalgl_111859aa-2ec1-4eb6-9b3f-6a4153623a42.jpg in SourceAssetDB has modification time of '2026-05-26T15:24:44.1103553Z' while content on disk has modification time of '2026-05-26T15:27:47.1721077Z'
  ERROR: Build asset version error: assets/00_project/generatedcharacters/mocking/character/npc_3_rigged.fbm/normalgl_111859aa-2ec1-4eb6-9b3f-6a4153623a42.jpg in SourceAssetDB has modification time of '2026-05-26T15:24:44.1103553Z' while content on disk has modification time of '2026-05-26T15:27:47.1721077Z'
Number of updated asset objects reloaded before import = 0Number of asset objects unloaded after import = 0

========================================================================
Received Import Request.
  Time since last request: 0.000019 seconds.
  path: Assets/00_Project/GeneratedCharacters/mocking/character/npc_3_rigged.fbm/temp_ORM_111859aa-2ec1-4eb6-9b3f-6a4153623a42_Metallic.jpg
  artifactKey: Guid(6095e6e900acffe45a3da568f0a57422) Importer(815301076,1909f56bfc062723c751e8b465ee728b)
Start importing Assets/00_Project/GeneratedCharacters/mocking/character/npc_3_rigged.fbm/temp_ORM_111859aa-2ec1-4eb6-9b3f-6a4153623a42_Metallic.jpg using Guid(6095e6e900acffe45a3da568f0a57422) Importer(815301076,1909f56bfc062723c751e8b465ee728b) (PreviewImporter) -> (artifact id: '00000000000000000000000000000000') in 0.0302005 seconds
Import Error Code:(4)
Message: Build asset version error: assets/00_project/generatedcharacters/mocking/character/npc_3_rigged.fbm/temp_orm_111859aa-2ec1-4eb6-9b3f-6a4153623a42_metallic.jpg in SourceAssetDB has modification time of '2026-05-26T15:24:44.1133605Z' while content on disk has modification time of '2026-05-26T15:27:47.1741348Z'
  ERROR: Build asset version error: assets/00_project/generatedcharacters/mocking/character/npc_3_rigged.fbm/temp_orm_111859aa-2ec1-4eb6-9b3f-6a4153623a42_metallic.jpg in SourceAssetDB has modification time of '2026-05-26T15:24:44.1133605Z' while content on disk has modification time of '2026-05-26T15:27:47.1741348Z'
Number of updated asset objects reloaded before import = 0Number of asset objects unloaded after import = 0

========================================================================
Received Import Request.
  Time since last request: 0.000027 seconds.
  path: Assets/00_Project/GeneratedCharacters/mocking/character/npc_3_rigged.fbm/temp_ORM_111859aa-2ec1-4eb6-9b3f-6a4153623a42_Roughness.jpg
  artifactKey: Guid(58d39ca4cc3414e42be20fc44c5f04de) Importer(815301076,1909f56bfc062723c751e8b465ee728b)
Start importing Assets/00_Project/GeneratedCharacters/mocking/character/npc_3_rigged.fbm/temp_ORM_111859aa-2ec1-4eb6-9b3f-6a4153623a42_Roughness.jpg using Guid(58d39ca4cc3414e42be20fc44c5f04de) Importer(815301076,1909f56bfc062723c751e8b465ee728b) (PreviewImporter) -> (artifact id: '00000000000000000000000000000000') in 0.0267191 seconds
Import Error Code:(4)
Message: Build asset version error: assets/00_project/generatedcharacters/mocking/character/npc_3_rigged.fbm/temp_orm_111859aa-2ec1-4eb6-9b3f-6a4153623a42_roughness.jpg in SourceAssetDB has modification time of '2026-05-26T15:24:44.1118576Z' while content on disk has modification time of '2026-05-26T15:27:47.173113Z'
  ERROR: Build asset version error: assets/00_project/generatedcharacters/mocking/character/npc_3_rigged.fbm/temp_orm_111859aa-2ec1-4eb6-9b3f-6a4153623a42_roughness.jpg in SourceAssetDB has modification time of '2026-05-26T15:24:44.1118576Z' while content on disk has modification time of '2026-05-26T15:27:47.173113Z'
Number of updated asset objects reloaded before import = 0Number of asset objects unloaded after import = 0

========================================================================
Received Import Request.
  Time since last request: 0.000018 seconds.
  path: Assets/00_Project/GeneratedCharacters/mocking/character/npc_3_rigged.fbm/NormalGL_111859aa-2ec1-4eb6-9b3f-6a4153623a42.jpg
  artifactKey: Guid(e19a21a20e6adcf478ad20c447539190) Importer(815301076,1909f56bfc062723c751e8b465ee728b)
Start importing Assets/00_Project/GeneratedCharacters/mocking/character/npc_3_rigged.fbm/NormalGL_111859aa-2ec1-4eb6-9b3f-6a4153623a42.jpg using Guid(e19a21a20e6adcf478ad20c447539190) Importer(815301076,1909f56bfc062723c751e8b465ee728b) (PreviewImporter) -> (artifact id: '00000000000000000000000000000000') in 0.0308998 seconds
Import Error Code:(4)
Message: Build asset version error: assets/00_project/generatedcharacters/mocking/character/npc_3_rigged.fbm/normalgl_111859aa-2ec1-4eb6-9b3f-6a4153623a42.jpg in SourceAssetDB has modification time of '2026-05-26T15:24:44.1103553Z' while content on disk has modification time of '2026-05-26T15:27:47.1721077Z'
  ERROR: Build asset version error: assets/00_project/generatedcharacters/mocking/character/npc_3_rigged.fbm/normalgl_111859aa-2ec1-4eb6-9b3f-6a4153623a42.jpg in SourceAssetDB has modification time of '2026-05-26T15:24:44.1103553Z' while content on disk has modification time of '2026-05-26T15:27:47.1721077Z'
Number of updated asset objects reloaded before import = 0Number of asset objects unloaded after import = 0

========================================================================
Received Import Request.
  Time since last request: 0.000017 seconds.
  path: Assets/00_Project/GeneratedCharacters/mocking/character/npc_3_rigged.fbm/Color_111859aa-2ec1-4eb6-9b3f-6a4153623a42.jpg
  artifactKey: Guid(10a4a4cdb3bcfac4c9f807f6798deb88) Importer(815301076,1909f56bfc062723c751e8b465ee728b)
Start importing Assets/00_Project/GeneratedCharacters/mocking/character/npc_3_rigged.fbm/Color_111859aa-2ec1-4eb6-9b3f-6a4153623a42.jpg using Guid(10a4a4cdb3bcfac4c9f807f6798deb88) Importer(815301076,1909f56bfc062723c751e8b465ee728b) (PreviewImporter) -> (artifact id: '00000000000000000000000000000000') in 0.0305087 seconds
Import Error Code:(4)
Message: Build asset version error: assets/00_project/generatedcharacters/mocking/character/npc_3_rigged.fbm/color_111859aa-2ec1-4eb6-9b3f-6a4153623a42.jpg in SourceAssetDB has modification time of '2026-05-26T15:24:44.1103553Z' while content on disk has modification time of '2026-05-26T15:27:47.1716014Z'
  ERROR: Build asset version error: assets/00_project/generatedcharacters/mocking/character/npc_3_rigged.fbm/color_111859aa-2ec1-4eb6-9b3f-6a4153623a42.jpg in SourceAssetDB has modification time of '2026-05-26T15:24:44.1103553Z' while content on disk has modification time of '2026-05-26T15:27:47.1716014Z'
Number of updated asset objects reloaded before import = 0Number of asset objects unloaded after import = 0

========================================================================
Received Import Request.
  Time since last request: 0.000022 seconds.
  path: Assets/00_Project/GeneratedCharacters/mocking/character/npc_3_rigged.fbm/temp_ORM_111859aa-2ec1-4eb6-9b3f-6a4153623a42_Metallic.jpg
  artifactKey: Guid(6095e6e900acffe45a3da568f0a57422) Importer(815301076,1909f56bfc062723c751e8b465ee728b)
Start importing Assets/00_Project/GeneratedCharacters/mocking/character/npc_3_rigged.fbm/temp_ORM_111859aa-2ec1-4eb6-9b3f-6a4153623a42_Metallic.jpg using Guid(6095e6e900acffe45a3da568f0a57422) Importer(815301076,1909f56bfc062723c751e8b465ee728b) (PreviewImporter) -> (artifact id: '00000000000000000000000000000000') in 0.0290034 seconds
Import Error Code:(4)
Message: Build asset version error: assets/00_project/generatedcharacters/mocking/character/npc_3_rigged.fbm/temp_orm_111859aa-2ec1-4eb6-9b3f-6a4153623a42_metallic.jpg in SourceAssetDB has modification time of '2026-05-26T15:24:44.1133605Z' while content on disk has modification time of '2026-05-26T15:27:47.1741348Z'
  ERROR: Build asset version error: assets/00_project/generatedcharacters/mocking/character/npc_3_rigged.fbm/temp_orm_111859aa-2ec1-4eb6-9b3f-6a4153623a42_metallic.jpg in SourceAssetDB has modification time of '2026-05-26T15:24:44.1133605Z' while content on disk has modification time of '2026-05-26T15:27:47.1741348Z'
Number of updated asset objects reloaded before import = 0Number of asset objects unloaded after import = 0

========================================================================
Received Import Request.
  Time since last request: 0.000028 seconds.
  path: Assets/00_Project/GeneratedCharacters/mocking/character/npc_3_rigged.fbm/temp_ORM_111859aa-2ec1-4eb6-9b3f-6a4153623a42_Roughness.jpg
  artifactKey: Guid(58d39ca4cc3414e42be20fc44c5f04de) Importer(815301076,1909f56bfc062723c751e8b465ee728b)
Start importing Assets/00_Project/GeneratedCharacters/mocking/character/npc_3_rigged.fbm/temp_ORM_111859aa-2ec1-4eb6-9b3f-6a4153623a42_Roughness.jpg using Guid(58d39ca4cc3414e42be20fc44c5f04de) Importer(815301076,1909f56bfc062723c751e8b465ee728b) (PreviewImporter) -> (artifact id: '00000000000000000000000000000000') in 0.0279657 seconds
Import Error Code:(4)
Message: Build asset version error: assets/00_project/generatedcharacters/mocking/character/npc_3_rigged.fbm/temp_orm_111859aa-2ec1-4eb6-9b3f-6a4153623a42_roughness.jpg in SourceAssetDB has modification time of '2026-05-26T15:24:44.1118576Z' while content on disk has modification time of '2026-05-26T15:27:47.173113Z'
  ERROR: Build asset version error: assets/00_project/generatedcharacters/mocking/character/npc_3_rigged.fbm/temp_orm_111859aa-2ec1-4eb6-9b3f-6a4153623a42_roughness.jpg in SourceAssetDB has modification time of '2026-05-26T15:24:44.1118576Z' while content on disk has modification time of '2026-05-26T15:27:47.173113Z'
Number of updated asset objects reloaded before import = 0Number of asset objects unloaded after import = 0

========================================================================
Received Import Request.
  Time since last request: 0.000019 seconds.
  path: Assets/00_Project/GeneratedCharacters/mocking/character/npc_3_rigged.fbm/Color_111859aa-2ec1-4eb6-9b3f-6a4153623a42.jpg
  artifactKey: Guid(10a4a4cdb3bcfac4c9f807f6798deb88) Importer(815301076,1909f56bfc062723c751e8b465ee728b)
Start importing Assets/00_Project/GeneratedCharacters/mocking/character/npc_3_rigged.fbm/Color_111859aa-2ec1-4eb6-9b3f-6a4153623a42.jpg using Guid(10a4a4cdb3bcfac4c9f807f6798deb88) Importer(815301076,1909f56bfc062723c751e8b465ee728b) (PreviewImporter) -> (artifact id: '00000000000000000000000000000000') in 0.0291234 seconds
Import Error Code:(4)
Message: Build asset version error: assets/00_project/generatedcharacters/mocking/character/npc_3_rigged.fbm/color_111859aa-2ec1-4eb6-9b3f-6a4153623a42.jpg in SourceAssetDB has modification time of '2026-05-26T15:24:44.1103553Z' while content on disk has modification time of '2026-05-26T15:27:47.1716014Z'
  ERROR: Build asset version error: assets/00_project/generatedcharacters/mocking/character/npc_3_rigged.fbm/color_111859aa-2ec1-4eb6-9b3f-6a4153623a42.jpg in SourceAssetDB has modification time of '2026-05-26T15:24:44.1103553Z' while content on disk has modification time of '2026-05-26T15:27:47.1716014Z'
Number of updated asset objects reloaded before import = 0Number of asset objects unloaded after import = 0

========================================================================
Received Import Request.
  Time since last request: 0.000017 seconds.
  path: Assets/00_Project/GeneratedCharacters/mocking/character/npc_3_rigged.fbm/temp_ORM_111859aa-2ec1-4eb6-9b3f-6a4153623a42_Metallic.jpg
  artifactKey: Guid(6095e6e900acffe45a3da568f0a57422) Importer(815301076,1909f56bfc062723c751e8b465ee728b)
Start importing Assets/00_Project/GeneratedCharacters/mocking/character/npc_3_rigged.fbm/temp_ORM_111859aa-2ec1-4eb6-9b3f-6a4153623a42_Metallic.jpg using Guid(6095e6e900acffe45a3da568f0a57422) Importer(815301076,1909f56bfc062723c751e8b465ee728b) (PreviewImporter) -> (artifact id: '00000000000000000000000000000000') in 0.0299633 seconds
Import Error Code:(4)
Message: Build asset version error: assets/00_project/generatedcharacters/mocking/character/npc_3_rigged.fbm/temp_orm_111859aa-2ec1-4eb6-9b3f-6a4153623a42_metallic.jpg in SourceAssetDB has modification time of '2026-05-26T15:24:44.1133605Z' while content on disk has modification time of '2026-05-26T15:27:47.1741348Z'
  ERROR: Build asset version error: assets/00_project/generatedcharacters/mocking/character/npc_3_rigged.fbm/temp_orm_111859aa-2ec1-4eb6-9b3f-6a4153623a42_metallic.jpg in SourceAssetDB has modification time of '2026-05-26T15:24:44.1133605Z' while content on disk has modification time of '2026-05-26T15:27:47.1741348Z'
Number of updated asset objects reloaded before import = 0Number of asset objects unloaded after import = 0

========================================================================
Received Import Request.
  Time since last request: 0.000019 seconds.
  path: Assets/00_Project/GeneratedCharacters/mocking/character/npc_3_rigged.fbm/NormalGL_111859aa-2ec1-4eb6-9b3f-6a4153623a42.jpg
  artifactKey: Guid(e19a21a20e6adcf478ad20c447539190) Importer(815301076,1909f56bfc062723c751e8b465ee728b)
Start importing Assets/00_Project/GeneratedCharacters/mocking/character/npc_3_rigged.fbm/NormalGL_111859aa-2ec1-4eb6-9b3f-6a4153623a42.jpg using Guid(e19a21a20e6adcf478ad20c447539190) Importer(815301076,1909f56bfc062723c751e8b465ee728b) (PreviewImporter) -> (artifact id: '00000000000000000000000000000000') in 0.0303476 seconds
Import Error Code:(4)
Message: Build asset version error: assets/00_project/generatedcharacters/mocking/character/npc_3_rigged.fbm/normalgl_111859aa-2ec1-4eb6-9b3f-6a4153623a42.jpg in SourceAssetDB has modification time of '2026-05-26T15:24:44.1103553Z' while content on disk has modification time of '2026-05-26T15:27:47.1721077Z'
  ERROR: Build asset version error: assets/00_project/generatedcharacters/mocking/character/npc_3_rigged.fbm/normalgl_111859aa-2ec1-4eb6-9b3f-6a4153623a42.jpg in SourceAssetDB has modification time of '2026-05-26T15:24:44.1103553Z' while content on disk has modification time of '2026-05-26T15:27:47.1721077Z'
Number of updated asset objects reloaded before import = 0Number of asset objects unloaded after import = 0

========================================================================
Received Import Request.
  Time since last request: 0.000031 seconds.
  path: Assets/00_Project/GeneratedCharacters/mocking/character/npc_3_rigged.fbm/Color_111859aa-2ec1-4eb6-9b3f-6a4153623a42.jpg
  artifactKey: Guid(10a4a4cdb3bcfac4c9f807f6798deb88) Importer(815301076,1909f56bfc062723c751e8b465ee728b)
Start importing Assets/00_Project/GeneratedCharacters/mocking/character/npc_3_rigged.fbm/Color_111859aa-2ec1-4eb6-9b3f-6a4153623a42.jpg using Guid(10a4a4cdb3bcfac4c9f807f6798deb88) Importer(815301076,1909f56bfc062723c751e8b465ee728b) (PreviewImporter) -> (artifact id: '00000000000000000000000000000000') in 0.0376231 seconds
Import Error Code:(4)
Message: Build asset version error: assets/00_project/generatedcharacters/mocking/character/npc_3_rigged.fbm/color_111859aa-2ec1-4eb6-9b3f-6a4153623a42.jpg in SourceAssetDB has modification time of '2026-05-26T15:24:44.1103553Z' while content on disk has modification time of '2026-05-26T15:27:47.1716014Z'
  ERROR: Build asset version error: assets/00_project/generatedcharacters/mocking/character/npc_3_rigged.fbm/color_111859aa-2ec1-4eb6-9b3f-6a4153623a42.jpg in SourceAssetDB has modification time of '2026-05-26T15:24:44.1103553Z' while content on disk has modification time of '2026-05-26T15:27:47.1716014Z'
Number of updated asset objects reloaded before import = 0Number of asset objects unloaded after import = 0

========================================================================
Received Import Request.
  Time since last request: 0.000019 seconds.
  path: Assets/00_Project/GeneratedCharacters/mocking/character/npc_3_rigged.fbm/NormalGL_111859aa-2ec1-4eb6-9b3f-6a4153623a42.jpg
  artifactKey: Guid(e19a21a20e6adcf478ad20c447539190) Importer(815301076,1909f56bfc062723c751e8b465ee728b)
Start importing Assets/00_Project/GeneratedCharacters/mocking/character/npc_3_rigged.fbm/NormalGL_111859aa-2ec1-4eb6-9b3f-6a4153623a42.jpg using Guid(e19a21a20e6adcf478ad20c447539190) Importer(815301076,1909f56bfc062723c751e8b465ee728b) (PreviewImporter) -> (artifact id: '00000000000000000000000000000000') in 0.0413438 seconds
Import Error Code:(4)
Message: Build asset version error: assets/00_project/generatedcharacters/mocking/character/npc_3_rigged.fbm/normalgl_111859aa-2ec1-4eb6-9b3f-6a4153623a42.jpg in SourceAssetDB has modification time of '2026-05-26T15:24:44.1103553Z' while content on disk has modification time of '2026-05-26T15:27:47.1721077Z'
  ERROR: Build asset version error: assets/00_project/generatedcharacters/mocking/character/npc_3_rigged.fbm/normalgl_111859aa-2ec1-4eb6-9b3f-6a4153623a42.jpg in SourceAssetDB has modification time of '2026-05-26T15:24:44.1103553Z' while content on disk has modification time of '2026-05-26T15:27:47.1721077Z'
Number of updated asset objects reloaded before import = 0Number of asset objects unloaded after import = 0

========================================================================
Received Import Request.
  Time since last request: 0.000017 seconds.
  path: Assets/00_Project/GeneratedCharacters/mocking/character/npc_3_rigged.fbm/temp_ORM_111859aa-2ec1-4eb6-9b3f-6a4153623a42_Roughness.jpg
  artifactKey: Guid(58d39ca4cc3414e42be20fc44c5f04de) Importer(815301076,1909f56bfc062723c751e8b465ee728b)
Start importing Assets/00_Project/GeneratedCharacters/mocking/character/npc_3_rigged.fbm/temp_ORM_111859aa-2ec1-4eb6-9b3f-6a4153623a42_Roughness.jpg using Guid(58d39ca4cc3414e42be20fc44c5f04de) Importer(815301076,1909f56bfc062723c751e8b465ee728b) (PreviewImporter) -> (artifact id: '00000000000000000000000000000000') in 0.0331811 seconds
Import Error Code:(4)
Message: Build asset version error: assets/00_project/generatedcharacters/mocking/character/npc_3_rigged.fbm/temp_orm_111859aa-2ec1-4eb6-9b3f-6a4153623a42_roughness.jpg in SourceAssetDB has modification time of '2026-05-26T15:24:44.1118576Z' while content on disk has modification time of '2026-05-26T15:27:47.173113Z'
  ERROR: Build asset version error: assets/00_project/generatedcharacters/mocking/character/npc_3_rigged.fbm/temp_orm_111859aa-2ec1-4eb6-9b3f-6a4153623a42_roughness.jpg in SourceAssetDB has modification time of '2026-05-26T15:24:44.1118576Z' while content on disk has modification time of '2026-05-26T15:27:47.173113Z'
Number of updated asset objects reloaded before import = 0Number of asset objects unloaded after import = 0

========================================================================
Received Import Request.
  Time since last request: 0.000022 seconds.
  path: Assets/00_Project/GeneratedCharacters/mocking/character/npc_3_rigged.fbm/Color_111859aa-2ec1-4eb6-9b3f-6a4153623a42.jpg
  artifactKey: Guid(10a4a4cdb3bcfac4c9f807f6798deb88) Importer(815301076,1909f56bfc062723c751e8b465ee728b)
Start importing Assets/00_Project/GeneratedCharacters/mocking/character/npc_3_rigged.fbm/Color_111859aa-2ec1-4eb6-9b3f-6a4153623a42.jpg using Guid(10a4a4cdb3bcfac4c9f807f6798deb88) Importer(815301076,1909f56bfc062723c751e8b465ee728b) (PreviewImporter) -> (artifact id: '00000000000000000000000000000000') in 0.0359684 seconds
Import Error Code:(4)
Message: Build asset version error: assets/00_project/generatedcharacters/mocking/character/npc_3_rigged.fbm/color_111859aa-2ec1-4eb6-9b3f-6a4153623a42.jpg in SourceAssetDB has modification time of '2026-05-26T15:24:44.1103553Z' while content on disk has modification time of '2026-05-26T15:27:47.1716014Z'
  ERROR: Build asset version error: assets/00_project/generatedcharacters/mocking/character/npc_3_rigged.fbm/color_111859aa-2ec1-4eb6-9b3f-6a4153623a42.jpg in SourceAssetDB has modification time of '2026-05-26T15:24:44.1103553Z' while content on disk has modification time of '2026-05-26T15:27:47.1716014Z'
Number of updated asset objects reloaded before import = 0Number of asset objects unloaded after import = 0

========================================================================
Received Import Request.
  Time since last request: 0.000026 seconds.
  path: Assets/00_Project/GeneratedCharacters/mocking/character/npc_3_rigged.fbm/NormalGL_111859aa-2ec1-4eb6-9b3f-6a4153623a42.jpg
  artifactKey: Guid(e19a21a20e6adcf478ad20c447539190) Importer(815301076,1909f56bfc062723c751e8b465ee728b)
Start importing Assets/00_Project/GeneratedCharacters/mocking/character/npc_3_rigged.fbm/NormalGL_111859aa-2ec1-4eb6-9b3f-6a4153623a42.jpg using Guid(e19a21a20e6adcf478ad20c447539190) Importer(815301076,1909f56bfc062723c751e8b465ee728b) (PreviewImporter) -> (artifact id: '00000000000000000000000000000000') in 0.0292875 seconds
Import Error Code:(4)
Message: Build asset version error: assets/00_project/generatedcharacters/mocking/character/npc_3_rigged.fbm/normalgl_111859aa-2ec1-4eb6-9b3f-6a4153623a42.jpg in SourceAssetDB has modification time of '2026-05-26T15:24:44.1103553Z' while content on disk has modification time of '2026-05-26T15:27:47.1721077Z'
  ERROR: Build asset version error: assets/00_project/generatedcharacters/mocking/character/npc_3_rigged.fbm/normalgl_111859aa-2ec1-4eb6-9b3f-6a4153623a42.jpg in SourceAssetDB has modification time of '2026-05-26T15:24:44.1103553Z' while content on disk has modification time of '2026-05-26T15:27:47.1721077Z'
Number of updated asset objects reloaded before import = 0Number of asset objects unloaded after import = 0

========================================================================
Received Import Request.
  Time since last request: 0.000018 seconds.
  path: Assets/00_Project/GeneratedCharacters/mocking/character/npc_3_rigged.fbm/temp_ORM_111859aa-2ec1-4eb6-9b3f-6a4153623a42_Metallic.jpg
  artifactKey: Guid(6095e6e900acffe45a3da568f0a57422) Importer(815301076,1909f56bfc062723c751e8b465ee728b)
Start importing Assets/00_Project/GeneratedCharacters/mocking/character/npc_3_rigged.fbm/temp_ORM_111859aa-2ec1-4eb6-9b3f-6a4153623a42_Metallic.jpg using Guid(6095e6e900acffe45a3da568f0a57422) Importer(815301076,1909f56bfc062723c751e8b465ee728b) (PreviewImporter) -> (artifact id: '00000000000000000000000000000000') in 0.030988 seconds
Import Error Code:(4)
Message: Build asset version error: assets/00_project/generatedcharacters/mocking/character/npc_3_rigged.fbm/temp_orm_111859aa-2ec1-4eb6-9b3f-6a4153623a42_metallic.jpg in SourceAssetDB has modification time of '2026-05-26T15:24:44.1133605Z' while content on disk has modification time of '2026-05-26T15:27:47.1741348Z'
  ERROR: Build asset version error: assets/00_project/generatedcharacters/mocking/character/npc_3_rigged.fbm/temp_orm_111859aa-2ec1-4eb6-9b3f-6a4153623a42_metallic.jpg in SourceAssetDB has modification time of '2026-05-26T15:24:44.1133605Z' while content on disk has modification time of '2026-05-26T15:27:47.1741348Z'
Number of updated asset objects reloaded before import = 0Number of asset objects unloaded after import = 0

========================================================================
Received Import Request.
  Time since last request: 0.000021 seconds.
  path: Assets/00_Project/GeneratedCharacters/mocking/character/npc_3_rigged.fbm/temp_ORM_111859aa-2ec1-4eb6-9b3f-6a4153623a42_Roughness.jpg
  artifactKey: Guid(58d39ca4cc3414e42be20fc44c5f04de) Importer(815301076,1909f56bfc062723c751e8b465ee728b)
Start importing Assets/00_Project/GeneratedCharacters/mocking/character/npc_3_rigged.fbm/temp_ORM_111859aa-2ec1-4eb6-9b3f-6a4153623a42_Roughness.jpg using Guid(58d39ca4cc3414e42be20fc44c5f04de) Importer(815301076,1909f56bfc062723c751e8b465ee728b) (PreviewImporter) -> (artifact id: '00000000000000000000000000000000') in 0.0298954 seconds
Import Error Code:(4)
Message: Build asset version error: assets/00_project/generatedcharacters/mocking/character/npc_3_rigged.fbm/temp_orm_111859aa-2ec1-4eb6-9b3f-6a4153623a42_roughness.jpg in SourceAssetDB has modification time of '2026-05-26T15:24:44.1118576Z' while content on disk has modification time of '2026-05-26T15:27:47.173113Z'
  ERROR: Build asset version error: assets/00_project/generatedcharacters/mocking/character/npc_3_rigged.fbm/temp_orm_111859aa-2ec1-4eb6-9b3f-6a4153623a42_roughness.jpg in SourceAssetDB has modification time of '2026-05-26T15:24:44.1118576Z' while content on disk has modification time of '2026-05-26T15:27:47.173113Z'
Number of updated asset objects reloaded before import = 0Number of asset objects unloaded after import = 0

========================================================================
Received Import Request.
  Time since last request: 0.000019 seconds.
  path: Assets/00_Project/GeneratedCharacters/mocking/character/npc_3_rigged.fbm/temp_ORM_111859aa-2ec1-4eb6-9b3f-6a4153623a42_Metallic.jpg
  artifactKey: Guid(6095e6e900acffe45a3da568f0a57422) Importer(815301076,1909f56bfc062723c751e8b465ee728b)
Start importing Assets/00_Project/GeneratedCharacters/mocking/character/npc_3_rigged.fbm/temp_ORM_111859aa-2ec1-4eb6-9b3f-6a4153623a42_Metallic.jpg using Guid(6095e6e900acffe45a3da568f0a57422) Importer(815301076,1909f56bfc062723c751e8b465ee728b) (PreviewImporter) -> (artifact id: '00000000000000000000000000000000') in 0.0294456 seconds
Import Error Code:(4)
Message: Build asset version error: assets/00_project/generatedcharacters/mocking/character/npc_3_rigged.fbm/temp_orm_111859aa-2ec1-4eb6-9b3f-6a4153623a42_metallic.jpg in SourceAssetDB has modification time of '2026-05-26T15:24:44.1133605Z' while content on disk has modification time of '2026-05-26T15:27:47.1741348Z'
  ERROR: Build asset version error: assets/00_project/generatedcharacters/mocking/character/npc_3_rigged.fbm/temp_orm_111859aa-2ec1-4eb6-9b3f-6a4153623a42_metallic.jpg in SourceAssetDB has modification time of '2026-05-26T15:24:44.1133605Z' while content on disk has modification time of '2026-05-26T15:27:47.1741348Z'
Number of updated asset objects reloaded before import = 0Number of asset objects unloaded after import = 0

========================================================================
Received Import Request.
  Time since last request: 0.000026 seconds.
  path: Assets/00_Project/GeneratedCharacters/mocking/character/npc_3_rigged.fbm/Color_111859aa-2ec1-4eb6-9b3f-6a4153623a42.jpg
  artifactKey: Guid(10a4a4cdb3bcfac4c9f807f6798deb88) Importer(815301076,1909f56bfc062723c751e8b465ee728b)
Start importing Assets/00_Project/GeneratedCharacters/mocking/character/npc_3_rigged.fbm/Color_111859aa-2ec1-4eb6-9b3f-6a4153623a42.jpg using Guid(10a4a4cdb3bcfac4c9f807f6798deb88) Importer(815301076,1909f56bfc062723c751e8b465ee728b) (PreviewImporter) -> (artifact id: '00000000000000000000000000000000') in 0.0292242 seconds
Import Error Code:(4)
Message: Build asset version error: assets/00_project/generatedcharacters/mocking/character/npc_3_rigged.fbm/color_111859aa-2ec1-4eb6-9b3f-6a4153623a42.jpg in SourceAssetDB has modification time of '2026-05-26T15:24:44.1103553Z' while content on disk has modification time of '2026-05-26T15:27:47.1716014Z'
  ERROR: Build asset version error: assets/00_project/generatedcharacters/mocking/character/npc_3_rigged.fbm/color_111859aa-2ec1-4eb6-9b3f-6a4153623a42.jpg in SourceAssetDB has modification time of '2026-05-26T15:24:44.1103553Z' while content on disk has modification time of '2026-05-26T15:27:47.1716014Z'
Number of updated asset objects reloaded before import = 0Number of asset objects unloaded after import = 0

========================================================================
Received Import Request.
  Time since last request: 0.000017 seconds.
  path: Assets/00_Project/GeneratedCharacters/mocking/character/npc_3_rigged.fbm/NormalGL_111859aa-2ec1-4eb6-9b3f-6a4153623a42.jpg
  artifactKey: Guid(e19a21a20e6adcf478ad20c447539190) Importer(815301076,1909f56bfc062723c751e8b465ee728b)
Start importing Assets/00_Project/GeneratedCharacters/mocking/character/npc_3_rigged.fbm/NormalGL_111859aa-2ec1-4eb6-9b3f-6a4153623a42.jpg using Guid(e19a21a20e6adcf478ad20c447539190) Importer(815301076,1909f56bfc062723c751e8b465ee728b) (PreviewImporter) -> (artifact id: '00000000000000000000000000000000') in 0.0299147 seconds
Import Error Code:(4)
Message: Build asset version error: assets/00_project/generatedcharacters/mocking/character/npc_3_rigged.fbm/normalgl_111859aa-2ec1-4eb6-9b3f-6a4153623a42.jpg in SourceAssetDB has modification time of '2026-05-26T15:24:44.1103553Z' while content on disk has modification time of '2026-05-26T15:27:47.1721077Z'
  ERROR: Build asset version error: assets/00_project/generatedcharacters/mocking/character/npc_3_rigged.fbm/normalgl_111859aa-2ec1-4eb6-9b3f-6a4153623a42.jpg in SourceAssetDB has modification time of '2026-05-26T15:24:44.1103553Z' while content on disk has modification time of '2026-05-26T15:27:47.1721077Z'
Number of updated asset objects reloaded before import = 0Number of asset objects unloaded after import = 0

========================================================================
Received Import Request.
  Time since last request: 0.000018 seconds.
  path: Assets/00_Project/GeneratedCharacters/mocking/character/npc_3_rigged.fbm/Color_111859aa-2ec1-4eb6-9b3f-6a4153623a42.jpg
  artifactKey: Guid(10a4a4cdb3bcfac4c9f807f6798deb88) Importer(815301076,1909f56bfc062723c751e8b465ee728b)
Start importing Assets/00_Project/GeneratedCharacters/mocking/character/npc_3_rigged.fbm/Color_111859aa-2ec1-4eb6-9b3f-6a4153623a42.jpg using Guid(10a4a4cdb3bcfac4c9f807f6798deb88) Importer(815301076,1909f56bfc062723c751e8b465ee728b) (PreviewImporter) -> (artifact id: '00000000000000000000000000000000') in 0.0273925 seconds
Import Error Code:(4)
Message: Build asset version error: assets/00_project/generatedcharacters/mocking/character/npc_3_rigged.fbm/color_111859aa-2ec1-4eb6-9b3f-6a4153623a42.jpg in SourceAssetDB has modification time of '2026-05-26T15:24:44.1103553Z' while content on disk has modification time of '2026-05-26T15:27:47.1716014Z'
  ERROR: Build asset version error: assets/00_project/generatedcharacters/mocking/character/npc_3_rigged.fbm/color_111859aa-2ec1-4eb6-9b3f-6a4153623a42.jpg in SourceAssetDB has modification time of '2026-05-26T15:24:44.1103553Z' while content on disk has modification time of '2026-05-26T15:27:47.1716014Z'
Number of updated asset objects reloaded before import = 0Number of asset objects unloaded after import = 0

========================================================================
Received Import Request.
  Time since last request: 0.000023 seconds.
  path: Assets/00_Project/GeneratedCharacters/mocking/character/npc_3_rigged.fbm/NormalGL_111859aa-2ec1-4eb6-9b3f-6a4153623a42.jpg
  artifactKey: Guid(e19a21a20e6adcf478ad20c447539190) Importer(815301076,1909f56bfc062723c751e8b465ee728b)
Start importing Assets/00_Project/GeneratedCharacters/mocking/character/npc_3_rigged.fbm/NormalGL_111859aa-2ec1-4eb6-9b3f-6a4153623a42.jpg using Guid(e19a21a20e6adcf478ad20c447539190) Importer(815301076,1909f56bfc062723c751e8b465ee728b) (PreviewImporter) -> (artifact id: '00000000000000000000000000000000') in 0.0295863 seconds
Import Error Code:(4)
Message: Build asset version error: assets/00_project/generatedcharacters/mocking/character/npc_3_rigged.fbm/normalgl_111859aa-2ec1-4eb6-9b3f-6a4153623a42.jpg in SourceAssetDB has modification time of '2026-05-26T15:24:44.1103553Z' while content on disk has modification time of '2026-05-26T15:27:47.1721077Z'
  ERROR: Build asset version error: assets/00_project/generatedcharacters/mocking/character/npc_3_rigged.fbm/normalgl_111859aa-2ec1-4eb6-9b3f-6a4153623a42.jpg in SourceAssetDB has modification time of '2026-05-26T15:24:44.1103553Z' while content on disk has modification time of '2026-05-26T15:27:47.1721077Z'
Number of updated asset objects reloaded before import = 0Number of asset objects unloaded after import = 0

========================================================================
Received Import Request.
  Time since last request: 0.000027 seconds.
  path: Assets/00_Project/GeneratedCharacters/mocking/character/npc_3_rigged.fbm/temp_ORM_111859aa-2ec1-4eb6-9b3f-6a4153623a42_Roughness.jpg
  artifactKey: Guid(58d39ca4cc3414e42be20fc44c5f04de) Importer(815301076,1909f56bfc062723c751e8b465ee728b)
Start importing Assets/00_Project/GeneratedCharacters/mocking/character/npc_3_rigged.fbm/temp_ORM_111859aa-2ec1-4eb6-9b3f-6a4153623a42_Roughness.jpg using Guid(58d39ca4cc3414e42be20fc44c5f04de) Importer(815301076,1909f56bfc062723c751e8b465ee728b) (PreviewImporter) -> (artifact id: '00000000000000000000000000000000') in 0.0301154 seconds
Import Error Code:(4)
Message: Build asset version error: assets/00_project/generatedcharacters/mocking/character/npc_3_rigged.fbm/temp_orm_111859aa-2ec1-4eb6-9b3f-6a4153623a42_roughness.jpg in SourceAssetDB has modification time of '2026-05-26T15:24:44.1118576Z' while content on disk has modification time of '2026-05-26T15:27:47.173113Z'
  ERROR: Build asset version error: assets/00_project/generatedcharacters/mocking/character/npc_3_rigged.fbm/temp_orm_111859aa-2ec1-4eb6-9b3f-6a4153623a42_roughness.jpg in SourceAssetDB has modification time of '2026-05-26T15:24:44.1118576Z' while content on disk has modification time of '2026-05-26T15:27:47.173113Z'
Number of updated asset objects reloaded before import = 0Number of asset objects unloaded after import = 0

========================================================================
Received Import Request.
  Time since last request: 0.000018 seconds.
  path: Assets/00_Project/GeneratedCharacters/mocking/character/npc_3_rigged.fbm/Color_111859aa-2ec1-4eb6-9b3f-6a4153623a42.jpg
  artifactKey: Guid(10a4a4cdb3bcfac4c9f807f6798deb88) Importer(815301076,1909f56bfc062723c751e8b465ee728b)
Start importing Assets/00_Project/GeneratedCharacters/mocking/character/npc_3_rigged.fbm/Color_111859aa-2ec1-4eb6-9b3f-6a4153623a42.jpg using Guid(10a4a4cdb3bcfac4c9f807f6798deb88) Importer(815301076,1909f56bfc062723c751e8b465ee728b) (PreviewImporter) -> (artifact id: '00000000000000000000000000000000') in 0.0293807 seconds
Import Error Code:(4)
Message: Build asset version error: assets/00_project/generatedcharacters/mocking/character/npc_3_rigged.fbm/color_111859aa-2ec1-4eb6-9b3f-6a4153623a42.jpg in SourceAssetDB has modification time of '2026-05-26T15:24:44.1103553Z' while content on disk has modification time of '2026-05-26T15:27:47.1716014Z'
  ERROR: Build asset version error: assets/00_project/generatedcharacters/mocking/character/npc_3_rigged.fbm/color_111859aa-2ec1-4eb6-9b3f-6a4153623a42.jpg in SourceAssetDB has modification time of '2026-05-26T15:24:44.1103553Z' while content on disk has modification time of '2026-05-26T15:27:47.1716014Z'
Number of updated asset objects reloaded before import = 0Number of asset objects unloaded after import = 0

========================================================================
Received Import Request.
  Time since last request: 0.000019 seconds.
  path: Assets/00_Project/GeneratedCharacters/mocking/character/npc_3_rigged.fbm/temp_ORM_111859aa-2ec1-4eb6-9b3f-6a4153623a42_Metallic.jpg
  artifactKey: Guid(6095e6e900acffe45a3da568f0a57422) Importer(815301076,1909f56bfc062723c751e8b465ee728b)
Start importing Assets/00_Project/GeneratedCharacters/mocking/character/npc_3_rigged.fbm/temp_ORM_111859aa-2ec1-4eb6-9b3f-6a4153623a42_Metallic.jpg using Guid(6095e6e900acffe45a3da568f0a57422) Importer(815301076,1909f56bfc062723c751e8b465ee728b) (PreviewImporter) -> (artifact id: '00000000000000000000000000000000') in 0.0298828 seconds
Import Error Code:(4)
Message: Build asset version error: assets/00_project/generatedcharacters/mocking/character/npc_3_rigged.fbm/temp_orm_111859aa-2ec1-4eb6-9b3f-6a4153623a42_metallic.jpg in SourceAssetDB has modification time of '2026-05-26T15:24:44.1133605Z' while content on disk has modification time of '2026-05-26T15:27:47.1741348Z'
  ERROR: Build asset version error: assets/00_project/generatedcharacters/mocking/character/npc_3_rigged.fbm/temp_orm_111859aa-2ec1-4eb6-9b3f-6a4153623a42_metallic.jpg in SourceAssetDB has modification time of '2026-05-26T15:24:44.1133605Z' while content on disk has modification time of '2026-05-26T15:27:47.1741348Z'
Number of updated asset objects reloaded before import = 0Number of asset objects unloaded after import = 0

========================================================================
Received Import Request.
  Time since last request: 0.000022 seconds.
  path: Assets/00_Project/GeneratedCharacters/mocking/character/npc_3_rigged.fbm/Color_111859aa-2ec1-4eb6-9b3f-6a4153623a42.jpg
  artifactKey: Guid(10a4a4cdb3bcfac4c9f807f6798deb88) Importer(815301076,1909f56bfc062723c751e8b465ee728b)
Start importing Assets/00_Project/GeneratedCharacters/mocking/character/npc_3_rigged.fbm/Color_111859aa-2ec1-4eb6-9b3f-6a4153623a42.jpg using Guid(10a4a4cdb3bcfac4c9f807f6798deb88) Importer(815301076,1909f56bfc062723c751e8b465ee728b) (PreviewImporter) -> (artifact id: '00000000000000000000000000000000') in 0.0292113 seconds
Import Error Code:(4)
Message: Build asset version error: assets/00_project/generatedcharacters/mocking/character/npc_3_rigged.fbm/color_111859aa-2ec1-4eb6-9b3f-6a4153623a42.jpg in SourceAssetDB has modification time of '2026-05-26T15:24:44.1103553Z' while content on disk has modification time of '2026-05-26T15:27:47.1716014Z'
  ERROR: Build asset version error: assets/00_project/generatedcharacters/mocking/character/npc_3_rigged.fbm/color_111859aa-2ec1-4eb6-9b3f-6a4153623a42.jpg in SourceAssetDB has modification time of '2026-05-26T15:24:44.1103553Z' while content on disk has modification time of '2026-05-26T15:27:47.1716014Z'
Number of updated asset objects reloaded before import = 0Number of asset objects unloaded after import = 0

========================================================================
Received Import Request.
  Time since last request: 0.000025 seconds.
  path: Assets/00_Project/GeneratedCharacters/mocking/character/npc_3_rigged.fbm/temp_ORM_111859aa-2ec1-4eb6-9b3f-6a4153623a42_Roughness.jpg
  artifactKey: Guid(58d39ca4cc3414e42be20fc44c5f04de) Importer(815301076,1909f56bfc062723c751e8b465ee728b)
Start importing Assets/00_Project/GeneratedCharacters/mocking/character/npc_3_rigged.fbm/temp_ORM_111859aa-2ec1-4eb6-9b3f-6a4153623a42_Roughness.jpg using Guid(58d39ca4cc3414e42be20fc44c5f04de) Importer(815301076,1909f56bfc062723c751e8b465ee728b) (PreviewImporter) -> (artifact id: '00000000000000000000000000000000') in 0.0276794 seconds
Import Error Code:(4)
Message: Build asset version error: assets/00_project/generatedcharacters/mocking/character/npc_3_rigged.fbm/temp_orm_111859aa-2ec1-4eb6-9b3f-6a4153623a42_roughness.jpg in SourceAssetDB has modification time of '2026-05-26T15:24:44.1118576Z' while content on disk has modification time of '2026-05-26T15:27:47.173113Z'
  ERROR: Build asset version error: assets/00_project/generatedcharacters/mocking/character/npc_3_rigged.fbm/temp_orm_111859aa-2ec1-4eb6-9b3f-6a4153623a42_roughness.jpg in SourceAssetDB has modification time of '2026-05-26T15:24:44.1118576Z' while content on disk has modification time of '2026-05-26T15:27:47.173113Z'
Number of updated asset objects reloaded before import = 0Number of asset objects unloaded after import = 0

========================================================================
Received Import Request.
  Time since last request: 0.000019 seconds.
  path: Assets/00_Project/GeneratedCharacters/mocking/character/npc_3_rigged.fbm/Color_111859aa-2ec1-4eb6-9b3f-6a4153623a42.jpg
  artifactKey: Guid(10a4a4cdb3bcfac4c9f807f6798deb88) Importer(815301076,1909f56bfc062723c751e8b465ee728b)
Start importing Assets/00_Project/GeneratedCharacters/mocking/character/npc_3_rigged.fbm/Color_111859aa-2ec1-4eb6-9b3f-6a4153623a42.jpg using Guid(10a4a4cdb3bcfac4c9f807f6798deb88) Importer(815301076,1909f56bfc062723c751e8b465ee728b) (PreviewImporter) -> (artifact id: '00000000000000000000000000000000') in 0.0290819 seconds
Import Error Code:(4)
Message: Build asset version error: assets/00_project/generatedcharacters/mocking/character/npc_3_rigged.fbm/color_111859aa-2ec1-4eb6-9b3f-6a4153623a42.jpg in SourceAssetDB has modification time of '2026-05-26T15:24:44.1103553Z' while content on disk has modification time of '2026-05-26T15:27:47.1716014Z'
  ERROR: Build asset version error: assets/00_project/generatedcharacters/mocking/character/npc_3_rigged.fbm/color_111859aa-2ec1-4eb6-9b3f-6a4153623a42.jpg in SourceAssetDB has modification time of '2026-05-26T15:24:44.1103553Z' while content on disk has modification time of '2026-05-26T15:27:47.1716014Z'
Number of updated asset objects reloaded before import = 0Number of asset objects unloaded after import = 0

========================================================================
Received Import Request.
  Time since last request: 0.000018 seconds.
  path: Assets/00_Project/GeneratedCharacters/mocking/character/npc_3_rigged.fbm/temp_ORM_111859aa-2ec1-4eb6-9b3f-6a4153623a42_Roughness.jpg
  artifactKey: Guid(58d39ca4cc3414e42be20fc44c5f04de) Importer(815301076,1909f56bfc062723c751e8b465ee728b)
Start importing Assets/00_Project/GeneratedCharacters/mocking/character/npc_3_rigged.fbm/temp_ORM_111859aa-2ec1-4eb6-9b3f-6a4153623a42_Roughness.jpg using Guid(58d39ca4cc3414e42be20fc44c5f04de) Importer(815301076,1909f56bfc062723c751e8b465ee728b) (PreviewImporter) -> (artifact id: '00000000000000000000000000000000') in 0.0304328 seconds
Import Error Code:(4)
Message: Build asset version error: assets/00_project/generatedcharacters/mocking/character/npc_3_rigged.fbm/temp_orm_111859aa-2ec1-4eb6-9b3f-6a4153623a42_roughness.jpg in SourceAssetDB has modification time of '2026-05-26T15:24:44.1118576Z' while content on disk has modification time of '2026-05-26T15:27:47.173113Z'
  ERROR: Build asset version error: assets/00_project/generatedcharacters/mocking/character/npc_3_rigged.fbm/temp_orm_111859aa-2ec1-4eb6-9b3f-6a4153623a42_roughness.jpg in SourceAssetDB has modification time of '2026-05-26T15:24:44.1118576Z' while content on disk has modification time of '2026-05-26T15:27:47.173113Z'
Number of updated asset objects reloaded before import = 0Number of asset objects unloaded after import = 0

========================================================================
Received Import Request.
  Time since last request: 0.000019 seconds.
  path: Assets/00_Project/GeneratedCharacters/mocking/character/npc_3_rigged.fbm/Color_111859aa-2ec1-4eb6-9b3f-6a4153623a42.jpg
  artifactKey: Guid(10a4a4cdb3bcfac4c9f807f6798deb88) Importer(815301076,1909f56bfc062723c751e8b465ee728b)
Start importing Assets/00_Project/GeneratedCharacters/mocking/character/npc_3_rigged.fbm/Color_111859aa-2ec1-4eb6-9b3f-6a4153623a42.jpg using Guid(10a4a4cdb3bcfac4c9f807f6798deb88) Importer(815301076,1909f56bfc062723c751e8b465ee728b) (PreviewImporter) -> (artifact id: '00000000000000000000000000000000') in 0.029812 seconds
Import Error Code:(4)
Message: Build asset version error: assets/00_project/generatedcharacters/mocking/character/npc_3_rigged.fbm/color_111859aa-2ec1-4eb6-9b3f-6a4153623a42.jpg in SourceAssetDB has modification time of '2026-05-26T15:24:44.1103553Z' while content on disk has modification time of '2026-05-26T15:27:47.1716014Z'
  ERROR: Build asset version error: assets/00_project/generatedcharacters/mocking/character/npc_3_rigged.fbm/color_111859aa-2ec1-4eb6-9b3f-6a4153623a42.jpg in SourceAssetDB has modification time of '2026-05-26T15:24:44.1103553Z' while content on disk has modification time of '2026-05-26T15:27:47.1716014Z'
Number of updated asset objects reloaded before import = 0Number of asset objects unloaded after import = 0

========================================================================
Received Import Request.
  Time since last request: 0.000026 seconds.
  path: Assets/00_Project/GeneratedCharacters/mocking/character/npc_3_rigged.fbm/temp_ORM_111859aa-2ec1-4eb6-9b3f-6a4153623a42_Metallic.jpg
  artifactKey: Guid(6095e6e900acffe45a3da568f0a57422) Importer(815301076,1909f56bfc062723c751e8b465ee728b)
Start importing Assets/00_Project/GeneratedCharacters/mocking/character/npc_3_rigged.fbm/temp_ORM_111859aa-2ec1-4eb6-9b3f-6a4153623a42_Metallic.jpg using Guid(6095e6e900acffe45a3da568f0a57422) Importer(815301076,1909f56bfc062723c751e8b465ee728b) (PreviewImporter) -> (artifact id: '00000000000000000000000000000000') in 0.0300198 seconds
Import Error Code:(4)
Message: Build asset version error: assets/00_project/generatedcharacters/mocking/character/npc_3_rigged.fbm/temp_orm_111859aa-2ec1-4eb6-9b3f-6a4153623a42_metallic.jpg in SourceAssetDB has modification time of '2026-05-26T15:24:44.1133605Z' while content on disk has modification time of '2026-05-26T15:27:47.1741348Z'
  ERROR: Build asset version error: assets/00_project/generatedcharacters/mocking/character/npc_3_rigged.fbm/temp_orm_111859aa-2ec1-4eb6-9b3f-6a4153623a42_metallic.jpg in SourceAssetDB has modification time of '2026-05-26T15:24:44.1133605Z' while content on disk has modification time of '2026-05-26T15:27:47.1741348Z'
Number of updated asset objects reloaded before import = 0Number of asset objects unloaded after import = 0

========================================================================
Received Import Request.
  Time since last request: 0.000017 seconds.
  path: Assets/00_Project/GeneratedCharacters/mocking/character/npc_3_rigged.fbm/NormalGL_111859aa-2ec1-4eb6-9b3f-6a4153623a42.jpg
  artifactKey: Guid(e19a21a20e6adcf478ad20c447539190) Importer(815301076,1909f56bfc062723c751e8b465ee728b)
Start importing Assets/00_Project/GeneratedCharacters/mocking/character/npc_3_rigged.fbm/NormalGL_111859aa-2ec1-4eb6-9b3f-6a4153623a42.jpg using Guid(e19a21a20e6adcf478ad20c447539190) Importer(815301076,1909f56bfc062723c751e8b465ee728b) (PreviewImporter) -> (artifact id: '00000000000000000000000000000000') in 0.0286525 seconds
Import Error Code:(4)
Message: Build asset version error: assets/00_project/generatedcharacters/mocking/character/npc_3_rigged.fbm/normalgl_111859aa-2ec1-4eb6-9b3f-6a4153623a42.jpg in SourceAssetDB has modification time of '2026-05-26T15:24:44.1103553Z' while content on disk has modification time of '2026-05-26T15:27:47.1721077Z'
  ERROR: Build asset version error: assets/00_project/generatedcharacters/mocking/character/npc_3_rigged.fbm/normalgl_111859aa-2ec1-4eb6-9b3f-6a4153623a42.jpg in SourceAssetDB has modification time of '2026-05-26T15:24:44.1103553Z' while content on disk has modification time of '2026-05-26T15:27:47.1721077Z'
Number of updated asset objects reloaded before import = 0Number of asset objects unloaded after import = 0

========================================================================
Received Import Request.
  Time since last request: 0.000017 seconds.
  path: Assets/00_Project/GeneratedCharacters/mocking/character/npc_3_rigged.fbm/temp_ORM_111859aa-2ec1-4eb6-9b3f-6a4153623a42_Metallic.jpg
  artifactKey: Guid(6095e6e900acffe45a3da568f0a57422) Importer(815301076,1909f56bfc062723c751e8b465ee728b)
Start importing Assets/00_Project/GeneratedCharacters/mocking/character/npc_3_rigged.fbm/temp_ORM_111859aa-2ec1-4eb6-9b3f-6a4153623a42_Metallic.jpg using Guid(6095e6e900acffe45a3da568f0a57422) Importer(815301076,1909f56bfc062723c751e8b465ee728b) (PreviewImporter) -> (artifact id: '00000000000000000000000000000000') in 0.0299218 seconds
Import Error Code:(4)
Message: Build asset version error: assets/00_project/generatedcharacters/mocking/character/npc_3_rigged.fbm/temp_orm_111859aa-2ec1-4eb6-9b3f-6a4153623a42_metallic.jpg in SourceAssetDB has modification time of '2026-05-26T15:24:44.1133605Z' while content on disk has modification time of '2026-05-26T15:27:47.1741348Z'
  ERROR: Build asset version error: assets/00_project/generatedcharacters/mocking/character/npc_3_rigged.fbm/temp_orm_111859aa-2ec1-4eb6-9b3f-6a4153623a42_metallic.jpg in SourceAssetDB has modification time of '2026-05-26T15:24:44.1133605Z' while content on disk has modification time of '2026-05-26T15:27:47.1741348Z'
Number of updated asset objects reloaded before import = 0Number of asset objects unloaded after import = 0

========================================================================
Received Import Request.
  Time since last request: 0.000021 seconds.
  path: Assets/00_Project/GeneratedCharacters/mocking/character/npc_3_rigged.fbm/NormalGL_111859aa-2ec1-4eb6-9b3f-6a4153623a42.jpg
  artifactKey: Guid(e19a21a20e6adcf478ad20c447539190) Importer(815301076,1909f56bfc062723c751e8b465ee728b)
Start importing Assets/00_Project/GeneratedCharacters/mocking/character/npc_3_rigged.fbm/NormalGL_111859aa-2ec1-4eb6-9b3f-6a4153623a42.jpg using Guid(e19a21a20e6adcf478ad20c447539190) Importer(815301076,1909f56bfc062723c751e8b465ee728b) (PreviewImporter) -> (artifact id: '00000000000000000000000000000000') in 0.0284685 seconds
Import Error Code:(4)
Message: Build asset version error: assets/00_project/generatedcharacters/mocking/character/npc_3_rigged.fbm/normalgl_111859aa-2ec1-4eb6-9b3f-6a4153623a42.jpg in SourceAssetDB has modification time of '2026-05-26T15:24:44.1103553Z' while content on disk has modification time of '2026-05-26T15:27:47.1721077Z'
  ERROR: Build asset version error: assets/00_project/generatedcharacters/mocking/character/npc_3_rigged.fbm/normalgl_111859aa-2ec1-4eb6-9b3f-6a4153623a42.jpg in SourceAssetDB has modification time of '2026-05-26T15:24:44.1103553Z' while content on disk has modification time of '2026-05-26T15:27:47.1721077Z'
Number of updated asset objects reloaded before import = 0Number of asset objects unloaded after import = 0

========================================================================
Received Import Request.
  Time since last request: 0.000028 seconds.
  path: Assets/00_Project/GeneratedCharacters/mocking/character/npc_3_rigged.fbm/temp_ORM_111859aa-2ec1-4eb6-9b3f-6a4153623a42_Metallic.jpg
  artifactKey: Guid(6095e6e900acffe45a3da568f0a57422) Importer(815301076,1909f56bfc062723c751e8b465ee728b)
Start importing Assets/00_Project/GeneratedCharacters/mocking/character/npc_3_rigged.fbm/temp_ORM_111859aa-2ec1-4eb6-9b3f-6a4153623a42_Metallic.jpg using Guid(6095e6e900acffe45a3da568f0a57422) Importer(815301076,1909f56bfc062723c751e8b465ee728b) (PreviewImporter) -> (artifact id: '00000000000000000000000000000000') in 0.0314274 seconds
Import Error Code:(4)
Message: Build asset version error: assets/00_project/generatedcharacters/mocking/character/npc_3_rigged.fbm/temp_orm_111859aa-2ec1-4eb6-9b3f-6a4153623a42_metallic.jpg in SourceAssetDB has modification time of '2026-05-26T15:24:44.1133605Z' while content on disk has modification time of '2026-05-26T15:27:47.1741348Z'
  ERROR: Build asset version error: assets/00_project/generatedcharacters/mocking/character/npc_3_rigged.fbm/temp_orm_111859aa-2ec1-4eb6-9b3f-6a4153623a42_metallic.jpg in SourceAssetDB has modification time of '2026-05-26T15:24:44.1133605Z' while content on disk has modification time of '2026-05-26T15:27:47.1741348Z'
Number of updated asset objects reloaded before import = 0Number of asset objects unloaded after import = 0

========================================================================
Received Import Request.
  Time since last request: 0.000019 seconds.
  path: Assets/00_Project/GeneratedCharacters/mocking/character/npc_3_rigged.fbm/NormalGL_111859aa-2ec1-4eb6-9b3f-6a4153623a42.jpg
  artifactKey: Guid(e19a21a20e6adcf478ad20c447539190) Importer(815301076,1909f56bfc062723c751e8b465ee728b)
Start importing Assets/00_Project/GeneratedCharacters/mocking/character/npc_3_rigged.fbm/NormalGL_111859aa-2ec1-4eb6-9b3f-6a4153623a42.jpg using Guid(e19a21a20e6adcf478ad20c447539190) Importer(815301076,1909f56bfc062723c751e8b465ee728b) (PreviewImporter) -> (artifact id: '00000000000000000000000000000000') in 0.0296268 seconds
Import Error Code:(4)
Message: Build asset version error: assets/00_project/generatedcharacters/mocking/character/npc_3_rigged.fbm/normalgl_111859aa-2ec1-4eb6-9b3f-6a4153623a42.jpg in SourceAssetDB has modification time of '2026-05-26T15:24:44.1103553Z' while content on disk has modification time of '2026-05-26T15:27:47.1721077Z'
  ERROR: Build asset version error: assets/00_project/generatedcharacters/mocking/character/npc_3_rigged.fbm/normalgl_111859aa-2ec1-4eb6-9b3f-6a4153623a42.jpg in SourceAssetDB has modification time of '2026-05-26T15:24:44.1103553Z' while content on disk has modification time of '2026-05-26T15:27:47.1721077Z'
Number of updated asset objects reloaded before import = 0Number of asset objects unloaded after import = 0

========================================================================
Received Import Request.
  Time since last request: 0.000020 seconds.
  path: Assets/00_Project/GeneratedCharacters/mocking/character/npc_3_rigged.fbm/Color_111859aa-2ec1-4eb6-9b3f-6a4153623a42.jpg
  artifactKey: Guid(10a4a4cdb3bcfac4c9f807f6798deb88) Importer(815301076,1909f56bfc062723c751e8b465ee728b)
Start importing Assets/00_Project/GeneratedCharacters/mocking/character/npc_3_rigged.fbm/Color_111859aa-2ec1-4eb6-9b3f-6a4153623a42.jpg using Guid(10a4a4cdb3bcfac4c9f807f6798deb88) Importer(815301076,1909f56bfc062723c751e8b465ee728b) (PreviewImporter) -> (artifact id: '00000000000000000000000000000000') in 0.0295909 seconds
Import Error Code:(4)
Message: Build asset version error: assets/00_project/generatedcharacters/mocking/character/npc_3_rigged.fbm/color_111859aa-2ec1-4eb6-9b3f-6a4153623a42.jpg in SourceAssetDB has modification time of '2026-05-26T15:24:44.1103553Z' while content on disk has modification time of '2026-05-26T15:27:47.1716014Z'
  ERROR: Build asset version error: assets/00_project/generatedcharacters/mocking/character/npc_3_rigged.fbm/color_111859aa-2ec1-4eb6-9b3f-6a4153623a42.jpg in SourceAssetDB has modification time of '2026-05-26T15:24:44.1103553Z' while content on disk has modification time of '2026-05-26T15:27:47.1716014Z'
Number of updated asset objects reloaded before import = 0Number of asset objects unloaded after import = 0

========================================================================
Received Import Request.
  Time since last request: 0.000019 seconds.
  path: Assets/00_Project/GeneratedCharacters/mocking/character/npc_3_rigged.fbm/temp_ORM_111859aa-2ec1-4eb6-9b3f-6a4153623a42_Metallic.jpg
  artifactKey: Guid(6095e6e900acffe45a3da568f0a57422) Importer(815301076,1909f56bfc062723c751e8b465ee728b)
Start importing Assets/00_Project/GeneratedCharacters/mocking/character/npc_3_rigged.fbm/temp_ORM_111859aa-2ec1-4eb6-9b3f-6a4153623a42_Metallic.jpg using Guid(6095e6e900acffe45a3da568f0a57422) Importer(815301076,1909f56bfc062723c751e8b465ee728b) (PreviewImporter) -> (artifact id: '00000000000000000000000000000000') in 0.0314303 seconds
Import Error Code:(4)
Message: Build asset version error: assets/00_project/generatedcharacters/mocking/character/npc_3_rigged.fbm/temp_orm_111859aa-2ec1-4eb6-9b3f-6a4153623a42_metallic.jpg in SourceAssetDB has modification time of '2026-05-26T15:24:44.1133605Z' while content on disk has modification time of '2026-05-26T15:27:47.1741348Z'
  ERROR: Build asset version error: assets/00_project/generatedcharacters/mocking/character/npc_3_rigged.fbm/temp_orm_111859aa-2ec1-4eb6-9b3f-6a4153623a42_metallic.jpg in SourceAssetDB has modification time of '2026-05-26T15:24:44.1133605Z' while content on disk has modification time of '2026-05-26T15:27:47.1741348Z'
Number of updated asset objects reloaded before import = 0Number of asset objects unloaded after import = 0

========================================================================
Received Import Request.
  Time since last request: 0.000028 seconds.
  path: Assets/00_Project/GeneratedCharacters/mocking/character/npc_3_rigged.fbm/temp_ORM_111859aa-2ec1-4eb6-9b3f-6a4153623a42_Roughness.jpg
  artifactKey: Guid(58d39ca4cc3414e42be20fc44c5f04de) Importer(815301076,1909f56bfc062723c751e8b465ee728b)
Start importing Assets/00_Project/GeneratedCharacters/mocking/character/npc_3_rigged.fbm/temp_ORM_111859aa-2ec1-4eb6-9b3f-6a4153623a42_Roughness.jpg using Guid(58d39ca4cc3414e42be20fc44c5f04de) Importer(815301076,1909f56bfc062723c751e8b465ee728b) (PreviewImporter) -> (artifact id: '00000000000000000000000000000000') in 0.0311086 seconds
Import Error Code:(4)
Message: Build asset version error: assets/00_project/generatedcharacters/mocking/character/npc_3_rigged.fbm/temp_orm_111859aa-2ec1-4eb6-9b3f-6a4153623a42_roughness.jpg in SourceAssetDB has modification time of '2026-05-26T15:24:44.1118576Z' while content on disk has modification time of '2026-05-26T15:27:47.173113Z'
  ERROR: Build asset version error: assets/00_project/generatedcharacters/mocking/character/npc_3_rigged.fbm/temp_orm_111859aa-2ec1-4eb6-9b3f-6a4153623a42_roughness.jpg in SourceAssetDB has modification time of '2026-05-26T15:24:44.1118576Z' while content on disk has modification time of '2026-05-26T15:27:47.173113Z'
Number of updated asset objects reloaded before import = 0Number of asset objects unloaded after import = 0

========================================================================
Received Import Request.
  Time since last request: 0.000017 seconds.
  path: Assets/00_Project/GeneratedCharacters/mocking/character/npc_3_rigged.fbm/NormalGL_111859aa-2ec1-4eb6-9b3f-6a4153623a42.jpg
  artifactKey: Guid(e19a21a20e6adcf478ad20c447539190) Importer(815301076,1909f56bfc062723c751e8b465ee728b)
Start importing Assets/00_Project/GeneratedCharacters/mocking/character/npc_3_rigged.fbm/NormalGL_111859aa-2ec1-4eb6-9b3f-6a4153623a42.jpg using Guid(e19a21a20e6adcf478ad20c447539190) Importer(815301076,1909f56bfc062723c751e8b465ee728b) (PreviewImporter) -> (artifact id: '00000000000000000000000000000000') in 0.0326732 seconds
Import Error Code:(4)
Message: Build asset version error: assets/00_project/generatedcharacters/mocking/character/npc_3_rigged.fbm/normalgl_111859aa-2ec1-4eb6-9b3f-6a4153623a42.jpg in SourceAssetDB has modification time of '2026-05-26T15:24:44.1103553Z' while content on disk has modification time of '2026-05-26T15:27:47.1721077Z'
  ERROR: Build asset version error: assets/00_project/generatedcharacters/mocking/character/npc_3_rigged.fbm/normalgl_111859aa-2ec1-4eb6-9b3f-6a4153623a42.jpg in SourceAssetDB has modification time of '2026-05-26T15:24:44.1103553Z' while content on disk has modification time of '2026-05-26T15:27:47.1721077Z'
Number of updated asset objects reloaded before import = 0Number of asset objects unloaded after import = 0

========================================================================
Received Import Request.
  Time since last request: 0.000024 seconds.
  path: Assets/00_Project/GeneratedCharacters/mocking/character/npc_3_rigged.fbm/Color_111859aa-2ec1-4eb6-9b3f-6a4153623a42.jpg
  artifactKey: Guid(10a4a4cdb3bcfac4c9f807f6798deb88) Importer(815301076,1909f56bfc062723c751e8b465ee728b)
Start importing Assets/00_Project/GeneratedCharacters/mocking/character/npc_3_rigged.fbm/Color_111859aa-2ec1-4eb6-9b3f-6a4153623a42.jpg using Guid(10a4a4cdb3bcfac4c9f807f6798deb88) Importer(815301076,1909f56bfc062723c751e8b465ee728b) (PreviewImporter) -> (artifact id: '00000000000000000000000000000000') in 0.0290129 seconds
Import Error Code:(4)
Message: Build asset version error: assets/00_project/generatedcharacters/mocking/character/npc_3_rigged.fbm/color_111859aa-2ec1-4eb6-9b3f-6a4153623a42.jpg in SourceAssetDB has modification time of '2026-05-26T15:24:44.1103553Z' while content on disk has modification time of '2026-05-26T15:27:47.1716014Z'
  ERROR: Build asset version error: assets/00_project/generatedcharacters/mocking/character/npc_3_rigged.fbm/color_111859aa-2ec1-4eb6-9b3f-6a4153623a42.jpg in SourceAssetDB has modification time of '2026-05-26T15:24:44.1103553Z' while content on disk has modification time of '2026-05-26T15:27:47.1716014Z'
Number of updated asset objects reloaded before import = 0Number of asset objects unloaded after import = 0

========================================================================
Received Import Request.
  Time since last request: 0.000020 seconds.
  path: Assets/00_Project/GeneratedCharacters/mocking/character/npc_3_rigged.fbm/NormalGL_111859aa-2ec1-4eb6-9b3f-6a4153623a42.jpg
  artifactKey: Guid(e19a21a20e6adcf478ad20c447539190) Importer(815301076,1909f56bfc062723c751e8b465ee728b)
Start importing Assets/00_Project/GeneratedCharacters/mocking/character/npc_3_rigged.fbm/NormalGL_111859aa-2ec1-4eb6-9b3f-6a4153623a42.jpg using Guid(e19a21a20e6adcf478ad20c447539190) Importer(815301076,1909f56bfc062723c751e8b465ee728b) (PreviewImporter) -> (artifact id: '00000000000000000000000000000000') in 0.0304633 seconds
Import Error Code:(4)
Message: Build asset version error: assets/00_project/generatedcharacters/mocking/character/npc_3_rigged.fbm/normalgl_111859aa-2ec1-4eb6-9b3f-6a4153623a42.jpg in SourceAssetDB has modification time of '2026-05-26T15:24:44.1103553Z' while content on disk has modification time of '2026-05-26T15:27:47.1721077Z'
  ERROR: Build asset version error: assets/00_project/generatedcharacters/mocking/character/npc_3_rigged.fbm/normalgl_111859aa-2ec1-4eb6-9b3f-6a4153623a42.jpg in SourceAssetDB has modification time of '2026-05-26T15:24:44.1103553Z' while content on disk has modification time of '2026-05-26T15:27:47.1721077Z'
Number of updated asset objects reloaded before import = 0Number of asset objects unloaded after import = 0

========================================================================
Received Import Request.
  Time since last request: 0.000028 seconds.
  path: Assets/00_Project/GeneratedCharacters/mocking/character/npc_3_rigged.fbm/Color_111859aa-2ec1-4eb6-9b3f-6a4153623a42.jpg
  artifactKey: Guid(10a4a4cdb3bcfac4c9f807f6798deb88) Importer(815301076,1909f56bfc062723c751e8b465ee728b)
Start importing Assets/00_Project/GeneratedCharacters/mocking/character/npc_3_rigged.fbm/Color_111859aa-2ec1-4eb6-9b3f-6a4153623a42.jpg using Guid(10a4a4cdb3bcfac4c9f807f6798deb88) Importer(815301076,1909f56bfc062723c751e8b465ee728b) (PreviewImporter) -> (artifact id: '00000000000000000000000000000000') in 0.029371 seconds
Import Error Code:(4)
Message: Build asset version error: assets/00_project/generatedcharacters/mocking/character/npc_3_rigged.fbm/color_111859aa-2ec1-4eb6-9b3f-6a4153623a42.jpg in SourceAssetDB has modification time of '2026-05-26T15:24:44.1103553Z' while content on disk has modification time of '2026-05-26T15:27:47.1716014Z'
  ERROR: Build asset version error: assets/00_project/generatedcharacters/mocking/character/npc_3_rigged.fbm/color_111859aa-2ec1-4eb6-9b3f-6a4153623a42.jpg in SourceAssetDB has modification time of '2026-05-26T15:24:44.1103553Z' while content on disk has modification time of '2026-05-26T15:27:47.1716014Z'
Number of updated asset objects reloaded before import = 0Number of asset objects unloaded after import = 0

========================================================================
Received Import Request.
  Time since last request: 0.000020 seconds.
  path: Assets/00_Project/GeneratedCharacters/mocking/character/npc_3_rigged.fbm/temp_ORM_111859aa-2ec1-4eb6-9b3f-6a4153623a42_Metallic.jpg
  artifactKey: Guid(6095e6e900acffe45a3da568f0a57422) Importer(815301076,1909f56bfc062723c751e8b465ee728b)
Start importing Assets/00_Project/GeneratedCharacters/mocking/character/npc_3_rigged.fbm/temp_ORM_111859aa-2ec1-4eb6-9b3f-6a4153623a42_Metallic.jpg using Guid(6095e6e900acffe45a3da568f0a57422) Importer(815301076,1909f56bfc062723c751e8b465ee728b) (PreviewImporter) -> (artifact id: '00000000000000000000000000000000') in 0.0304398 seconds
Import Error Code:(4)
Message: Build asset version error: assets/00_project/generatedcharacters/mocking/character/npc_3_rigged.fbm/temp_orm_111859aa-2ec1-4eb6-9b3f-6a4153623a42_metallic.jpg in SourceAssetDB has modification time of '2026-05-26T15:24:44.1133605Z' while content on disk has modification time of '2026-05-26T15:27:47.1741348Z'
  ERROR: Build asset version error: assets/00_project/generatedcharacters/mocking/character/npc_3_rigged.fbm/temp_orm_111859aa-2ec1-4eb6-9b3f-6a4153623a42_metallic.jpg in SourceAssetDB has modification time of '2026-05-26T15:24:44.1133605Z' while content on disk has modification time of '2026-05-26T15:27:47.1741348Z'
Number of updated asset objects reloaded before import = 0Number of asset objects unloaded after import = 0

========================================================================
Received Import Request.
  Time since last request: 0.000017 seconds.
  path: Assets/00_Project/GeneratedCharacters/mocking/character/npc_3_rigged.fbm/Color_111859aa-2ec1-4eb6-9b3f-6a4153623a42.jpg
  artifactKey: Guid(10a4a4cdb3bcfac4c9f807f6798deb88) Importer(815301076,1909f56bfc062723c751e8b465ee728b)
Start importing Assets/00_Project/GeneratedCharacters/mocking/character/npc_3_rigged.fbm/Color_111859aa-2ec1-4eb6-9b3f-6a4153623a42.jpg using Guid(10a4a4cdb3bcfac4c9f807f6798deb88) Importer(815301076,1909f56bfc062723c751e8b465ee728b) (PreviewImporter) -> (artifact id: '00000000000000000000000000000000') in 0.0286292 seconds
Import Error Code:(4)
Message: Build asset version error: assets/00_project/generatedcharacters/mocking/character/npc_3_rigged.fbm/color_111859aa-2ec1-4eb6-9b3f-6a4153623a42.jpg in SourceAssetDB has modification time of '2026-05-26T15:24:44.1103553Z' while content on disk has modification time of '2026-05-26T15:27:47.1716014Z'
  ERROR: Build asset version error: assets/00_project/generatedcharacters/mocking/character/npc_3_rigged.fbm/color_111859aa-2ec1-4eb6-9b3f-6a4153623a42.jpg in SourceAssetDB has modification time of '2026-05-26T15:24:44.1103553Z' while content on disk has modification time of '2026-05-26T15:27:47.1716014Z'
Number of updated asset objects reloaded before import = 0Number of asset objects unloaded after import = 0

========================================================================
Received Import Request.
  Time since last request: 0.000021 seconds.
  path: Assets/00_Project/GeneratedCharacters/mocking/character/npc_3_rigged.fbm/NormalGL_111859aa-2ec1-4eb6-9b3f-6a4153623a42.jpg
  artifactKey: Guid(e19a21a20e6adcf478ad20c447539190) Importer(815301076,1909f56bfc062723c751e8b465ee728b)
Start importing Assets/00_Project/GeneratedCharacters/mocking/character/npc_3_rigged.fbm/NormalGL_111859aa-2ec1-4eb6-9b3f-6a4153623a42.jpg using Guid(e19a21a20e6adcf478ad20c447539190) Importer(815301076,1909f56bfc062723c751e8b465ee728b) (PreviewImporter) -> (artifact id: '00000000000000000000000000000000') in 0.0300688 seconds
Import Error Code:(4)
Message: Build asset version error: assets/00_project/generatedcharacters/mocking/character/npc_3_rigged.fbm/normalgl_111859aa-2ec1-4eb6-9b3f-6a4153623a42.jpg in SourceAssetDB has modification time of '2026-05-26T15:24:44.1103553Z' while content on disk has modification time of '2026-05-26T15:27:47.1721077Z'
  ERROR: Build asset version error: assets/00_project/generatedcharacters/mocking/character/npc_3_rigged.fbm/normalgl_111859aa-2ec1-4eb6-9b3f-6a4153623a42.jpg in SourceAssetDB has modification time of '2026-05-26T15:24:44.1103553Z' while content on disk has modification time of '2026-05-26T15:27:47.1721077Z'
Number of updated asset objects reloaded before import = 0Number of asset objects unloaded after import = 0

========================================================================
Received Import Request.
  Time since last request: 0.000027 seconds.
  path: Assets/00_Project/GeneratedCharacters/mocking/character/npc_3_rigged.fbm/Color_111859aa-2ec1-4eb6-9b3f-6a4153623a42.jpg
  artifactKey: Guid(10a4a4cdb3bcfac4c9f807f6798deb88) Importer(815301076,1909f56bfc062723c751e8b465ee728b)
Start importing Assets/00_Project/GeneratedCharacters/mocking/character/npc_3_rigged.fbm/Color_111859aa-2ec1-4eb6-9b3f-6a4153623a42.jpg using Guid(10a4a4cdb3bcfac4c9f807f6798deb88) Importer(815301076,1909f56bfc062723c751e8b465ee728b) (PreviewImporter) -> (artifact id: '00000000000000000000000000000000') in 0.0308023 seconds
Import Error Code:(4)
Message: Build asset version error: assets/00_project/generatedcharacters/mocking/character/npc_3_rigged.fbm/color_111859aa-2ec1-4eb6-9b3f-6a4153623a42.jpg in SourceAssetDB has modification time of '2026-05-26T15:24:44.1103553Z' while content on disk has modification time of '2026-05-26T15:27:47.1716014Z'
  ERROR: Build asset version error: assets/00_project/generatedcharacters/mocking/character/npc_3_rigged.fbm/color_111859aa-2ec1-4eb6-9b3f-6a4153623a42.jpg in SourceAssetDB has modification time of '2026-05-26T15:24:44.1103553Z' while content on disk has modification time of '2026-05-26T15:27:47.1716014Z'
Number of updated asset objects reloaded before import = 0Number of asset objects unloaded after import = 0

========================================================================
Received Import Request.
  Time since last request: 0.000018 seconds.
  path: Assets/00_Project/GeneratedCharacters/mocking/character/npc_3_rigged.fbm/NormalGL_111859aa-2ec1-4eb6-9b3f-6a4153623a42.jpg
  artifactKey: Guid(e19a21a20e6adcf478ad20c447539190) Importer(815301076,1909f56bfc062723c751e8b465ee728b)
Start importing Assets/00_Project/GeneratedCharacters/mocking/character/npc_3_rigged.fbm/NormalGL_111859aa-2ec1-4eb6-9b3f-6a4153623a42.jpg using Guid(e19a21a20e6adcf478ad20c447539190) Importer(815301076,1909f56bfc062723c751e8b465ee728b) (PreviewImporter) -> (artifact id: '00000000000000000000000000000000') in 0.0303115 seconds
Import Error Code:(4)
Message: Build asset version error: assets/00_project/generatedcharacters/mocking/character/npc_3_rigged.fbm/normalgl_111859aa-2ec1-4eb6-9b3f-6a4153623a42.jpg in SourceAssetDB has modification time of '2026-05-26T15:24:44.1103553Z' while content on disk has modification time of '2026-05-26T15:27:47.1721077Z'
  ERROR: Build asset version error: assets/00_project/generatedcharacters/mocking/character/npc_3_rigged.fbm/normalgl_111859aa-2ec1-4eb6-9b3f-6a4153623a42.jpg in SourceAssetDB has modification time of '2026-05-26T15:24:44.1103553Z' while content on disk has modification time of '2026-05-26T15:27:47.1721077Z'
Number of updated asset objects reloaded before import = 0Number of asset objects unloaded after import = 0

========================================================================
Received Import Request.
  Time since last request: 0.000020 seconds.
  path: Assets/00_Project/GeneratedCharacters/mocking/character/npc_3_rigged.fbm/Color_111859aa-2ec1-4eb6-9b3f-6a4153623a42.jpg
  artifactKey: Guid(10a4a4cdb3bcfac4c9f807f6798deb88) Importer(815301076,1909f56bfc062723c751e8b465ee728b)
Start importing Assets/00_Project/GeneratedCharacters/mocking/character/npc_3_rigged.fbm/Color_111859aa-2ec1-4eb6-9b3f-6a4153623a42.jpg using Guid(10a4a4cdb3bcfac4c9f807f6798deb88) Importer(815301076,1909f56bfc062723c751e8b465ee728b) (PreviewImporter) -> (artifact id: '00000000000000000000000000000000') in 0.029409 seconds
Import Error Code:(4)
Message: Build asset version error: assets/00_project/generatedcharacters/mocking/character/npc_3_rigged.fbm/color_111859aa-2ec1-4eb6-9b3f-6a4153623a42.jpg in SourceAssetDB has modification time of '2026-05-26T15:24:44.1103553Z' while content on disk has modification time of '2026-05-26T15:27:47.1716014Z'
  ERROR: Build asset version error: assets/00_project/generatedcharacters/mocking/character/npc_3_rigged.fbm/color_111859aa-2ec1-4eb6-9b3f-6a4153623a42.jpg in SourceAssetDB has modification time of '2026-05-26T15:24:44.1103553Z' while content on disk has modification time of '2026-05-26T15:27:47.1716014Z'
Number of updated asset objects reloaded before import = 0Number of asset objects unloaded after import = 0

========================================================================
Received Import Request.
  Time since last request: 0.000022 seconds.
  path: Assets/00_Project/GeneratedCharacters/mocking/character/npc_3_rigged.fbm/NormalGL_111859aa-2ec1-4eb6-9b3f-6a4153623a42.jpg
  artifactKey: Guid(e19a21a20e6adcf478ad20c447539190) Importer(815301076,1909f56bfc062723c751e8b465ee728b)
Start importing Assets/00_Project/GeneratedCharacters/mocking/character/npc_3_rigged.fbm/NormalGL_111859aa-2ec1-4eb6-9b3f-6a4153623a42.jpg using Guid(e19a21a20e6adcf478ad20c447539190) Importer(815301076,1909f56bfc062723c751e8b465ee728b) (PreviewImporter) -> (artifact id: '00000000000000000000000000000000') in 0.0281832 seconds
Import Error Code:(4)
Message: Build asset version error: assets/00_project/generatedcharacters/mocking/character/npc_3_rigged.fbm/normalgl_111859aa-2ec1-4eb6-9b3f-6a4153623a42.jpg in SourceAssetDB has modification time of '2026-05-26T15:24:44.1103553Z' while content on disk has modification time of '2026-05-26T15:27:47.1721077Z'
  ERROR: Build asset version error: assets/00_project/generatedcharacters/mocking/character/npc_3_rigged.fbm/normalgl_111859aa-2ec1-4eb6-9b3f-6a4153623a42.jpg in SourceAssetDB has modification time of '2026-05-26T15:24:44.1103553Z' while content on disk has modification time of '2026-05-26T15:27:47.1721077Z'
Number of updated asset objects reloaded before import = 0Number of asset objects unloaded after import = 0

========================================================================
Received Import Request.
  Time since last request: 0.000026 seconds.
  path: Assets/00_Project/GeneratedCharacters/mocking/character/npc_3_rigged.fbm/Color_111859aa-2ec1-4eb6-9b3f-6a4153623a42.jpg
  artifactKey: Guid(10a4a4cdb3bcfac4c9f807f6798deb88) Importer(815301076,1909f56bfc062723c751e8b465ee728b)
Start importing Assets/00_Project/GeneratedCharacters/mocking/character/npc_3_rigged.fbm/Color_111859aa-2ec1-4eb6-9b3f-6a4153623a42.jpg using Guid(10a4a4cdb3bcfac4c9f807f6798deb88) Importer(815301076,1909f56bfc062723c751e8b465ee728b) (PreviewImporter) -> (artifact id: '00000000000000000000000000000000') in 0.0276024 seconds
Import Error Code:(4)
Message: Build asset version error: assets/00_project/generatedcharacters/mocking/character/npc_3_rigged.fbm/color_111859aa-2ec1-4eb6-9b3f-6a4153623a42.jpg in SourceAssetDB has modification time of '2026-05-26T15:24:44.1103553Z' while content on disk has modification time of '2026-05-26T15:27:47.1716014Z'
  ERROR: Build asset version error: assets/00_project/generatedcharacters/mocking/character/npc_3_rigged.fbm/color_111859aa-2ec1-4eb6-9b3f-6a4153623a42.jpg in SourceAssetDB has modification time of '2026-05-26T15:24:44.1103553Z' while content on disk has modification time of '2026-05-26T15:27:47.1716014Z'
Number of updated asset objects reloaded before import = 0Number of asset objects unloaded after import = 0

========================================================================
Received Import Request.
  Time since last request: 0.000018 seconds.
  path: Assets/00_Project/GeneratedCharacters/mocking/character/npc_3_rigged.fbm/NormalGL_111859aa-2ec1-4eb6-9b3f-6a4153623a42.jpg
  artifactKey: Guid(e19a21a20e6adcf478ad20c447539190) Importer(815301076,1909f56bfc062723c751e8b465ee728b)
Start importing Assets/00_Project/GeneratedCharacters/mocking/character/npc_3_rigged.fbm/NormalGL_111859aa-2ec1-4eb6-9b3f-6a4153623a42.jpg using Guid(e19a21a20e6adcf478ad20c447539190) Importer(815301076,1909f56bfc062723c751e8b465ee728b) (PreviewImporter) -> (artifact id: '00000000000000000000000000000000') in 0.0292001 seconds
Import Error Code:(4)
Message: Build asset version error: assets/00_project/generatedcharacters/mocking/character/npc_3_rigged.fbm/normalgl_111859aa-2ec1-4eb6-9b3f-6a4153623a42.jpg in SourceAssetDB has modification time of '2026-05-26T15:24:44.1103553Z' while content on disk has modification time of '2026-05-26T15:27:47.1721077Z'
  ERROR: Build asset version error: assets/00_project/generatedcharacters/mocking/character/npc_3_rigged.fbm/normalgl_111859aa-2ec1-4eb6-9b3f-6a4153623a42.jpg in SourceAssetDB has modification time of '2026-05-26T15:24:44.1103553Z' while content on disk has modification time of '2026-05-26T15:27:47.1721077Z'
Number of updated asset objects reloaded before import = 0Number of asset objects unloaded after import = 0

========================================================================
Received Import Request.
  Time since last request: 0.000017 seconds.
  path: Assets/00_Project/GeneratedCharacters/mocking/character/npc_3_rigged.fbm/temp_ORM_111859aa-2ec1-4eb6-9b3f-6a4153623a42_Metallic.jpg
  artifactKey: Guid(6095e6e900acffe45a3da568f0a57422) Importer(815301076,1909f56bfc062723c751e8b465ee728b)
Start importing Assets/00_Project/GeneratedCharacters/mocking/character/npc_3_rigged.fbm/temp_ORM_111859aa-2ec1-4eb6-9b3f-6a4153623a42_Metallic.jpg using Guid(6095e6e900acffe45a3da568f0a57422) Importer(815301076,1909f56bfc062723c751e8b465ee728b) (PreviewImporter) -> (artifact id: '00000000000000000000000000000000') in 0.0311607 seconds
Import Error Code:(4)
Message: Build asset version error: assets/00_project/generatedcharacters/mocking/character/npc_3_rigged.fbm/temp_orm_111859aa-2ec1-4eb6-9b3f-6a4153623a42_metallic.jpg in SourceAssetDB has modification time of '2026-05-26T15:24:44.1133605Z' while content on disk has modification time of '2026-05-26T15:27:47.1741348Z'
  ERROR: Build asset version error: assets/00_project/generatedcharacters/mocking/character/npc_3_rigged.fbm/temp_orm_111859aa-2ec1-4eb6-9b3f-6a4153623a42_metallic.jpg in SourceAssetDB has modification time of '2026-05-26T15:24:44.1133605Z' while content on disk has modification time of '2026-05-26T15:27:47.1741348Z'
Number of updated asset objects reloaded before import = 0Number of asset objects unloaded after import = 0

========================================================================
Received Import Request.
  Time since last request: 0.000019 seconds.
  path: Assets/00_Project/GeneratedCharacters/mocking/character/npc_3_rigged.fbm/Color_111859aa-2ec1-4eb6-9b3f-6a4153623a42.jpg
  artifactKey: Guid(10a4a4cdb3bcfac4c9f807f6798deb88) Importer(815301076,1909f56bfc062723c751e8b465ee728b)
Start importing Assets/00_Project/GeneratedCharacters/mocking/character/npc_3_rigged.fbm/Color_111859aa-2ec1-4eb6-9b3f-6a4153623a42.jpg using Guid(10a4a4cdb3bcfac4c9f807f6798deb88) Importer(815301076,1909f56bfc062723c751e8b465ee728b) (PreviewImporter) -> (artifact id: '00000000000000000000000000000000') in 0.0296823 seconds
Import Error Code:(4)
Message: Build asset version error: assets/00_project/generatedcharacters/mocking/character/npc_3_rigged.fbm/color_111859aa-2ec1-4eb6-9b3f-6a4153623a42.jpg in SourceAssetDB has modification time of '2026-05-26T15:24:44.1103553Z' while content on disk has modification time of '2026-05-26T15:27:47.1716014Z'
  ERROR: Build asset version error: assets/00_project/generatedcharacters/mocking/character/npc_3_rigged.fbm/color_111859aa-2ec1-4eb6-9b3f-6a4153623a42.jpg in SourceAssetDB has modification time of '2026-05-26T15:24:44.1103553Z' while content on disk has modification time of '2026-05-26T15:27:47.1716014Z'
Number of updated asset objects reloaded before import = 0Number of asset objects unloaded after import = 0

========================================================================
Received Import Request.
  Time since last request: 0.000025 seconds.
  path: Assets/00_Project/GeneratedCharacters/mocking/character/npc_3_rigged.fbm/temp_ORM_111859aa-2ec1-4eb6-9b3f-6a4153623a42_Metallic.jpg
  artifactKey: Guid(6095e6e900acffe45a3da568f0a57422) Importer(815301076,1909f56bfc062723c751e8b465ee728b)
Start importing Assets/00_Project/GeneratedCharacters/mocking/character/npc_3_rigged.fbm/temp_ORM_111859aa-2ec1-4eb6-9b3f-6a4153623a42_Metallic.jpg using Guid(6095e6e900acffe45a3da568f0a57422) Importer(815301076,1909f56bfc062723c751e8b465ee728b) (PreviewImporter) -> (artifact id: '00000000000000000000000000000000') in 0.0315462 seconds
Import Error Code:(4)
Message: Build asset version error: assets/00_project/generatedcharacters/mocking/character/npc_3_rigged.fbm/temp_orm_111859aa-2ec1-4eb6-9b3f-6a4153623a42_metallic.jpg in SourceAssetDB has modification time of '2026-05-26T15:24:44.1133605Z' while content on disk has modification time of '2026-05-26T15:27:47.1741348Z'
  ERROR: Build asset version error: assets/00_project/generatedcharacters/mocking/character/npc_3_rigged.fbm/temp_orm_111859aa-2ec1-4eb6-9b3f-6a4153623a42_metallic.jpg in SourceAssetDB has modification time of '2026-05-26T15:24:44.1133605Z' while content on disk has modification time of '2026-05-26T15:27:47.1741348Z'
Number of updated asset objects reloaded before import = 0Number of asset objects unloaded after import = 0

========================================================================
Received Import Request.
  Time since last request: 0.000018 seconds.
  path: Assets/00_Project/GeneratedCharacters/mocking/character/npc_3_rigged.fbm/NormalGL_111859aa-2ec1-4eb6-9b3f-6a4153623a42.jpg
  artifactKey: Guid(e19a21a20e6adcf478ad20c447539190) Importer(815301076,1909f56bfc062723c751e8b465ee728b)
Start importing Assets/00_Project/GeneratedCharacters/mocking/character/npc_3_rigged.fbm/NormalGL_111859aa-2ec1-4eb6-9b3f-6a4153623a42.jpg using Guid(e19a21a20e6adcf478ad20c447539190) Importer(815301076,1909f56bfc062723c751e8b465ee728b) (PreviewImporter) -> (artifact id: '00000000000000000000000000000000') in 0.030696 seconds
Import Error Code:(4)
Message: Build asset version error: assets/00_project/generatedcharacters/mocking/character/npc_3_rigged.fbm/normalgl_111859aa-2ec1-4eb6-9b3f-6a4153623a42.jpg in SourceAssetDB has modification time of '2026-05-26T15:24:44.1103553Z' while content on disk has modification time of '2026-05-26T15:27:47.1721077Z'
  ERROR: Build asset version error: assets/00_project/generatedcharacters/mocking/character/npc_3_rigged.fbm/normalgl_111859aa-2ec1-4eb6-9b3f-6a4153623a42.jpg in SourceAssetDB has modification time of '2026-05-26T15:24:44.1103553Z' while content on disk has modification time of '2026-05-26T15:27:47.1721077Z'
Number of updated asset objects reloaded before import = 0Number of asset objects unloaded after import = 0

========================================================================
Received Import Request.
  Time since last request: 0.000019 seconds.
  path: Assets/00_Project/GeneratedCharacters/mocking/character/npc_3_rigged.fbm/temp_ORM_111859aa-2ec1-4eb6-9b3f-6a4153623a42_Metallic.jpg
  artifactKey: Guid(6095e6e900acffe45a3da568f0a57422) Importer(815301076,1909f56bfc062723c751e8b465ee728b)
Start importing Assets/00_Project/GeneratedCharacters/mocking/character/npc_3_rigged.fbm/temp_ORM_111859aa-2ec1-4eb6-9b3f-6a4153623a42_Metallic.jpg using Guid(6095e6e900acffe45a3da568f0a57422) Importer(815301076,1909f56bfc062723c751e8b465ee728b) (PreviewImporter) -> (artifact id: '00000000000000000000000000000000') in 0.0307788 seconds
Import Error Code:(4)
Message: Build asset version error: assets/00_project/generatedcharacters/mocking/character/npc_3_rigged.fbm/temp_orm_111859aa-2ec1-4eb6-9b3f-6a4153623a42_metallic.jpg in SourceAssetDB has modification time of '2026-05-26T15:24:44.1133605Z' while content on disk has modification time of '2026-05-26T15:27:47.1741348Z'
  ERROR: Build asset version error: assets/00_project/generatedcharacters/mocking/character/npc_3_rigged.fbm/temp_orm_111859aa-2ec1-4eb6-9b3f-6a4153623a42_metallic.jpg in SourceAssetDB has modification time of '2026-05-26T15:24:44.1133605Z' while content on disk has modification time of '2026-05-26T15:27:47.1741348Z'
Number of updated asset objects reloaded before import = 0Number of asset objects unloaded after import = 0

========================================================================
Received Import Request.
  Time since last request: 0.000021 seconds.
  path: Assets/00_Project/GeneratedCharacters/mocking/character/npc_3_rigged.fbm/temp_ORM_111859aa-2ec1-4eb6-9b3f-6a4153623a42_Roughness.jpg
  artifactKey: Guid(58d39ca4cc3414e42be20fc44c5f04de) Importer(815301076,1909f56bfc062723c751e8b465ee728b)
Start importing Assets/00_Project/GeneratedCharacters/mocking/character/npc_3_rigged.fbm/temp_ORM_111859aa-2ec1-4eb6-9b3f-6a4153623a42_Roughness.jpg using Guid(58d39ca4cc3414e42be20fc44c5f04de) Importer(815301076,1909f56bfc062723c751e8b465ee728b) (PreviewImporter) -> (artifact id: '00000000000000000000000000000000') in 0.0303653 seconds
Import Error Code:(4)
Message: Build asset version error: assets/00_project/generatedcharacters/mocking/character/npc_3_rigged.fbm/temp_orm_111859aa-2ec1-4eb6-9b3f-6a4153623a42_roughness.jpg in SourceAssetDB has modification time of '2026-05-26T15:24:44.1118576Z' while content on disk has modification time of '2026-05-26T15:27:47.173113Z'
  ERROR: Build asset version error: assets/00_project/generatedcharacters/mocking/character/npc_3_rigged.fbm/temp_orm_111859aa-2ec1-4eb6-9b3f-6a4153623a42_roughness.jpg in SourceAssetDB has modification time of '2026-05-26T15:24:44.1118576Z' while content on disk has modification time of '2026-05-26T15:27:47.173113Z'
Number of updated asset objects reloaded before import = 0Number of asset objects unloaded after import = 0

========================================================================
Received Import Request.
  Time since last request: 0.000029 seconds.
  path: Assets/00_Project/GeneratedCharacters/mocking/character/npc_3_rigged.fbm/NormalGL_111859aa-2ec1-4eb6-9b3f-6a4153623a42.jpg
  artifactKey: Guid(e19a21a20e6adcf478ad20c447539190) Importer(815301076,1909f56bfc062723c751e8b465ee728b)
Start importing Assets/00_Project/GeneratedCharacters/mocking/character/npc_3_rigged.fbm/NormalGL_111859aa-2ec1-4eb6-9b3f-6a4153623a42.jpg using Guid(e19a21a20e6adcf478ad20c447539190) Importer(815301076,1909f56bfc062723c751e8b465ee728b) (PreviewImporter) -> (artifact id: '00000000000000000000000000000000') in 0.0299942 seconds
Import Error Code:(4)
Message: Build asset version error: assets/00_project/generatedcharacters/mocking/character/npc_3_rigged.fbm/normalgl_111859aa-2ec1-4eb6-9b3f-6a4153623a42.jpg in SourceAssetDB has modification time of '2026-05-26T15:24:44.1103553Z' while content on disk has modification time of '2026-05-26T15:27:47.1721077Z'
  ERROR: Build asset version error: assets/00_project/generatedcharacters/mocking/character/npc_3_rigged.fbm/normalgl_111859aa-2ec1-4eb6-9b3f-6a4153623a42.jpg in SourceAssetDB has modification time of '2026-05-26T15:24:44.1103553Z' while content on disk has modification time of '2026-05-26T15:27:47.1721077Z'
Number of updated asset objects reloaded before import = 0Number of asset objects unloaded after import = 0

========================================================================
Received Import Request.
  Time since last request: 0.000017 seconds.
  path: Assets/00_Project/GeneratedCharacters/mocking/character/npc_3_rigged.fbm/Color_111859aa-2ec1-4eb6-9b3f-6a4153623a42.jpg
  artifactKey: Guid(10a4a4cdb3bcfac4c9f807f6798deb88) Importer(815301076,1909f56bfc062723c751e8b465ee728b)
Start importing Assets/00_Project/GeneratedCharacters/mocking/character/npc_3_rigged.fbm/Color_111859aa-2ec1-4eb6-9b3f-6a4153623a42.jpg using Guid(10a4a4cdb3bcfac4c9f807f6798deb88) Importer(815301076,1909f56bfc062723c751e8b465ee728b) (PreviewImporter) -> (artifact id: '00000000000000000000000000000000') in 0.0291379 seconds
Import Error Code:(4)
Message: Build asset version error: assets/00_project/generatedcharacters/mocking/character/npc_3_rigged.fbm/color_111859aa-2ec1-4eb6-9b3f-6a4153623a42.jpg in SourceAssetDB has modification time of '2026-05-26T15:24:44.1103553Z' while content on disk has modification time of '2026-05-26T15:27:47.1716014Z'
  ERROR: Build asset version error: assets/00_project/generatedcharacters/mocking/character/npc_3_rigged.fbm/color_111859aa-2ec1-4eb6-9b3f-6a4153623a42.jpg in SourceAssetDB has modification time of '2026-05-26T15:24:44.1103553Z' while content on disk has modification time of '2026-05-26T15:27:47.1716014Z'
Number of updated asset objects reloaded before import = 0Number of asset objects unloaded after import = 0

========================================================================
Received Import Request.
  Time since last request: 0.000015 seconds.
  path: Assets/00_Project/GeneratedCharacters/mocking/character/npc_3_rigged.fbm/temp_ORM_111859aa-2ec1-4eb6-9b3f-6a4153623a42_Metallic.jpg
  artifactKey: Guid(6095e6e900acffe45a3da568f0a57422) Importer(815301076,1909f56bfc062723c751e8b465ee728b)
Start importing Assets/00_Project/GeneratedCharacters/mocking/character/npc_3_rigged.fbm/temp_ORM_111859aa-2ec1-4eb6-9b3f-6a4153623a42_Metallic.jpg using Guid(6095e6e900acffe45a3da568f0a57422) Importer(815301076,1909f56bfc062723c751e8b465ee728b) (PreviewImporter) -> (artifact id: '00000000000000000000000000000000') in 0.0313501 seconds
Import Error Code:(4)
Message: Build asset version error: assets/00_project/generatedcharacters/mocking/character/npc_3_rigged.fbm/temp_orm_111859aa-2ec1-4eb6-9b3f-6a4153623a42_metallic.jpg in SourceAssetDB has modification time of '2026-05-26T15:24:44.1133605Z' while content on disk has modification time of '2026-05-26T15:27:47.1741348Z'
  ERROR: Build asset version error: assets/00_project/generatedcharacters/mocking/character/npc_3_rigged.fbm/temp_orm_111859aa-2ec1-4eb6-9b3f-6a4153623a42_metallic.jpg in SourceAssetDB has modification time of '2026-05-26T15:24:44.1133605Z' while content on disk has modification time of '2026-05-26T15:27:47.1741348Z'
Number of updated asset objects reloaded before import = 0Number of asset objects unloaded after import = 0

========================================================================
Received Import Request.
  Time since last request: 0.000024 seconds.
  path: Assets/00_Project/GeneratedCharacters/mocking/character/npc_3_rigged.fbm/temp_ORM_111859aa-2ec1-4eb6-9b3f-6a4153623a42_Roughness.jpg
  artifactKey: Guid(58d39ca4cc3414e42be20fc44c5f04de) Importer(815301076,1909f56bfc062723c751e8b465ee728b)
Start importing Assets/00_Project/GeneratedCharacters/mocking/character/npc_3_rigged.fbm/temp_ORM_111859aa-2ec1-4eb6-9b3f-6a4153623a42_Roughness.jpg using Guid(58d39ca4cc3414e42be20fc44c5f04de) Importer(815301076,1909f56bfc062723c751e8b465ee728b) (PreviewImporter) -> (artifact id: '00000000000000000000000000000000') in 0.0302971 seconds
Import Error Code:(4)
Message: Build asset version error: assets/00_project/generatedcharacters/mocking/character/npc_3_rigged.fbm/temp_orm_111859aa-2ec1-4eb6-9b3f-6a4153623a42_roughness.jpg in SourceAssetDB has modification time of '2026-05-26T15:24:44.1118576Z' while content on disk has modification time of '2026-05-26T15:27:47.173113Z'
  ERROR: Build asset version error: assets/00_project/generatedcharacters/mocking/character/npc_3_rigged.fbm/temp_orm_111859aa-2ec1-4eb6-9b3f-6a4153623a42_roughness.jpg in SourceAssetDB has modification time of '2026-05-26T15:24:44.1118576Z' while content on disk has modification time of '2026-05-26T15:27:47.173113Z'
Number of updated asset objects reloaded before import = 0Number of asset objects unloaded after import = 0

========================================================================
Received Import Request.
  Time since last request: 0.000027 seconds.
  path: Assets/00_Project/GeneratedCharacters/mocking/character/npc_3_rigged.fbm/temp_ORM_111859aa-2ec1-4eb6-9b3f-6a4153623a42_Metallic.jpg
  artifactKey: Guid(6095e6e900acffe45a3da568f0a57422) Importer(815301076,1909f56bfc062723c751e8b465ee728b)
Start importing Assets/00_Project/GeneratedCharacters/mocking/character/npc_3_rigged.fbm/temp_ORM_111859aa-2ec1-4eb6-9b3f-6a4153623a42_Metallic.jpg using Guid(6095e6e900acffe45a3da568f0a57422) Importer(815301076,1909f56bfc062723c751e8b465ee728b) (PreviewImporter) -> (artifact id: '00000000000000000000000000000000') in 0.0300844 seconds
Import Error Code:(4)
Message: Build asset version error: assets/00_project/generatedcharacters/mocking/character/npc_3_rigged.fbm/temp_orm_111859aa-2ec1-4eb6-9b3f-6a4153623a42_metallic.jpg in SourceAssetDB has modification time of '2026-05-26T15:24:44.1133605Z' while content on disk has modification time of '2026-05-26T15:27:47.1741348Z'
  ERROR: Build asset version error: assets/00_project/generatedcharacters/mocking/character/npc_3_rigged.fbm/temp_orm_111859aa-2ec1-4eb6-9b3f-6a4153623a42_metallic.jpg in SourceAssetDB has modification time of '2026-05-26T15:24:44.1133605Z' while content on disk has modification time of '2026-05-26T15:27:47.1741348Z'
Number of updated asset objects reloaded before import = 0Number of asset objects unloaded after import = 0

========================================================================
Received Import Request.
  Time since last request: 0.000018 seconds.
  path: Assets/00_Project/GeneratedCharacters/mocking/character/npc_3_rigged.fbm/temp_ORM_111859aa-2ec1-4eb6-9b3f-6a4153623a42_Roughness.jpg
  artifactKey: Guid(58d39ca4cc3414e42be20fc44c5f04de) Importer(815301076,1909f56bfc062723c751e8b465ee728b)
Start importing Assets/00_Project/GeneratedCharacters/mocking/character/npc_3_rigged.fbm/temp_ORM_111859aa-2ec1-4eb6-9b3f-6a4153623a42_Roughness.jpg using Guid(58d39ca4cc3414e42be20fc44c5f04de) Importer(815301076,1909f56bfc062723c751e8b465ee728b) (PreviewImporter) -> (artifact id: '00000000000000000000000000000000') in 0.0288762 seconds
Import Error Code:(4)
Message: Build asset version error: assets/00_project/generatedcharacters/mocking/character/npc_3_rigged.fbm/temp_orm_111859aa-2ec1-4eb6-9b3f-6a4153623a42_roughness.jpg in SourceAssetDB has modification time of '2026-05-26T15:24:44.1118576Z' while content on disk has modification time of '2026-05-26T15:27:47.173113Z'
  ERROR: Build asset version error: assets/00_project/generatedcharacters/mocking/character/npc_3_rigged.fbm/temp_orm_111859aa-2ec1-4eb6-9b3f-6a4153623a42_roughness.jpg in SourceAssetDB has modification time of '2026-05-26T15:24:44.1118576Z' while content on disk has modification time of '2026-05-26T15:27:47.173113Z'
Number of updated asset objects reloaded before import = 0Number of asset objects unloaded after import = 0

========================================================================
Received Import Request.
  Time since last request: 0.000017 seconds.
  path: Assets/00_Project/GeneratedCharacters/mocking/character/npc_3_rigged.fbm/Color_111859aa-2ec1-4eb6-9b3f-6a4153623a42.jpg
  artifactKey: Guid(10a4a4cdb3bcfac4c9f807f6798deb88) Importer(815301076,1909f56bfc062723c751e8b465ee728b)
Start importing Assets/00_Project/GeneratedCharacters/mocking/character/npc_3_rigged.fbm/Color_111859aa-2ec1-4eb6-9b3f-6a4153623a42.jpg using Guid(10a4a4cdb3bcfac4c9f807f6798deb88) Importer(815301076,1909f56bfc062723c751e8b465ee728b) (PreviewImporter) -> (artifact id: '00000000000000000000000000000000') in 0.0371101 seconds
Import Error Code:(4)
Message: Build asset version error: assets/00_project/generatedcharacters/mocking/character/npc_3_rigged.fbm/color_111859aa-2ec1-4eb6-9b3f-6a4153623a42.jpg in SourceAssetDB has modification time of '2026-05-26T15:24:44.1103553Z' while content on disk has modification time of '2026-05-26T15:27:47.1716014Z'
  ERROR: Build asset version error: assets/00_project/generatedcharacters/mocking/character/npc_3_rigged.fbm/color_111859aa-2ec1-4eb6-9b3f-6a4153623a42.jpg in SourceAssetDB has modification time of '2026-05-26T15:24:44.1103553Z' while content on disk has modification time of '2026-05-26T15:27:47.1716014Z'
Number of updated asset objects reloaded before import = 0Number of asset objects unloaded after import = 0

========================================================================
Received Import Request.
  Time since last request: 0.000021 seconds.
  path: Assets/00_Project/GeneratedCharacters/mocking/character/npc_3_rigged.fbm/temp_ORM_111859aa-2ec1-4eb6-9b3f-6a4153623a42_Metallic.jpg
  artifactKey: Guid(6095e6e900acffe45a3da568f0a57422) Importer(815301076,1909f56bfc062723c751e8b465ee728b)
Start importing Assets/00_Project/GeneratedCharacters/mocking/character/npc_3_rigged.fbm/temp_ORM_111859aa-2ec1-4eb6-9b3f-6a4153623a42_Metallic.jpg using Guid(6095e6e900acffe45a3da568f0a57422) Importer(815301076,1909f56bfc062723c751e8b465ee728b) (PreviewImporter) -> (artifact id: '00000000000000000000000000000000') in 0.0422017 seconds
Import Error Code:(4)
Message: Build asset version error: assets/00_project/generatedcharacters/mocking/character/npc_3_rigged.fbm/temp_orm_111859aa-2ec1-4eb6-9b3f-6a4153623a42_metallic.jpg in SourceAssetDB has modification time of '2026-05-26T15:24:44.1133605Z' while content on disk has modification time of '2026-05-26T15:27:47.1741348Z'
  ERROR: Build asset version error: assets/00_project/generatedcharacters/mocking/character/npc_3_rigged.fbm/temp_orm_111859aa-2ec1-4eb6-9b3f-6a4153623a42_metallic.jpg in SourceAssetDB has modification time of '2026-05-26T15:24:44.1133605Z' while content on disk has modification time of '2026-05-26T15:27:47.1741348Z'
Number of updated asset objects reloaded before import = 0Number of asset objects unloaded after import = 0

========================================================================
Received Import Request.
  Time since last request: 0.000030 seconds.
  path: Assets/00_Project/GeneratedCharacters/mocking/character/npc_3_rigged.fbm/NormalGL_111859aa-2ec1-4eb6-9b3f-6a4153623a42.jpg
  artifactKey: Guid(e19a21a20e6adcf478ad20c447539190) Importer(815301076,1909f56bfc062723c751e8b465ee728b)
Start importing Assets/00_Project/GeneratedCharacters/mocking/character/npc_3_rigged.fbm/NormalGL_111859aa-2ec1-4eb6-9b3f-6a4153623a42.jpg using Guid(e19a21a20e6adcf478ad20c447539190) Importer(815301076,1909f56bfc062723c751e8b465ee728b) (PreviewImporter) -> (artifact id: '00000000000000000000000000000000') in 0.0355832 seconds
Import Error Code:(4)
Message: Build asset version error: assets/00_project/generatedcharacters/mocking/character/npc_3_rigged.fbm/normalgl_111859aa-2ec1-4eb6-9b3f-6a4153623a42.jpg in SourceAssetDB has modification time of '2026-05-26T15:24:44.1103553Z' while content on disk has modification time of '2026-05-26T15:27:47.1721077Z'
  ERROR: Build asset version error: assets/00_project/generatedcharacters/mocking/character/npc_3_rigged.fbm/normalgl_111859aa-2ec1-4eb6-9b3f-6a4153623a42.jpg in SourceAssetDB has modification time of '2026-05-26T15:24:44.1103553Z' while content on disk has modification time of '2026-05-26T15:27:47.1721077Z'
Number of updated asset objects reloaded before import = 0Number of asset objects unloaded after import = 0

========================================================================
Received Import Request.
  Time since last request: 0.000017 seconds.
  path: Assets/00_Project/GeneratedCharacters/mocking/character/npc_3_rigged.fbm/temp_ORM_111859aa-2ec1-4eb6-9b3f-6a4153623a42_Roughness.jpg
  artifactKey: Guid(58d39ca4cc3414e42be20fc44c5f04de) Importer(815301076,1909f56bfc062723c751e8b465ee728b)
Start importing Assets/00_Project/GeneratedCharacters/mocking/character/npc_3_rigged.fbm/temp_ORM_111859aa-2ec1-4eb6-9b3f-6a4153623a42_Roughness.jpg using Guid(58d39ca4cc3414e42be20fc44c5f04de) Importer(815301076,1909f56bfc062723c751e8b465ee728b) (PreviewImporter) -> (artifact id: '00000000000000000000000000000000') in 0.0407897 seconds
Import Error Code:(4)
Message: Build asset version error: assets/00_project/generatedcharacters/mocking/character/npc_3_rigged.fbm/temp_orm_111859aa-2ec1-4eb6-9b3f-6a4153623a42_roughness.jpg in SourceAssetDB has modification time of '2026-05-26T15:24:44.1118576Z' while content on disk has modification time of '2026-05-26T15:27:47.173113Z'
  ERROR: Build asset version error: assets/00_project/generatedcharacters/mocking/character/npc_3_rigged.fbm/temp_orm_111859aa-2ec1-4eb6-9b3f-6a4153623a42_roughness.jpg in SourceAssetDB has modification time of '2026-05-26T15:24:44.1118576Z' while content on disk has modification time of '2026-05-26T15:27:47.173113Z'
Number of updated asset objects reloaded before import = 0Number of asset objects unloaded after import = 0

========================================================================
Received Import Request.
  Time since last request: 0.000017 seconds.
  path: Assets/00_Project/GeneratedCharacters/mocking/character/npc_3_rigged.fbm/NormalGL_111859aa-2ec1-4eb6-9b3f-6a4153623a42.jpg
  artifactKey: Guid(e19a21a20e6adcf478ad20c447539190) Importer(815301076,1909f56bfc062723c751e8b465ee728b)
Start importing Assets/00_Project/GeneratedCharacters/mocking/character/npc_3_rigged.fbm/NormalGL_111859aa-2ec1-4eb6-9b3f-6a4153623a42.jpg using Guid(e19a21a20e6adcf478ad20c447539190) Importer(815301076,1909f56bfc062723c751e8b465ee728b) (PreviewImporter) -> (artifact id: '00000000000000000000000000000000') in 0.0316365 seconds
Import Error Code:(4)
Message: Build asset version error: assets/00_project/generatedcharacters/mocking/character/npc_3_rigged.fbm/normalgl_111859aa-2ec1-4eb6-9b3f-6a4153623a42.jpg in SourceAssetDB has modification time of '2026-05-26T15:24:44.1103553Z' while content on disk has modification time of '2026-05-26T15:27:47.1721077Z'
  ERROR: Build asset version error: assets/00_project/generatedcharacters/mocking/character/npc_3_rigged.fbm/normalgl_111859aa-2ec1-4eb6-9b3f-6a4153623a42.jpg in SourceAssetDB has modification time of '2026-05-26T15:24:44.1103553Z' while content on disk has modification time of '2026-05-26T15:27:47.1721077Z'
Number of updated asset objects reloaded before import = 0Number of asset objects unloaded after import = 0

========================================================================
Received Import Request.
  Time since last request: 0.000022 seconds.
  path: Assets/00_Project/GeneratedCharacters/mocking/character/npc_3_rigged.fbm/temp_ORM_111859aa-2ec1-4eb6-9b3f-6a4153623a42_Metallic.jpg
  artifactKey: Guid(6095e6e900acffe45a3da568f0a57422) Importer(815301076,1909f56bfc062723c751e8b465ee728b)
Start importing Assets/00_Project/GeneratedCharacters/mocking/character/npc_3_rigged.fbm/temp_ORM_111859aa-2ec1-4eb6-9b3f-6a4153623a42_Metallic.jpg using Guid(6095e6e900acffe45a3da568f0a57422) Importer(815301076,1909f56bfc062723c751e8b465ee728b) (PreviewImporter) -> (artifact id: '00000000000000000000000000000000') in 0.0308067 seconds
Import Error Code:(4)
Message: Build asset version error: assets/00_project/generatedcharacters/mocking/character/npc_3_rigged.fbm/temp_orm_111859aa-2ec1-4eb6-9b3f-6a4153623a42_metallic.jpg in SourceAssetDB has modification time of '2026-05-26T15:24:44.1133605Z' while content on disk has modification time of '2026-05-26T15:27:47.1741348Z'
  ERROR: Build asset version error: assets/00_project/generatedcharacters/mocking/character/npc_3_rigged.fbm/temp_orm_111859aa-2ec1-4eb6-9b3f-6a4153623a42_metallic.jpg in SourceAssetDB has modification time of '2026-05-26T15:24:44.1133605Z' while content on disk has modification time of '2026-05-26T15:27:47.1741348Z'
Number of updated asset objects reloaded before import = 0Number of asset objects unloaded after import = 0

========================================================================
Received Import Request.
  Time since last request: 0.000028 seconds.
  path: Assets/00_Project/GeneratedCharacters/mocking/character/npc_3_rigged.fbm/Color_111859aa-2ec1-4eb6-9b3f-6a4153623a42.jpg
  artifactKey: Guid(10a4a4cdb3bcfac4c9f807f6798deb88) Importer(815301076,1909f56bfc062723c751e8b465ee728b)
Start importing Assets/00_Project/GeneratedCharacters/mocking/character/npc_3_rigged.fbm/Color_111859aa-2ec1-4eb6-9b3f-6a4153623a42.jpg using Guid(10a4a4cdb3bcfac4c9f807f6798deb88) Importer(815301076,1909f56bfc062723c751e8b465ee728b) (PreviewImporter) -> (artifact id: '00000000000000000000000000000000') in 0.0324788 seconds
Import Error Code:(4)
Message: Build asset version error: assets/00_project/generatedcharacters/mocking/character/npc_3_rigged.fbm/color_111859aa-2ec1-4eb6-9b3f-6a4153623a42.jpg in SourceAssetDB has modification time of '2026-05-26T15:24:44.1103553Z' while content on disk has modification time of '2026-05-26T15:27:47.1716014Z'
  ERROR: Build asset version error: assets/00_project/generatedcharacters/mocking/character/npc_3_rigged.fbm/color_111859aa-2ec1-4eb6-9b3f-6a4153623a42.jpg in SourceAssetDB has modification time of '2026-05-26T15:24:44.1103553Z' while content on disk has modification time of '2026-05-26T15:27:47.1716014Z'
Number of updated asset objects reloaded before import = 0Number of asset objects unloaded after import = 0

========================================================================
Received Import Request.
  Time since last request: 0.000019 seconds.
  path: Assets/00_Project/GeneratedCharacters/mocking/character/npc_3_rigged.fbm/temp_ORM_111859aa-2ec1-4eb6-9b3f-6a4153623a42_Metallic.jpg
  artifactKey: Guid(6095e6e900acffe45a3da568f0a57422) Importer(815301076,1909f56bfc062723c751e8b465ee728b)
Start importing Assets/00_Project/GeneratedCharacters/mocking/character/npc_3_rigged.fbm/temp_ORM_111859aa-2ec1-4eb6-9b3f-6a4153623a42_Metallic.jpg using Guid(6095e6e900acffe45a3da568f0a57422) Importer(815301076,1909f56bfc062723c751e8b465ee728b) (PreviewImporter) -> (artifact id: '00000000000000000000000000000000') in 0.0302858 seconds
Import Error Code:(4)
Message: Build asset version error: assets/00_project/generatedcharacters/mocking/character/npc_3_rigged.fbm/temp_orm_111859aa-2ec1-4eb6-9b3f-6a4153623a42_metallic.jpg in SourceAssetDB has modification time of '2026-05-26T15:24:44.1133605Z' while content on disk has modification time of '2026-05-26T15:27:47.1741348Z'
  ERROR: Build asset version error: assets/00_project/generatedcharacters/mocking/character/npc_3_rigged.fbm/temp_orm_111859aa-2ec1-4eb6-9b3f-6a4153623a42_metallic.jpg in SourceAssetDB has modification time of '2026-05-26T15:24:44.1133605Z' while content on disk has modification time of '2026-05-26T15:27:47.1741348Z'
Number of updated asset objects reloaded before import = 0Number of asset objects unloaded after import = 0

========================================================================
Received Import Request.
  Time since last request: 0.000018 seconds.
  path: Assets/00_Project/GeneratedCharacters/mocking/character/npc_3_rigged.fbm/Color_111859aa-2ec1-4eb6-9b3f-6a4153623a42.jpg
  artifactKey: Guid(10a4a4cdb3bcfac4c9f807f6798deb88) Importer(815301076,1909f56bfc062723c751e8b465ee728b)
Start importing Assets/00_Project/GeneratedCharacters/mocking/character/npc_3_rigged.fbm/Color_111859aa-2ec1-4eb6-9b3f-6a4153623a42.jpg using Guid(10a4a4cdb3bcfac4c9f807f6798deb88) Importer(815301076,1909f56bfc062723c751e8b465ee728b) (PreviewImporter) -> (artifact id: '00000000000000000000000000000000') in 0.0292414 seconds
Import Error Code:(4)
Message: Build asset version error: assets/00_project/generatedcharacters/mocking/character/npc_3_rigged.fbm/color_111859aa-2ec1-4eb6-9b3f-6a4153623a42.jpg in SourceAssetDB has modification time of '2026-05-26T15:24:44.1103553Z' while content on disk has modification time of '2026-05-26T15:27:47.1716014Z'
  ERROR: Build asset version error: assets/00_project/generatedcharacters/mocking/character/npc_3_rigged.fbm/color_111859aa-2ec1-4eb6-9b3f-6a4153623a42.jpg in SourceAssetDB has modification time of '2026-05-26T15:24:44.1103553Z' while content on disk has modification time of '2026-05-26T15:27:47.1716014Z'
Number of updated asset objects reloaded before import = 0Number of asset objects unloaded after import = 0

========================================================================
Received Import Request.
  Time since last request: 0.000022 seconds.
  path: Assets/00_Project/GeneratedCharacters/mocking/character/npc_3_rigged.fbm/temp_ORM_111859aa-2ec1-4eb6-9b3f-6a4153623a42_Roughness.jpg
  artifactKey: Guid(58d39ca4cc3414e42be20fc44c5f04de) Importer(815301076,1909f56bfc062723c751e8b465ee728b)
Start importing Assets/00_Project/GeneratedCharacters/mocking/character/npc_3_rigged.fbm/temp_ORM_111859aa-2ec1-4eb6-9b3f-6a4153623a42_Roughness.jpg using Guid(58d39ca4cc3414e42be20fc44c5f04de) Importer(815301076,1909f56bfc062723c751e8b465ee728b) (PreviewImporter) -> (artifact id: '00000000000000000000000000000000') in 0.0280818 seconds
Import Error Code:(4)
Message: Build asset version error: assets/00_project/generatedcharacters/mocking/character/npc_3_rigged.fbm/temp_orm_111859aa-2ec1-4eb6-9b3f-6a4153623a42_roughness.jpg in SourceAssetDB has modification time of '2026-05-26T15:24:44.1118576Z' while content on disk has modification time of '2026-05-26T15:27:47.173113Z'
  ERROR: Build asset version error: assets/00_project/generatedcharacters/mocking/character/npc_3_rigged.fbm/temp_orm_111859aa-2ec1-4eb6-9b3f-6a4153623a42_roughness.jpg in SourceAssetDB has modification time of '2026-05-26T15:24:44.1118576Z' while content on disk has modification time of '2026-05-26T15:27:47.173113Z'
Number of updated asset objects reloaded before import = 0Number of asset objects unloaded after import = 0

========================================================================
Received Import Request.
  Time since last request: 0.000027 seconds.
  path: Assets/00_Project/GeneratedCharacters/mocking/character/npc_3_rigged.fbm/Color_111859aa-2ec1-4eb6-9b3f-6a4153623a42.jpg
  artifactKey: Guid(10a4a4cdb3bcfac4c9f807f6798deb88) Importer(815301076,1909f56bfc062723c751e8b465ee728b)
Start importing Assets/00_Project/GeneratedCharacters/mocking/character/npc_3_rigged.fbm/Color_111859aa-2ec1-4eb6-9b3f-6a4153623a42.jpg using Guid(10a4a4cdb3bcfac4c9f807f6798deb88) Importer(815301076,1909f56bfc062723c751e8b465ee728b) (PreviewImporter) -> (artifact id: '00000000000000000000000000000000') in 0.0313779 seconds
Import Error Code:(4)
Message: Build asset version error: assets/00_project/generatedcharacters/mocking/character/npc_3_rigged.fbm/color_111859aa-2ec1-4eb6-9b3f-6a4153623a42.jpg in SourceAssetDB has modification time of '2026-05-26T15:24:44.1103553Z' while content on disk has modification time of '2026-05-26T15:27:47.1716014Z'
  ERROR: Build asset version error: assets/00_project/generatedcharacters/mocking/character/npc_3_rigged.fbm/color_111859aa-2ec1-4eb6-9b3f-6a4153623a42.jpg in SourceAssetDB has modification time of '2026-05-26T15:24:44.1103553Z' while content on disk has modification time of '2026-05-26T15:27:47.1716014Z'
Number of updated asset objects reloaded before import = 0Number of asset objects unloaded after import = 0

========================================================================
Received Import Request.
  Time since last request: 0.000019 seconds.
  path: Assets/00_Project/GeneratedCharacters/mocking/character/npc_3_rigged.fbm/NormalGL_111859aa-2ec1-4eb6-9b3f-6a4153623a42.jpg
  artifactKey: Guid(e19a21a20e6adcf478ad20c447539190) Importer(815301076,1909f56bfc062723c751e8b465ee728b)
Start importing Assets/00_Project/GeneratedCharacters/mocking/character/npc_3_rigged.fbm/NormalGL_111859aa-2ec1-4eb6-9b3f-6a4153623a42.jpg using Guid(e19a21a20e6adcf478ad20c447539190) Importer(815301076,1909f56bfc062723c751e8b465ee728b) (PreviewImporter) -> (artifact id: '00000000000000000000000000000000') in 0.029481 seconds
Import Error Code:(4)
Message: Build asset version error: assets/00_project/generatedcharacters/mocking/character/npc_3_rigged.fbm/normalgl_111859aa-2ec1-4eb6-9b3f-6a4153623a42.jpg in SourceAssetDB has modification time of '2026-05-26T15:24:44.1103553Z' while content on disk has modification time of '2026-05-26T15:27:47.1721077Z'
  ERROR: Build asset version error: assets/00_project/generatedcharacters/mocking/character/npc_3_rigged.fbm/normalgl_111859aa-2ec1-4eb6-9b3f-6a4153623a42.jpg in SourceAssetDB has modification time of '2026-05-26T15:24:44.1103553Z' while content on disk has modification time of '2026-05-26T15:27:47.1721077Z'
Number of updated asset objects reloaded before import = 0Number of asset objects unloaded after import = 0

========================================================================
Received Import Request.
  Time since last request: 0.000020 seconds.
  path: Assets/00_Project/GeneratedCharacters/mocking/character/npc_3_rigged.fbm/temp_ORM_111859aa-2ec1-4eb6-9b3f-6a4153623a42_Roughness.jpg
  artifactKey: Guid(58d39ca4cc3414e42be20fc44c5f04de) Importer(815301076,1909f56bfc062723c751e8b465ee728b)
Start importing Assets/00_Project/GeneratedCharacters/mocking/character/npc_3_rigged.fbm/temp_ORM_111859aa-2ec1-4eb6-9b3f-6a4153623a42_Roughness.jpg using Guid(58d39ca4cc3414e42be20fc44c5f04de) Importer(815301076,1909f56bfc062723c751e8b465ee728b) (PreviewImporter) -> (artifact id: '00000000000000000000000000000000') in 0.0292723 seconds
Import Error Code:(4)
Message: Build asset version error: assets/00_project/generatedcharacters/mocking/character/npc_3_rigged.fbm/temp_orm_111859aa-2ec1-4eb6-9b3f-6a4153623a42_roughness.jpg in SourceAssetDB has modification time of '2026-05-26T15:24:44.1118576Z' while content on disk has modification time of '2026-05-26T15:27:47.173113Z'
  ERROR: Build asset version error: assets/00_project/generatedcharacters/mocking/character/npc_3_rigged.fbm/temp_orm_111859aa-2ec1-4eb6-9b3f-6a4153623a42_roughness.jpg in SourceAssetDB has modification time of '2026-05-26T15:24:44.1118576Z' while content on disk has modification time of '2026-05-26T15:27:47.173113Z'
Number of updated asset objects reloaded before import = 0Number of asset objects unloaded after import = 0

========================================================================
Received Import Request.
  Time since last request: 0.000028 seconds.
  path: Assets/00_Project/GeneratedCharacters/mocking/character/npc_3_rigged.fbm/Color_111859aa-2ec1-4eb6-9b3f-6a4153623a42.jpg
  artifactKey: Guid(10a4a4cdb3bcfac4c9f807f6798deb88) Importer(815301076,1909f56bfc062723c751e8b465ee728b)
Start importing Assets/00_Project/GeneratedCharacters/mocking/character/npc_3_rigged.fbm/Color_111859aa-2ec1-4eb6-9b3f-6a4153623a42.jpg using Guid(10a4a4cdb3bcfac4c9f807f6798deb88) Importer(815301076,1909f56bfc062723c751e8b465ee728b) (PreviewImporter) -> (artifact id: '00000000000000000000000000000000') in 0.0279993 seconds
Import Error Code:(4)
Message: Build asset version error: assets/00_project/generatedcharacters/mocking/character/npc_3_rigged.fbm/color_111859aa-2ec1-4eb6-9b3f-6a4153623a42.jpg in SourceAssetDB has modification time of '2026-05-26T15:24:44.1103553Z' while content on disk has modification time of '2026-05-26T15:27:47.1716014Z'
  ERROR: Build asset version error: assets/00_project/generatedcharacters/mocking/character/npc_3_rigged.fbm/color_111859aa-2ec1-4eb6-9b3f-6a4153623a42.jpg in SourceAssetDB has modification time of '2026-05-26T15:24:44.1103553Z' while content on disk has modification time of '2026-05-26T15:27:47.1716014Z'
Number of updated asset objects reloaded before import = 0Number of asset objects unloaded after import = 0

========================================================================
Received Import Request.
  Time since last request: 0.000031 seconds.
  path: Assets/00_Project/GeneratedCharacters/mocking/character/npc_3_rigged.fbm/temp_ORM_111859aa-2ec1-4eb6-9b3f-6a4153623a42_Roughness.jpg
  artifactKey: Guid(58d39ca4cc3414e42be20fc44c5f04de) Importer(815301076,1909f56bfc062723c751e8b465ee728b)
Start importing Assets/00_Project/GeneratedCharacters/mocking/character/npc_3_rigged.fbm/temp_ORM_111859aa-2ec1-4eb6-9b3f-6a4153623a42_Roughness.jpg using Guid(58d39ca4cc3414e42be20fc44c5f04de) Importer(815301076,1909f56bfc062723c751e8b465ee728b) (PreviewImporter) -> (artifact id: '00000000000000000000000000000000') in 0.0341404 seconds
Import Error Code:(4)
Message: Build asset version error: assets/00_project/generatedcharacters/mocking/character/npc_3_rigged.fbm/temp_orm_111859aa-2ec1-4eb6-9b3f-6a4153623a42_roughness.jpg in SourceAssetDB has modification time of '2026-05-26T15:24:44.1118576Z' while content on disk has modification time of '2026-05-26T15:27:47.173113Z'
  ERROR: Build asset version error: assets/00_project/generatedcharacters/mocking/character/npc_3_rigged.fbm/temp_orm_111859aa-2ec1-4eb6-9b3f-6a4153623a42_roughness.jpg in SourceAssetDB has modification time of '2026-05-26T15:24:44.1118576Z' while content on disk has modification time of '2026-05-26T15:27:47.173113Z'
Number of updated asset objects reloaded before import = 0Number of asset objects unloaded after import = 0

========================================================================
Received Import Request.
  Time since last request: 0.000018 seconds.
  path: Assets/00_Project/GeneratedCharacters/mocking/character/npc_3_rigged.fbm/NormalGL_111859aa-2ec1-4eb6-9b3f-6a4153623a42.jpg
  artifactKey: Guid(e19a21a20e6adcf478ad20c447539190) Importer(815301076,1909f56bfc062723c751e8b465ee728b)
Start importing Assets/00_Project/GeneratedCharacters/mocking/character/npc_3_rigged.fbm/NormalGL_111859aa-2ec1-4eb6-9b3f-6a4153623a42.jpg using Guid(e19a21a20e6adcf478ad20c447539190) Importer(815301076,1909f56bfc062723c751e8b465ee728b) (PreviewImporter) -> (artifact id: '00000000000000000000000000000000') in 0.0300963 seconds
Import Error Code:(4)
Message: Build asset version error: assets/00_project/generatedcharacters/mocking/character/npc_3_rigged.fbm/normalgl_111859aa-2ec1-4eb6-9b3f-6a4153623a42.jpg in SourceAssetDB has modification time of '2026-05-26T15:24:44.1103553Z' while content on disk has modification time of '2026-05-26T15:27:47.1721077Z'
  ERROR: Build asset version error: assets/00_project/generatedcharacters/mocking/character/npc_3_rigged.fbm/normalgl_111859aa-2ec1-4eb6-9b3f-6a4153623a42.jpg in SourceAssetDB has modification time of '2026-05-26T15:24:44.1103553Z' while content on disk has modification time of '2026-05-26T15:27:47.1721077Z'
Number of updated asset objects reloaded before import = 0Number of asset objects unloaded after import = 0

========================================================================
Received Import Request.
  Time since last request: 0.000019 seconds.
  path: Assets/00_Project/GeneratedCharacters/mocking/character/npc_3_rigged.fbm/Color_111859aa-2ec1-4eb6-9b3f-6a4153623a42.jpg
  artifactKey: Guid(10a4a4cdb3bcfac4c9f807f6798deb88) Importer(815301076,1909f56bfc062723c751e8b465ee728b)
Start importing Assets/00_Project/GeneratedCharacters/mocking/character/npc_3_rigged.fbm/Color_111859aa-2ec1-4eb6-9b3f-6a4153623a42.jpg using Guid(10a4a4cdb3bcfac4c9f807f6798deb88) Importer(815301076,1909f56bfc062723c751e8b465ee728b) (PreviewImporter) -> (artifact id: '00000000000000000000000000000000') in 0.0291847 seconds
Import Error Code:(4)
Message: Build asset version error: assets/00_project/generatedcharacters/mocking/character/npc_3_rigged.fbm/color_111859aa-2ec1-4eb6-9b3f-6a4153623a42.jpg in SourceAssetDB has modification time of '2026-05-26T15:24:44.1103553Z' while content on disk has modification time of '2026-05-26T15:27:47.1716014Z'
  ERROR: Build asset version error: assets/00_project/generatedcharacters/mocking/character/npc_3_rigged.fbm/color_111859aa-2ec1-4eb6-9b3f-6a4153623a42.jpg in SourceAssetDB has modification time of '2026-05-26T15:24:44.1103553Z' while content on disk has modification time of '2026-05-26T15:27:47.1716014Z'
Number of updated asset objects reloaded before import = 0Number of asset objects unloaded after import = 0

========================================================================
Received Import Request.
  Time since last request: 0.000021 seconds.
  path: Assets/00_Project/GeneratedCharacters/mocking/character/npc_3_rigged.fbm/temp_ORM_111859aa-2ec1-4eb6-9b3f-6a4153623a42_Metallic.jpg
  artifactKey: Guid(6095e6e900acffe45a3da568f0a57422) Importer(815301076,1909f56bfc062723c751e8b465ee728b)
Start importing Assets/00_Project/GeneratedCharacters/mocking/character/npc_3_rigged.fbm/temp_ORM_111859aa-2ec1-4eb6-9b3f-6a4153623a42_Metallic.jpg using Guid(6095e6e900acffe45a3da568f0a57422) Importer(815301076,1909f56bfc062723c751e8b465ee728b) (PreviewImporter) -> (artifact id: '00000000000000000000000000000000') in 0.0321261 seconds
Import Error Code:(4)
Message: Build asset version error: assets/00_project/generatedcharacters/mocking/character/npc_3_rigged.fbm/temp_orm_111859aa-2ec1-4eb6-9b3f-6a4153623a42_metallic.jpg in SourceAssetDB has modification time of '2026-05-26T15:24:44.1133605Z' while content on disk has modification time of '2026-05-26T15:27:47.1741348Z'
  ERROR: Build asset version error: assets/00_project/generatedcharacters/mocking/character/npc_3_rigged.fbm/temp_orm_111859aa-2ec1-4eb6-9b3f-6a4153623a42_metallic.jpg in SourceAssetDB has modification time of '2026-05-26T15:24:44.1133605Z' while content on disk has modification time of '2026-05-26T15:27:47.1741348Z'
Number of updated asset objects reloaded before import = 0Number of asset objects unloaded after import = 0

========================================================================
Received Import Request.
  Time since last request: 0.000025 seconds.
  path: Assets/00_Project/GeneratedCharacters/mocking/character/npc_3_rigged.fbm/temp_ORM_111859aa-2ec1-4eb6-9b3f-6a4153623a42_Roughness.jpg
  artifactKey: Guid(58d39ca4cc3414e42be20fc44c5f04de) Importer(815301076,1909f56bfc062723c751e8b465ee728b)
Start importing Assets/00_Project/GeneratedCharacters/mocking/character/npc_3_rigged.fbm/temp_ORM_111859aa-2ec1-4eb6-9b3f-6a4153623a42_Roughness.jpg using Guid(58d39ca4cc3414e42be20fc44c5f04de) Importer(815301076,1909f56bfc062723c751e8b465ee728b) (PreviewImporter) -> (artifact id: '00000000000000000000000000000000') in 0.0337963 seconds
Import Error Code:(4)
Message: Build asset version error: assets/00_project/generatedcharacters/mocking/character/npc_3_rigged.fbm/temp_orm_111859aa-2ec1-4eb6-9b3f-6a4153623a42_roughness.jpg in SourceAssetDB has modification time of '2026-05-26T15:24:44.1118576Z' while content on disk has modification time of '2026-05-26T15:27:47.173113Z'
  ERROR: Build asset version error: assets/00_project/generatedcharacters/mocking/character/npc_3_rigged.fbm/temp_orm_111859aa-2ec1-4eb6-9b3f-6a4153623a42_roughness.jpg in SourceAssetDB has modification time of '2026-05-26T15:24:44.1118576Z' while content on disk has modification time of '2026-05-26T15:27:47.173113Z'
Number of updated asset objects reloaded before import = 0Number of asset objects unloaded after import = 0

========================================================================
Received Import Request.
  Time since last request: 0.000026 seconds.
  path: Assets/00_Project/GeneratedCharacters/mocking/character/npc_3_rigged.fbm/temp_ORM_111859aa-2ec1-4eb6-9b3f-6a4153623a42_Metallic.jpg
  artifactKey: Guid(6095e6e900acffe45a3da568f0a57422) Importer(815301076,1909f56bfc062723c751e8b465ee728b)
Start importing Assets/00_Project/GeneratedCharacters/mocking/character/npc_3_rigged.fbm/temp_ORM_111859aa-2ec1-4eb6-9b3f-6a4153623a42_Metallic.jpg using Guid(6095e6e900acffe45a3da568f0a57422) Importer(815301076,1909f56bfc062723c751e8b465ee728b) (PreviewImporter) -> (artifact id: '00000000000000000000000000000000') in 0.0304006 seconds
Import Error Code:(4)
Message: Build asset version error: assets/00_project/generatedcharacters/mocking/character/npc_3_rigged.fbm/temp_orm_111859aa-2ec1-4eb6-9b3f-6a4153623a42_metallic.jpg in SourceAssetDB has modification time of '2026-05-26T15:24:44.1133605Z' while content on disk has modification time of '2026-05-26T15:27:47.1741348Z'
  ERROR: Build asset version error: assets/00_project/generatedcharacters/mocking/character/npc_3_rigged.fbm/temp_orm_111859aa-2ec1-4eb6-9b3f-6a4153623a42_metallic.jpg in SourceAssetDB has modification time of '2026-05-26T15:24:44.1133605Z' while content on disk has modification time of '2026-05-26T15:27:47.1741348Z'
Number of updated asset objects reloaded before import = 0Number of asset objects unloaded after import = 0

========================================================================
Received Import Request.
  Time since last request: 0.000018 seconds.
  path: Assets/00_Project/GeneratedCharacters/mocking/character/npc_3_rigged.fbm/Color_111859aa-2ec1-4eb6-9b3f-6a4153623a42.jpg
  artifactKey: Guid(10a4a4cdb3bcfac4c9f807f6798deb88) Importer(815301076,1909f56bfc062723c751e8b465ee728b)
Start importing Assets/00_Project/GeneratedCharacters/mocking/character/npc_3_rigged.fbm/Color_111859aa-2ec1-4eb6-9b3f-6a4153623a42.jpg using Guid(10a4a4cdb3bcfac4c9f807f6798deb88) Importer(815301076,1909f56bfc062723c751e8b465ee728b) (PreviewImporter) -> (artifact id: '00000000000000000000000000000000') in 0.0288785 seconds
Import Error Code:(4)
Message: Build asset version error: assets/00_project/generatedcharacters/mocking/character/npc_3_rigged.fbm/color_111859aa-2ec1-4eb6-9b3f-6a4153623a42.jpg in SourceAssetDB has modification time of '2026-05-26T15:24:44.1103553Z' while content on disk has modification time of '2026-05-26T15:27:47.1716014Z'
  ERROR: Build asset version error: assets/00_project/generatedcharacters/mocking/character/npc_3_rigged.fbm/color_111859aa-2ec1-4eb6-9b3f-6a4153623a42.jpg in SourceAssetDB has modification time of '2026-05-26T15:24:44.1103553Z' while content on disk has modification time of '2026-05-26T15:27:47.1716014Z'
Number of updated asset objects reloaded before import = 0Number of asset objects unloaded after import = 0

========================================================================
Received Import Request.
  Time since last request: 0.000022 seconds.
  path: Assets/00_Project/GeneratedCharacters/mocking/character/npc_3_rigged.fbm/NormalGL_111859aa-2ec1-4eb6-9b3f-6a4153623a42.jpg
  artifactKey: Guid(e19a21a20e6adcf478ad20c447539190) Importer(815301076,1909f56bfc062723c751e8b465ee728b)
Start importing Assets/00_Project/GeneratedCharacters/mocking/character/npc_3_rigged.fbm/NormalGL_111859aa-2ec1-4eb6-9b3f-6a4153623a42.jpg using Guid(e19a21a20e6adcf478ad20c447539190) Importer(815301076,1909f56bfc062723c751e8b465ee728b) (PreviewImporter) -> (artifact id: '00000000000000000000000000000000') in 0.0301298 seconds
Import Error Code:(4)
Message: Build asset version error: assets/00_project/generatedcharacters/mocking/character/npc_3_rigged.fbm/normalgl_111859aa-2ec1-4eb6-9b3f-6a4153623a42.jpg in SourceAssetDB has modification time of '2026-05-26T15:24:44.1103553Z' while content on disk has modification time of '2026-05-26T15:27:47.1721077Z'
  ERROR: Build asset version error: assets/00_project/generatedcharacters/mocking/character/npc_3_rigged.fbm/normalgl_111859aa-2ec1-4eb6-9b3f-6a4153623a42.jpg in SourceAssetDB has modification time of '2026-05-26T15:24:44.1103553Z' while content on disk has modification time of '2026-05-26T15:27:47.1721077Z'
Number of updated asset objects reloaded before import = 0Number of asset objects unloaded after import = 0

========================================================================
Received Import Request.
  Time since last request: 0.000029 seconds.
  path: Assets/00_Project/GeneratedCharacters/mocking/character/npc_3_rigged.fbm/Color_111859aa-2ec1-4eb6-9b3f-6a4153623a42.jpg
  artifactKey: Guid(10a4a4cdb3bcfac4c9f807f6798deb88) Importer(815301076,1909f56bfc062723c751e8b465ee728b)
Start importing Assets/00_Project/GeneratedCharacters/mocking/character/npc_3_rigged.fbm/Color_111859aa-2ec1-4eb6-9b3f-6a4153623a42.jpg using Guid(10a4a4cdb3bcfac4c9f807f6798deb88) Importer(815301076,1909f56bfc062723c751e8b465ee728b) (PreviewImporter) -> (artifact id: '00000000000000000000000000000000') in 0.0329189 seconds
Import Error Code:(4)
Message: Build asset version error: assets/00_project/generatedcharacters/mocking/character/npc_3_rigged.fbm/color_111859aa-2ec1-4eb6-9b3f-6a4153623a42.jpg in SourceAssetDB has modification time of '2026-05-26T15:24:44.1103553Z' while content on disk has modification time of '2026-05-26T15:27:47.1716014Z'
  ERROR: Build asset version error: assets/00_project/generatedcharacters/mocking/character/npc_3_rigged.fbm/color_111859aa-2ec1-4eb6-9b3f-6a4153623a42.jpg in SourceAssetDB has modification time of '2026-05-26T15:24:44.1103553Z' while content on disk has modification time of '2026-05-26T15:27:47.1716014Z'
Number of updated asset objects reloaded before import = 0Number of asset objects unloaded after import = 0

========================================================================
Received Import Request.
  Time since last request: 0.000016 seconds.
  path: Assets/00_Project/GeneratedCharacters/mocking/character/npc_3_rigged.fbm/NormalGL_111859aa-2ec1-4eb6-9b3f-6a4153623a42.jpg
  artifactKey: Guid(e19a21a20e6adcf478ad20c447539190) Importer(815301076,1909f56bfc062723c751e8b465ee728b)
Start importing Assets/00_Project/GeneratedCharacters/mocking/character/npc_3_rigged.fbm/NormalGL_111859aa-2ec1-4eb6-9b3f-6a4153623a42.jpg using Guid(e19a21a20e6adcf478ad20c447539190) Importer(815301076,1909f56bfc062723c751e8b465ee728b) (PreviewImporter) -> (artifact id: '00000000000000000000000000000000') in 0.0289293 seconds
Import Error Code:(4)
Message: Build asset version error: assets/00_project/generatedcharacters/mocking/character/npc_3_rigged.fbm/normalgl_111859aa-2ec1-4eb6-9b3f-6a4153623a42.jpg in SourceAssetDB has modification time of '2026-05-26T15:24:44.1103553Z' while content on disk has modification time of '2026-05-26T15:27:47.1721077Z'
  ERROR: Build asset version error: assets/00_project/generatedcharacters/mocking/character/npc_3_rigged.fbm/normalgl_111859aa-2ec1-4eb6-9b3f-6a4153623a42.jpg in SourceAssetDB has modification time of '2026-05-26T15:24:44.1103553Z' while content on disk has modification time of '2026-05-26T15:27:47.1721077Z'
Number of updated asset objects reloaded before import = 0Number of asset objects unloaded after import = 0

========================================================================
Received Import Request.
  Time since last request: 0.000020 seconds.
  path: Assets/00_Project/GeneratedCharacters/mocking/character/npc_3_rigged.fbm/temp_ORM_111859aa-2ec1-4eb6-9b3f-6a4153623a42_Roughness.jpg
  artifactKey: Guid(58d39ca4cc3414e42be20fc44c5f04de) Importer(815301076,1909f56bfc062723c751e8b465ee728b)
Start importing Assets/00_Project/GeneratedCharacters/mocking/character/npc_3_rigged.fbm/temp_ORM_111859aa-2ec1-4eb6-9b3f-6a4153623a42_Roughness.jpg using Guid(58d39ca4cc3414e42be20fc44c5f04de) Importer(815301076,1909f56bfc062723c751e8b465ee728b) (PreviewImporter) -> (artifact id: '00000000000000000000000000000000') in 0.0319034 seconds
Import Error Code:(4)
Message: Build asset version error: assets/00_project/generatedcharacters/mocking/character/npc_3_rigged.fbm/temp_orm_111859aa-2ec1-4eb6-9b3f-6a4153623a42_roughness.jpg in SourceAssetDB has modification time of '2026-05-26T15:24:44.1118576Z' while content on disk has modification time of '2026-05-26T15:27:47.173113Z'
  ERROR: Build asset version error: assets/00_project/generatedcharacters/mocking/character/npc_3_rigged.fbm/temp_orm_111859aa-2ec1-4eb6-9b3f-6a4153623a42_roughness.jpg in SourceAssetDB has modification time of '2026-05-26T15:24:44.1118576Z' while content on disk has modification time of '2026-05-26T15:27:47.173113Z'
Number of updated asset objects reloaded before import = 0Number of asset objects unloaded after import = 0

========================================================================
Received Import Request.
  Time since last request: 0.000021 seconds.
  path: Assets/00_Project/GeneratedCharacters/mocking/character/npc_3_rigged.fbm/Color_111859aa-2ec1-4eb6-9b3f-6a4153623a42.jpg
  artifactKey: Guid(10a4a4cdb3bcfac4c9f807f6798deb88) Importer(815301076,1909f56bfc062723c751e8b465ee728b)
Start importing Assets/00_Project/GeneratedCharacters/mocking/character/npc_3_rigged.fbm/Color_111859aa-2ec1-4eb6-9b3f-6a4153623a42.jpg using Guid(10a4a4cdb3bcfac4c9f807f6798deb88) Importer(815301076,1909f56bfc062723c751e8b465ee728b) (PreviewImporter) -> (artifact id: '00000000000000000000000000000000') in 0.0294968 seconds
Import Error Code:(4)
Message: Build asset version error: assets/00_project/generatedcharacters/mocking/character/npc_3_rigged.fbm/color_111859aa-2ec1-4eb6-9b3f-6a4153623a42.jpg in SourceAssetDB has modification time of '2026-05-26T15:24:44.1103553Z' while content on disk has modification time of '2026-05-26T15:27:47.1716014Z'
  ERROR: Build asset version error: assets/00_project/generatedcharacters/mocking/character/npc_3_rigged.fbm/color_111859aa-2ec1-4eb6-9b3f-6a4153623a42.jpg in SourceAssetDB has modification time of '2026-05-26T15:24:44.1103553Z' while content on disk has modification time of '2026-05-26T15:27:47.1716014Z'
Number of updated asset objects reloaded before import = 0Number of asset objects unloaded after import = 0

========================================================================
Received Import Request.
  Time since last request: 0.000025 seconds.
  path: Assets/00_Project/GeneratedCharacters/mocking/character/npc_3_rigged.fbm/temp_ORM_111859aa-2ec1-4eb6-9b3f-6a4153623a42_Roughness.jpg
  artifactKey: Guid(58d39ca4cc3414e42be20fc44c5f04de) Importer(815301076,1909f56bfc062723c751e8b465ee728b)
Start importing Assets/00_Project/GeneratedCharacters/mocking/character/npc_3_rigged.fbm/temp_ORM_111859aa-2ec1-4eb6-9b3f-6a4153623a42_Roughness.jpg using Guid(58d39ca4cc3414e42be20fc44c5f04de) Importer(815301076,1909f56bfc062723c751e8b465ee728b) (PreviewImporter) -> (artifact id: '00000000000000000000000000000000') in 0.0306806 seconds
Import Error Code:(4)
Message: Build asset version error: assets/00_project/generatedcharacters/mocking/character/npc_3_rigged.fbm/temp_orm_111859aa-2ec1-4eb6-9b3f-6a4153623a42_roughness.jpg in SourceAssetDB has modification time of '2026-05-26T15:24:44.1118576Z' while content on disk has modification time of '2026-05-26T15:27:47.173113Z'
  ERROR: Build asset version error: assets/00_project/generatedcharacters/mocking/character/npc_3_rigged.fbm/temp_orm_111859aa-2ec1-4eb6-9b3f-6a4153623a42_roughness.jpg in SourceAssetDB has modification time of '2026-05-26T15:24:44.1118576Z' while content on disk has modification time of '2026-05-26T15:27:47.173113Z'
Number of updated asset objects reloaded before import = 0Number of asset objects unloaded after import = 0

========================================================================
Received Import Request.
  Time since last request: 0.000021 seconds.
  path: Assets/00_Project/GeneratedCharacters/mocking/character/npc_3_rigged.fbm/NormalGL_111859aa-2ec1-4eb6-9b3f-6a4153623a42.jpg
  artifactKey: Guid(e19a21a20e6adcf478ad20c447539190) Importer(815301076,1909f56bfc062723c751e8b465ee728b)
Start importing Assets/00_Project/GeneratedCharacters/mocking/character/npc_3_rigged.fbm/NormalGL_111859aa-2ec1-4eb6-9b3f-6a4153623a42.jpg using Guid(e19a21a20e6adcf478ad20c447539190) Importer(815301076,1909f56bfc062723c751e8b465ee728b) (PreviewImporter) -> (artifact id: '00000000000000000000000000000000') in 0.0304344 seconds
Import Error Code:(4)
Message: Build asset version error: assets/00_project/generatedcharacters/mocking/character/npc_3_rigged.fbm/normalgl_111859aa-2ec1-4eb6-9b3f-6a4153623a42.jpg in SourceAssetDB has modification time of '2026-05-26T15:24:44.1103553Z' while content on disk has modification time of '2026-05-26T15:27:47.1721077Z'
  ERROR: Build asset version error: assets/00_project/generatedcharacters/mocking/character/npc_3_rigged.fbm/normalgl_111859aa-2ec1-4eb6-9b3f-6a4153623a42.jpg in SourceAssetDB has modification time of '2026-05-26T15:24:44.1103553Z' while content on disk has modification time of '2026-05-26T15:27:47.1721077Z'
Number of updated asset objects reloaded before import = 0Number of asset objects unloaded after import = 0

========================================================================
Received Import Request.
  Time since last request: 0.000023 seconds.
  path: Assets/00_Project/GeneratedCharacters/mocking/character/npc_3_rigged.fbm/temp_ORM_111859aa-2ec1-4eb6-9b3f-6a4153623a42_Metallic.jpg
  artifactKey: Guid(6095e6e900acffe45a3da568f0a57422) Importer(815301076,1909f56bfc062723c751e8b465ee728b)
Start importing Assets/00_Project/GeneratedCharacters/mocking/character/npc_3_rigged.fbm/temp_ORM_111859aa-2ec1-4eb6-9b3f-6a4153623a42_Metallic.jpg using Guid(6095e6e900acffe45a3da568f0a57422) Importer(815301076,1909f56bfc062723c751e8b465ee728b) (PreviewImporter) -> (artifact id: '00000000000000000000000000000000') in 0.0292844 seconds
Import Error Code:(4)
Message: Build asset version error: assets/00_project/generatedcharacters/mocking/character/npc_3_rigged.fbm/temp_orm_111859aa-2ec1-4eb6-9b3f-6a4153623a42_metallic.jpg in SourceAssetDB has modification time of '2026-05-26T15:24:44.1133605Z' while content on disk has modification time of '2026-05-26T15:27:47.1741348Z'
  ERROR: Build asset version error: assets/00_project/generatedcharacters/mocking/character/npc_3_rigged.fbm/temp_orm_111859aa-2ec1-4eb6-9b3f-6a4153623a42_metallic.jpg in SourceAssetDB has modification time of '2026-05-26T15:24:44.1133605Z' while content on disk has modification time of '2026-05-26T15:27:47.1741348Z'
Number of updated asset objects reloaded before import = 0Number of asset objects unloaded after import = 0

========================================================================
Received Import Request.
  Time since last request: 0.000020 seconds.
  path: Assets/00_Project/GeneratedCharacters/mocking/character/npc_3_rigged.fbm/Color_111859aa-2ec1-4eb6-9b3f-6a4153623a42.jpg
  artifactKey: Guid(10a4a4cdb3bcfac4c9f807f6798deb88) Importer(815301076,1909f56bfc062723c751e8b465ee728b)
Start importing Assets/00_Project/GeneratedCharacters/mocking/character/npc_3_rigged.fbm/Color_111859aa-2ec1-4eb6-9b3f-6a4153623a42.jpg using Guid(10a4a4cdb3bcfac4c9f807f6798deb88) Importer(815301076,1909f56bfc062723c751e8b465ee728b) (PreviewImporter) -> (artifact id: '00000000000000000000000000000000') in 0.0277128 seconds
Import Error Code:(4)
Message: Build asset version error: assets/00_project/generatedcharacters/mocking/character/npc_3_rigged.fbm/color_111859aa-2ec1-4eb6-9b3f-6a4153623a42.jpg in SourceAssetDB has modification time of '2026-05-26T15:24:44.1103553Z' while content on disk has modification time of '2026-05-26T15:27:47.1716014Z'
  ERROR: Build asset version error: assets/00_project/generatedcharacters/mocking/character/npc_3_rigged.fbm/color_111859aa-2ec1-4eb6-9b3f-6a4153623a42.jpg in SourceAssetDB has modification time of '2026-05-26T15:24:44.1103553Z' while content on disk has modification time of '2026-05-26T15:27:47.1716014Z'
Number of updated asset objects reloaded before import = 0Number of asset objects unloaded after import = 0

========================================================================
Received Import Request.
  Time since last request: 0.000028 seconds.
  path: Assets/00_Project/GeneratedCharacters/mocking/character/npc_3_rigged.fbm/temp_ORM_111859aa-2ec1-4eb6-9b3f-6a4153623a42_Roughness.jpg
  artifactKey: Guid(58d39ca4cc3414e42be20fc44c5f04de) Importer(815301076,1909f56bfc062723c751e8b465ee728b)
Start importing Assets/00_Project/GeneratedCharacters/mocking/character/npc_3_rigged.fbm/temp_ORM_111859aa-2ec1-4eb6-9b3f-6a4153623a42_Roughness.jpg using Guid(58d39ca4cc3414e42be20fc44c5f04de) Importer(815301076,1909f56bfc062723c751e8b465ee728b) (PreviewImporter) -> (artifact id: '00000000000000000000000000000000') in 0.0289948 seconds
Import Error Code:(4)
Message: Build asset version error: assets/00_project/generatedcharacters/mocking/character/npc_3_rigged.fbm/temp_orm_111859aa-2ec1-4eb6-9b3f-6a4153623a42_roughness.jpg in SourceAssetDB has modification time of '2026-05-26T15:24:44.1118576Z' while content on disk has modification time of '2026-05-26T15:27:47.173113Z'
  ERROR: Build asset version error: assets/00_project/generatedcharacters/mocking/character/npc_3_rigged.fbm/temp_orm_111859aa-2ec1-4eb6-9b3f-6a4153623a42_roughness.jpg in SourceAssetDB has modification time of '2026-05-26T15:24:44.1118576Z' while content on disk has modification time of '2026-05-26T15:27:47.173113Z'
Number of updated asset objects reloaded before import = 0Number of asset objects unloaded after import = 0

========================================================================
Received Import Request.
  Time since last request: 0.000019 seconds.
  path: Assets/00_Project/GeneratedCharacters/mocking/character/npc_3_rigged.fbm/NormalGL_111859aa-2ec1-4eb6-9b3f-6a4153623a42.jpg
  artifactKey: Guid(e19a21a20e6adcf478ad20c447539190) Importer(815301076,1909f56bfc062723c751e8b465ee728b)
Start importing Assets/00_Project/GeneratedCharacters/mocking/character/npc_3_rigged.fbm/NormalGL_111859aa-2ec1-4eb6-9b3f-6a4153623a42.jpg using Guid(e19a21a20e6adcf478ad20c447539190) Importer(815301076,1909f56bfc062723c751e8b465ee728b) (PreviewImporter) -> (artifact id: '00000000000000000000000000000000') in 0.0275524 seconds
Import Error Code:(4)
Message: Build asset version error: assets/00_project/generatedcharacters/mocking/character/npc_3_rigged.fbm/normalgl_111859aa-2ec1-4eb6-9b3f-6a4153623a42.jpg in SourceAssetDB has modification time of '2026-05-26T15:24:44.1103553Z' while content on disk has modification time of '2026-05-26T15:27:47.1721077Z'
  ERROR: Build asset version error: assets/00_project/generatedcharacters/mocking/character/npc_3_rigged.fbm/normalgl_111859aa-2ec1-4eb6-9b3f-6a4153623a42.jpg in SourceAssetDB has modification time of '2026-05-26T15:24:44.1103553Z' while content on disk has modification time of '2026-05-26T15:27:47.1721077Z'
Number of updated asset objects reloaded before import = 0Number of asset objects unloaded after import = 0

========================================================================
Received Import Request.
  Time since last request: 0.000020 seconds.
  path: Assets/00_Project/GeneratedCharacters/mocking/character/npc_3_rigged.fbm/Color_111859aa-2ec1-4eb6-9b3f-6a4153623a42.jpg
  artifactKey: Guid(10a4a4cdb3bcfac4c9f807f6798deb88) Importer(815301076,1909f56bfc062723c751e8b465ee728b)
Start importing Assets/00_Project/GeneratedCharacters/mocking/character/npc_3_rigged.fbm/Color_111859aa-2ec1-4eb6-9b3f-6a4153623a42.jpg using Guid(10a4a4cdb3bcfac4c9f807f6798deb88) Importer(815301076,1909f56bfc062723c751e8b465ee728b) (PreviewImporter) -> (artifact id: '00000000000000000000000000000000') in 0.0269662 seconds
Import Error Code:(4)
Message: Build asset version error: assets/00_project/generatedcharacters/mocking/character/npc_3_rigged.fbm/color_111859aa-2ec1-4eb6-9b3f-6a4153623a42.jpg in SourceAssetDB has modification time of '2026-05-26T15:24:44.1103553Z' while content on disk has modification time of '2026-05-26T15:27:47.1716014Z'
  ERROR: Build asset version error: assets/00_project/generatedcharacters/mocking/character/npc_3_rigged.fbm/color_111859aa-2ec1-4eb6-9b3f-6a4153623a42.jpg in SourceAssetDB has modification time of '2026-05-26T15:24:44.1103553Z' while content on disk has modification time of '2026-05-26T15:27:47.1716014Z'
Number of updated asset objects reloaded before import = 0Number of asset objects unloaded after import = 0

========================================================================
Received Import Request.
  Time since last request: 0.000021 seconds.
  path: Assets/00_Project/GeneratedCharacters/mocking/character/npc_3_rigged.fbm/temp_ORM_111859aa-2ec1-4eb6-9b3f-6a4153623a42_Roughness.jpg
  artifactKey: Guid(58d39ca4cc3414e42be20fc44c5f04de) Importer(815301076,1909f56bfc062723c751e8b465ee728b)
Start importing Assets/00_Project/GeneratedCharacters/mocking/character/npc_3_rigged.fbm/temp_ORM_111859aa-2ec1-4eb6-9b3f-6a4153623a42_Roughness.jpg using Guid(58d39ca4cc3414e42be20fc44c5f04de) Importer(815301076,1909f56bfc062723c751e8b465ee728b) (PreviewImporter) -> (artifact id: '00000000000000000000000000000000') in 0.0283125 seconds
Import Error Code:(4)
Message: Build asset version error: assets/00_project/generatedcharacters/mocking/character/npc_3_rigged.fbm/temp_orm_111859aa-2ec1-4eb6-9b3f-6a4153623a42_roughness.jpg in SourceAssetDB has modification time of '2026-05-26T15:24:44.1118576Z' while content on disk has modification time of '2026-05-26T15:27:47.173113Z'
  ERROR: Build asset version error: assets/00_project/generatedcharacters/mocking/character/npc_3_rigged.fbm/temp_orm_111859aa-2ec1-4eb6-9b3f-6a4153623a42_roughness.jpg in SourceAssetDB has modification time of '2026-05-26T15:24:44.1118576Z' while content on disk has modification time of '2026-05-26T15:27:47.173113Z'
Number of updated asset objects reloaded before import = 0Number of asset objects unloaded after import = 0

========================================================================
Received Import Request.
  Time since last request: 0.000026 seconds.
  path: Assets/00_Project/GeneratedCharacters/mocking/character/npc_3_rigged.fbm/Color_111859aa-2ec1-4eb6-9b3f-6a4153623a42.jpg
  artifactKey: Guid(10a4a4cdb3bcfac4c9f807f6798deb88) Importer(815301076,1909f56bfc062723c751e8b465ee728b)
Start importing Assets/00_Project/GeneratedCharacters/mocking/character/npc_3_rigged.fbm/Color_111859aa-2ec1-4eb6-9b3f-6a4153623a42.jpg using Guid(10a4a4cdb3bcfac4c9f807f6798deb88) Importer(815301076,1909f56bfc062723c751e8b465ee728b) (PreviewImporter) -> (artifact id: '00000000000000000000000000000000') in 0.0273673 seconds
Import Error Code:(4)
Message: Build asset version error: assets/00_project/generatedcharacters/mocking/character/npc_3_rigged.fbm/color_111859aa-2ec1-4eb6-9b3f-6a4153623a42.jpg in SourceAssetDB has modification time of '2026-05-26T15:24:44.1103553Z' while content on disk has modification time of '2026-05-26T15:27:47.1716014Z'
  ERROR: Build asset version error: assets/00_project/generatedcharacters/mocking/character/npc_3_rigged.fbm/color_111859aa-2ec1-4eb6-9b3f-6a4153623a42.jpg in SourceAssetDB has modification time of '2026-05-26T15:24:44.1103553Z' while content on disk has modification time of '2026-05-26T15:27:47.1716014Z'
Number of updated asset objects reloaded before import = 0Number of asset objects unloaded after import = 0

========================================================================
Received Import Request.
  Time since last request: 0.000019 seconds.
  path: Assets/00_Project/GeneratedCharacters/mocking/character/npc_3_rigged.fbm/NormalGL_111859aa-2ec1-4eb6-9b3f-6a4153623a42.jpg
  artifactKey: Guid(e19a21a20e6adcf478ad20c447539190) Importer(815301076,1909f56bfc062723c751e8b465ee728b)
Start importing Assets/00_Project/GeneratedCharacters/mocking/character/npc_3_rigged.fbm/NormalGL_111859aa-2ec1-4eb6-9b3f-6a4153623a42.jpg using Guid(e19a21a20e6adcf478ad20c447539190) Importer(815301076,1909f56bfc062723c751e8b465ee728b) (PreviewImporter) -> (artifact id: '00000000000000000000000000000000') in 0.027505 seconds
Import Error Code:(4)
Message: Build asset version error: assets/00_project/generatedcharacters/mocking/character/npc_3_rigged.fbm/normalgl_111859aa-2ec1-4eb6-9b3f-6a4153623a42.jpg in SourceAssetDB has modification time of '2026-05-26T15:24:44.1103553Z' while content on disk has modification time of '2026-05-26T15:27:47.1721077Z'
  ERROR: Build asset version error: assets/00_project/generatedcharacters/mocking/character/npc_3_rigged.fbm/normalgl_111859aa-2ec1-4eb6-9b3f-6a4153623a42.jpg in SourceAssetDB has modification time of '2026-05-26T15:24:44.1103553Z' while content on disk has modification time of '2026-05-26T15:27:47.1721077Z'
Number of updated asset objects reloaded before import = 0Number of asset objects unloaded after import = 0

========================================================================
Received Import Request.
  Time since last request: 0.000021 seconds.
  path: Assets/00_Project/GeneratedCharacters/mocking/character/npc_3_rigged.fbm/temp_ORM_111859aa-2ec1-4eb6-9b3f-6a4153623a42_Roughness.jpg
  artifactKey: Guid(58d39ca4cc3414e42be20fc44c5f04de) Importer(815301076,1909f56bfc062723c751e8b465ee728b)
Start importing Assets/00_Project/GeneratedCharacters/mocking/character/npc_3_rigged.fbm/temp_ORM_111859aa-2ec1-4eb6-9b3f-6a4153623a42_Roughness.jpg using Guid(58d39ca4cc3414e42be20fc44c5f04de) Importer(815301076,1909f56bfc062723c751e8b465ee728b) (PreviewImporter) -> (artifact id: '00000000000000000000000000000000') in 0.0309809 seconds
Import Error Code:(4)
Message: Build asset version error: assets/00_project/generatedcharacters/mocking/character/npc_3_rigged.fbm/temp_orm_111859aa-2ec1-4eb6-9b3f-6a4153623a42_roughness.jpg in SourceAssetDB has modification time of '2026-05-26T15:24:44.1118576Z' while content on disk has modification time of '2026-05-26T15:27:47.173113Z'
  ERROR: Build asset version error: assets/00_project/generatedcharacters/mocking/character/npc_3_rigged.fbm/temp_orm_111859aa-2ec1-4eb6-9b3f-6a4153623a42_roughness.jpg in SourceAssetDB has modification time of '2026-05-26T15:24:44.1118576Z' while content on disk has modification time of '2026-05-26T15:27:47.173113Z'
Number of updated asset objects reloaded before import = 0Number of asset objects unloaded after import = 0

========================================================================
Received Import Request.
  Time since last request: 0.000021 seconds.
  path: Assets/00_Project/GeneratedCharacters/mocking/character/npc_3_rigged.fbm/Color_111859aa-2ec1-4eb6-9b3f-6a4153623a42.jpg
  artifactKey: Guid(10a4a4cdb3bcfac4c9f807f6798deb88) Importer(815301076,1909f56bfc062723c751e8b465ee728b)
Start importing Assets/00_Project/GeneratedCharacters/mocking/character/npc_3_rigged.fbm/Color_111859aa-2ec1-4eb6-9b3f-6a4153623a42.jpg using Guid(10a4a4cdb3bcfac4c9f807f6798deb88) Importer(815301076,1909f56bfc062723c751e8b465ee728b) (PreviewImporter) -> (artifact id: '00000000000000000000000000000000') in 0.0286416 seconds
Import Error Code:(4)
Message: Build asset version error: assets/00_project/generatedcharacters/mocking/character/npc_3_rigged.fbm/color_111859aa-2ec1-4eb6-9b3f-6a4153623a42.jpg in SourceAssetDB has modification time of '2026-05-26T15:24:44.1103553Z' while content on disk has modification time of '2026-05-26T15:27:47.1716014Z'
  ERROR: Build asset version error: assets/00_project/generatedcharacters/mocking/character/npc_3_rigged.fbm/color_111859aa-2ec1-4eb6-9b3f-6a4153623a42.jpg in SourceAssetDB has modification time of '2026-05-26T15:24:44.1103553Z' while content on disk has modification time of '2026-05-26T15:27:47.1716014Z'
Number of updated asset objects reloaded before import = 0Number of asset objects unloaded after import = 0

========================================================================
Received Import Request.
  Time since last request: 0.000027 seconds.
  path: Assets/00_Project/GeneratedCharacters/mocking/character/npc_3_rigged.fbm/NormalGL_111859aa-2ec1-4eb6-9b3f-6a4153623a42.jpg
  artifactKey: Guid(e19a21a20e6adcf478ad20c447539190) Importer(815301076,1909f56bfc062723c751e8b465ee728b)
Start importing Assets/00_Project/GeneratedCharacters/mocking/character/npc_3_rigged.fbm/NormalGL_111859aa-2ec1-4eb6-9b3f-6a4153623a42.jpg using Guid(e19a21a20e6adcf478ad20c447539190) Importer(815301076,1909f56bfc062723c751e8b465ee728b) (PreviewImporter) -> (artifact id: '00000000000000000000000000000000') in 0.0291408 seconds
Import Error Code:(4)
Message: Build asset version error: assets/00_project/generatedcharacters/mocking/character/npc_3_rigged.fbm/normalgl_111859aa-2ec1-4eb6-9b3f-6a4153623a42.jpg in SourceAssetDB has modification time of '2026-05-26T15:24:44.1103553Z' while content on disk has modification time of '2026-05-26T15:27:47.1721077Z'
  ERROR: Build asset version error: assets/00_project/generatedcharacters/mocking/character/npc_3_rigged.fbm/normalgl_111859aa-2ec1-4eb6-9b3f-6a4153623a42.jpg in SourceAssetDB has modification time of '2026-05-26T15:24:44.1103553Z' while content on disk has modification time of '2026-05-26T15:27:47.1721077Z'
Number of updated asset objects reloaded before import = 0Number of asset objects unloaded after import = 0

========================================================================
Received Import Request.
  Time since last request: 0.000019 seconds.
  path: Assets/00_Project/GeneratedCharacters/mocking/character/npc_3_rigged.fbm/temp_ORM_111859aa-2ec1-4eb6-9b3f-6a4153623a42_Roughness.jpg
  artifactKey: Guid(58d39ca4cc3414e42be20fc44c5f04de) Importer(815301076,1909f56bfc062723c751e8b465ee728b)
Start importing Assets/00_Project/GeneratedCharacters/mocking/character/npc_3_rigged.fbm/temp_ORM_111859aa-2ec1-4eb6-9b3f-6a4153623a42_Roughness.jpg using Guid(58d39ca4cc3414e42be20fc44c5f04de) Importer(815301076,1909f56bfc062723c751e8b465ee728b) (PreviewImporter) -> (artifact id: '00000000000000000000000000000000') in 0.0295949 seconds
Import Error Code:(4)
Message: Build asset version error: assets/00_project/generatedcharacters/mocking/character/npc_3_rigged.fbm/temp_orm_111859aa-2ec1-4eb6-9b3f-6a4153623a42_roughness.jpg in SourceAssetDB has modification time of '2026-05-26T15:24:44.1118576Z' while content on disk has modification time of '2026-05-26T15:27:47.173113Z'
  ERROR: Build asset version error: assets/00_project/generatedcharacters/mocking/character/npc_3_rigged.fbm/temp_orm_111859aa-2ec1-4eb6-9b3f-6a4153623a42_roughness.jpg in SourceAssetDB has modification time of '2026-05-26T15:24:44.1118576Z' while content on disk has modification time of '2026-05-26T15:27:47.173113Z'
Number of updated asset objects reloaded before import = 0Number of asset objects unloaded after import = 0

========================================================================
Received Import Request.
  Time since last request: 0.000019 seconds.
  path: Assets/00_Project/GeneratedCharacters/mocking/character/npc_3_rigged.fbm/Color_111859aa-2ec1-4eb6-9b3f-6a4153623a42.jpg
  artifactKey: Guid(10a4a4cdb3bcfac4c9f807f6798deb88) Importer(815301076,1909f56bfc062723c751e8b465ee728b)
Start importing Assets/00_Project/GeneratedCharacters/mocking/character/npc_3_rigged.fbm/Color_111859aa-2ec1-4eb6-9b3f-6a4153623a42.jpg using Guid(10a4a4cdb3bcfac4c9f807f6798deb88) Importer(815301076,1909f56bfc062723c751e8b465ee728b) (PreviewImporter) -> (artifact id: '00000000000000000000000000000000') in 0.0277444 seconds
Import Error Code:(4)
Message: Build asset version error: assets/00_project/generatedcharacters/mocking/character/npc_3_rigged.fbm/color_111859aa-2ec1-4eb6-9b3f-6a4153623a42.jpg in SourceAssetDB has modification time of '2026-05-26T15:24:44.1103553Z' while content on disk has modification time of '2026-05-26T15:27:47.1716014Z'
  ERROR: Build asset version error: assets/00_project/generatedcharacters/mocking/character/npc_3_rigged.fbm/color_111859aa-2ec1-4eb6-9b3f-6a4153623a42.jpg in SourceAssetDB has modification time of '2026-05-26T15:24:44.1103553Z' while content on disk has modification time of '2026-05-26T15:27:47.1716014Z'
Number of updated asset objects reloaded before import = 0Number of asset objects unloaded after import = 0

========================================================================
Received Import Request.
  Time since last request: 0.000021 seconds.
  path: Assets/00_Project/GeneratedCharacters/mocking/character/npc_3_rigged.fbm/NormalGL_111859aa-2ec1-4eb6-9b3f-6a4153623a42.jpg
  artifactKey: Guid(e19a21a20e6adcf478ad20c447539190) Importer(815301076,1909f56bfc062723c751e8b465ee728b)
Start importing Assets/00_Project/GeneratedCharacters/mocking/character/npc_3_rigged.fbm/NormalGL_111859aa-2ec1-4eb6-9b3f-6a4153623a42.jpg using Guid(e19a21a20e6adcf478ad20c447539190) Importer(815301076,1909f56bfc062723c751e8b465ee728b) (PreviewImporter) -> (artifact id: '00000000000000000000000000000000') in 0.0284758 seconds
Import Error Code:(4)
Message: Build asset version error: assets/00_project/generatedcharacters/mocking/character/npc_3_rigged.fbm/normalgl_111859aa-2ec1-4eb6-9b3f-6a4153623a42.jpg in SourceAssetDB has modification time of '2026-05-26T15:24:44.1103553Z' while content on disk has modification time of '2026-05-26T15:27:47.1721077Z'
  ERROR: Build asset version error: assets/00_project/generatedcharacters/mocking/character/npc_3_rigged.fbm/normalgl_111859aa-2ec1-4eb6-9b3f-6a4153623a42.jpg in SourceAssetDB has modification time of '2026-05-26T15:24:44.1103553Z' while content on disk has modification time of '2026-05-26T15:27:47.1721077Z'
Number of updated asset objects reloaded before import = 0Number of asset objects unloaded after import = 0

========================================================================
Received Import Request.
  Time since last request: 0.000027 seconds.
  path: Assets/00_Project/GeneratedCharacters/mocking/character/npc_3_rigged.fbm/temp_ORM_111859aa-2ec1-4eb6-9b3f-6a4153623a42_Roughness.jpg
  artifactKey: Guid(58d39ca4cc3414e42be20fc44c5f04de) Importer(815301076,1909f56bfc062723c751e8b465ee728b)
Start importing Assets/00_Project/GeneratedCharacters/mocking/character/npc_3_rigged.fbm/temp_ORM_111859aa-2ec1-4eb6-9b3f-6a4153623a42_Roughness.jpg using Guid(58d39ca4cc3414e42be20fc44c5f04de) Importer(815301076,1909f56bfc062723c751e8b465ee728b) (PreviewImporter) -> (artifact id: '00000000000000000000000000000000') in 0.0310989 seconds
Import Error Code:(4)
Message: Build asset version error: assets/00_project/generatedcharacters/mocking/character/npc_3_rigged.fbm/temp_orm_111859aa-2ec1-4eb6-9b3f-6a4153623a42_roughness.jpg in SourceAssetDB has modification time of '2026-05-26T15:24:44.1118576Z' while content on disk has modification time of '2026-05-26T15:27:47.173113Z'
  ERROR: Build asset version error: assets/00_project/generatedcharacters/mocking/character/npc_3_rigged.fbm/temp_orm_111859aa-2ec1-4eb6-9b3f-6a4153623a42_roughness.jpg in SourceAssetDB has modification time of '2026-05-26T15:24:44.1118576Z' while content on disk has modification time of '2026-05-26T15:27:47.173113Z'
Number of updated asset objects reloaded before import = 0Number of asset objects unloaded after import = 0

========================================================================
Received Import Request.
  Time since last request: 0.000028 seconds.
  path: Assets/00_Project/GeneratedCharacters/mocking/character/npc_3_rigged.fbm/Color_111859aa-2ec1-4eb6-9b3f-6a4153623a42.jpg
  artifactKey: Guid(10a4a4cdb3bcfac4c9f807f6798deb88) Importer(815301076,1909f56bfc062723c751e8b465ee728b)
Start importing Assets/00_Project/GeneratedCharacters/mocking/character/npc_3_rigged.fbm/Color_111859aa-2ec1-4eb6-9b3f-6a4153623a42.jpg using Guid(10a4a4cdb3bcfac4c9f807f6798deb88) Importer(815301076,1909f56bfc062723c751e8b465ee728b) (PreviewImporter) -> (artifact id: '00000000000000000000000000000000') in 0.0314138 seconds
Import Error Code:(4)
Message: Build asset version error: assets/00_project/generatedcharacters/mocking/character/npc_3_rigged.fbm/color_111859aa-2ec1-4eb6-9b3f-6a4153623a42.jpg in SourceAssetDB has modification time of '2026-05-26T15:24:44.1103553Z' while content on disk has modification time of '2026-05-26T15:27:47.1716014Z'
  ERROR: Build asset version error: assets/00_project/generatedcharacters/mocking/character/npc_3_rigged.fbm/color_111859aa-2ec1-4eb6-9b3f-6a4153623a42.jpg in SourceAssetDB has modification time of '2026-05-26T15:24:44.1103553Z' while content on disk has modification time of '2026-05-26T15:27:47.1716014Z'
Number of updated asset objects reloaded before import = 0Number of asset objects unloaded after import = 0

========================================================================
Received Import Request.
  Time since last request: 0.000018 seconds.
  path: Assets/00_Project/GeneratedCharacters/mocking/character/npc_3_rigged.fbm/temp_ORM_111859aa-2ec1-4eb6-9b3f-6a4153623a42_Metallic.jpg
  artifactKey: Guid(6095e6e900acffe45a3da568f0a57422) Importer(815301076,1909f56bfc062723c751e8b465ee728b)
Start importing Assets/00_Project/GeneratedCharacters/mocking/character/npc_3_rigged.fbm/temp_ORM_111859aa-2ec1-4eb6-9b3f-6a4153623a42_Metallic.jpg using Guid(6095e6e900acffe45a3da568f0a57422) Importer(815301076,1909f56bfc062723c751e8b465ee728b) (PreviewImporter) -> (artifact id: '00000000000000000000000000000000') in 0.0294973 seconds
Import Error Code:(4)
Message: Build asset version error: assets/00_project/generatedcharacters/mocking/character/npc_3_rigged.fbm/temp_orm_111859aa-2ec1-4eb6-9b3f-6a4153623a42_metallic.jpg in SourceAssetDB has modification time of '2026-05-26T15:24:44.1133605Z' while content on disk has modification time of '2026-05-26T15:27:47.1741348Z'
  ERROR: Build asset version error: assets/00_project/generatedcharacters/mocking/character/npc_3_rigged.fbm/temp_orm_111859aa-2ec1-4eb6-9b3f-6a4153623a42_metallic.jpg in SourceAssetDB has modification time of '2026-05-26T15:24:44.1133605Z' while content on disk has modification time of '2026-05-26T15:27:47.1741348Z'
Number of updated asset objects reloaded before import = 0Number of asset objects unloaded after import = 0

========================================================================
Received Import Request.
  Time since last request: 0.000022 seconds.
  path: Assets/00_Project/GeneratedCharacters/mocking/character/npc_3_rigged.fbm/Color_111859aa-2ec1-4eb6-9b3f-6a4153623a42.jpg
  artifactKey: Guid(10a4a4cdb3bcfac4c9f807f6798deb88) Importer(815301076,1909f56bfc062723c751e8b465ee728b)
Start importing Assets/00_Project/GeneratedCharacters/mocking/character/npc_3_rigged.fbm/Color_111859aa-2ec1-4eb6-9b3f-6a4153623a42.jpg using Guid(10a4a4cdb3bcfac4c9f807f6798deb88) Importer(815301076,1909f56bfc062723c751e8b465ee728b) (PreviewImporter) -> (artifact id: '00000000000000000000000000000000') in 0.0300158 seconds
Import Error Code:(4)
Message: Build asset version error: assets/00_project/generatedcharacters/mocking/character/npc_3_rigged.fbm/color_111859aa-2ec1-4eb6-9b3f-6a4153623a42.jpg in SourceAssetDB has modification time of '2026-05-26T15:24:44.1103553Z' while content on disk has modification time of '2026-05-26T15:27:47.1716014Z'
  ERROR: Build asset version error: assets/00_project/generatedcharacters/mocking/character/npc_3_rigged.fbm/color_111859aa-2ec1-4eb6-9b3f-6a4153623a42.jpg in SourceAssetDB has modification time of '2026-05-26T15:24:44.1103553Z' while content on disk has modification time of '2026-05-26T15:27:47.1716014Z'
Number of updated asset objects reloaded before import = 0Number of asset objects unloaded after import = 0

========================================================================
Received Import Request.
  Time since last request: 0.000027 seconds.
  path: Assets/00_Project/GeneratedCharacters/mocking/character/npc_3_rigged.fbm/temp_ORM_111859aa-2ec1-4eb6-9b3f-6a4153623a42_Roughness.jpg
  artifactKey: Guid(58d39ca4cc3414e42be20fc44c5f04de) Importer(815301076,1909f56bfc062723c751e8b465ee728b)
Start importing Assets/00_Project/GeneratedCharacters/mocking/character/npc_3_rigged.fbm/temp_ORM_111859aa-2ec1-4eb6-9b3f-6a4153623a42_Roughness.jpg using Guid(58d39ca4cc3414e42be20fc44c5f04de) Importer(815301076,1909f56bfc062723c751e8b465ee728b) (PreviewImporter) -> (artifact id: '00000000000000000000000000000000') in 0.0304445 seconds
Import Error Code:(4)
Message: Build asset version error: assets/00_project/generatedcharacters/mocking/character/npc_3_rigged.fbm/temp_orm_111859aa-2ec1-4eb6-9b3f-6a4153623a42_roughness.jpg in SourceAssetDB has modification time of '2026-05-26T15:24:44.1118576Z' while content on disk has modification time of '2026-05-26T15:27:47.173113Z'
  ERROR: Build asset version error: assets/00_project/generatedcharacters/mocking/character/npc_3_rigged.fbm/temp_orm_111859aa-2ec1-4eb6-9b3f-6a4153623a42_roughness.jpg in SourceAssetDB has modification time of '2026-05-26T15:24:44.1118576Z' while content on disk has modification time of '2026-05-26T15:27:47.173113Z'
Number of updated asset objects reloaded before import = 0Number of asset objects unloaded after import = 0

========================================================================
Received Import Request.
  Time since last request: 0.000020 seconds.
  path: Assets/00_Project/GeneratedCharacters/mocking/character/npc_3_rigged.fbm/Color_111859aa-2ec1-4eb6-9b3f-6a4153623a42.jpg
  artifactKey: Guid(10a4a4cdb3bcfac4c9f807f6798deb88) Importer(815301076,1909f56bfc062723c751e8b465ee728b)
Start importing Assets/00_Project/GeneratedCharacters/mocking/character/npc_3_rigged.fbm/Color_111859aa-2ec1-4eb6-9b3f-6a4153623a42.jpg using Guid(10a4a4cdb3bcfac4c9f807f6798deb88) Importer(815301076,1909f56bfc062723c751e8b465ee728b) (PreviewImporter) -> (artifact id: '00000000000000000000000000000000') in 0.0298694 seconds
Import Error Code:(4)
Message: Build asset version error: assets/00_project/generatedcharacters/mocking/character/npc_3_rigged.fbm/color_111859aa-2ec1-4eb6-9b3f-6a4153623a42.jpg in SourceAssetDB has modification time of '2026-05-26T15:24:44.1103553Z' while content on disk has modification time of '2026-05-26T15:27:47.1716014Z'
  ERROR: Build asset version error: assets/00_project/generatedcharacters/mocking/character/npc_3_rigged.fbm/color_111859aa-2ec1-4eb6-9b3f-6a4153623a42.jpg in SourceAssetDB has modification time of '2026-05-26T15:24:44.1103553Z' while content on disk has modification time of '2026-05-26T15:27:47.1716014Z'
Number of updated asset objects reloaded before import = 0Number of asset objects unloaded after import = 0

========================================================================
Received Import Request.
  Time since last request: 0.000019 seconds.
  path: Assets/00_Project/GeneratedCharacters/mocking/character/npc_3_rigged.fbm/temp_ORM_111859aa-2ec1-4eb6-9b3f-6a4153623a42_Metallic.jpg
  artifactKey: Guid(6095e6e900acffe45a3da568f0a57422) Importer(815301076,1909f56bfc062723c751e8b465ee728b)
Start importing Assets/00_Project/GeneratedCharacters/mocking/character/npc_3_rigged.fbm/temp_ORM_111859aa-2ec1-4eb6-9b3f-6a4153623a42_Metallic.jpg using Guid(6095e6e900acffe45a3da568f0a57422) Importer(815301076,1909f56bfc062723c751e8b465ee728b) (PreviewImporter) -> (artifact id: '00000000000000000000000000000000') in 0.03144 seconds
Import Error Code:(4)
Message: Build asset version error: assets/00_project/generatedcharacters/mocking/character/npc_3_rigged.fbm/temp_orm_111859aa-2ec1-4eb6-9b3f-6a4153623a42_metallic.jpg in SourceAssetDB has modification time of '2026-05-26T15:24:44.1133605Z' while content on disk has modification time of '2026-05-26T15:27:47.1741348Z'
  ERROR: Build asset version error: assets/00_project/generatedcharacters/mocking/character/npc_3_rigged.fbm/temp_orm_111859aa-2ec1-4eb6-9b3f-6a4153623a42_metallic.jpg in SourceAssetDB has modification time of '2026-05-26T15:24:44.1133605Z' while content on disk has modification time of '2026-05-26T15:27:47.1741348Z'
Number of updated asset objects reloaded before import = 0Number of asset objects unloaded after import = 0

========================================================================
Received Import Request.
  Time since last request: 0.000021 seconds.
  path: Assets/00_Project/GeneratedCharacters/mocking/character/npc_3_rigged.fbm/Color_111859aa-2ec1-4eb6-9b3f-6a4153623a42.jpg
  artifactKey: Guid(10a4a4cdb3bcfac4c9f807f6798deb88) Importer(815301076,1909f56bfc062723c751e8b465ee728b)
Start importing Assets/00_Project/GeneratedCharacters/mocking/character/npc_3_rigged.fbm/Color_111859aa-2ec1-4eb6-9b3f-6a4153623a42.jpg using Guid(10a4a4cdb3bcfac4c9f807f6798deb88) Importer(815301076,1909f56bfc062723c751e8b465ee728b) (PreviewImporter) -> (artifact id: '00000000000000000000000000000000') in 0.0287058 seconds
Import Error Code:(4)
Message: Build asset version error: assets/00_project/generatedcharacters/mocking/character/npc_3_rigged.fbm/color_111859aa-2ec1-4eb6-9b3f-6a4153623a42.jpg in SourceAssetDB has modification time of '2026-05-26T15:24:44.1103553Z' while content on disk has modification time of '2026-05-26T15:27:47.1716014Z'
  ERROR: Build asset version error: assets/00_project/generatedcharacters/mocking/character/npc_3_rigged.fbm/color_111859aa-2ec1-4eb6-9b3f-6a4153623a42.jpg in SourceAssetDB has modification time of '2026-05-26T15:24:44.1103553Z' while content on disk has modification time of '2026-05-26T15:27:47.1716014Z'
Number of updated asset objects reloaded before import = 0Number of asset objects unloaded after import = 0

========================================================================
Received Import Request.
  Time since last request: 0.000026 seconds.
  path: Assets/00_Project/GeneratedCharacters/mocking/character/npc_3_rigged.fbm/temp_ORM_111859aa-2ec1-4eb6-9b3f-6a4153623a42_Roughness.jpg
  artifactKey: Guid(58d39ca4cc3414e42be20fc44c5f04de) Importer(815301076,1909f56bfc062723c751e8b465ee728b)
Start importing Assets/00_Project/GeneratedCharacters/mocking/character/npc_3_rigged.fbm/temp_ORM_111859aa-2ec1-4eb6-9b3f-6a4153623a42_Roughness.jpg using Guid(58d39ca4cc3414e42be20fc44c5f04de) Importer(815301076,1909f56bfc062723c751e8b465ee728b) (PreviewImporter) -> (artifact id: '00000000000000000000000000000000') in 0.0287839 seconds
Import Error Code:(4)
Message: Build asset version error: assets/00_project/generatedcharacters/mocking/character/npc_3_rigged.fbm/temp_orm_111859aa-2ec1-4eb6-9b3f-6a4153623a42_roughness.jpg in SourceAssetDB has modification time of '2026-05-26T15:24:44.1118576Z' while content on disk has modification time of '2026-05-26T15:27:47.173113Z'
  ERROR: Build asset version error: assets/00_project/generatedcharacters/mocking/character/npc_3_rigged.fbm/temp_orm_111859aa-2ec1-4eb6-9b3f-6a4153623a42_roughness.jpg in SourceAssetDB has modification time of '2026-05-26T15:24:44.1118576Z' while content on disk has modification time of '2026-05-26T15:27:47.173113Z'
Number of updated asset objects reloaded before import = 0Number of asset objects unloaded after import = 0

========================================================================
Received Import Request.
  Time since last request: 0.000017 seconds.
  path: Assets/00_Project/GeneratedCharacters/mocking/character/npc_3_rigged.fbm/Color_111859aa-2ec1-4eb6-9b3f-6a4153623a42.jpg
  artifactKey: Guid(10a4a4cdb3bcfac4c9f807f6798deb88) Importer(815301076,1909f56bfc062723c751e8b465ee728b)
Start importing Assets/00_Project/GeneratedCharacters/mocking/character/npc_3_rigged.fbm/Color_111859aa-2ec1-4eb6-9b3f-6a4153623a42.jpg using Guid(10a4a4cdb3bcfac4c9f807f6798deb88) Importer(815301076,1909f56bfc062723c751e8b465ee728b) (PreviewImporter) -> (artifact id: '00000000000000000000000000000000') in 0.0294082 seconds
Import Error Code:(4)
Message: Build asset version error: assets/00_project/generatedcharacters/mocking/character/npc_3_rigged.fbm/color_111859aa-2ec1-4eb6-9b3f-6a4153623a42.jpg in SourceAssetDB has modification time of '2026-05-26T15:24:44.1103553Z' while content on disk has modification time of '2026-05-26T15:27:47.1716014Z'
  ERROR: Build asset version error: assets/00_project/generatedcharacters/mocking/character/npc_3_rigged.fbm/color_111859aa-2ec1-4eb6-9b3f-6a4153623a42.jpg in SourceAssetDB has modification time of '2026-05-26T15:24:44.1103553Z' while content on disk has modification time of '2026-05-26T15:27:47.1716014Z'
Number of updated asset objects reloaded before import = 0Number of asset objects unloaded after import = 0

========================================================================
Received Import Request.
  Time since last request: 0.000019 seconds.
  path: Assets/00_Project/GeneratedCharacters/mocking/character/npc_3_rigged.fbm/NormalGL_111859aa-2ec1-4eb6-9b3f-6a4153623a42.jpg
  artifactKey: Guid(e19a21a20e6adcf478ad20c447539190) Importer(815301076,1909f56bfc062723c751e8b465ee728b)
Start importing Assets/00_Project/GeneratedCharacters/mocking/character/npc_3_rigged.fbm/NormalGL_111859aa-2ec1-4eb6-9b3f-6a4153623a42.jpg using Guid(e19a21a20e6adcf478ad20c447539190) Importer(815301076,1909f56bfc062723c751e8b465ee728b) (PreviewImporter) -> (artifact id: '00000000000000000000000000000000') in 0.0283538 seconds
Import Error Code:(4)
Message: Build asset version error: assets/00_project/generatedcharacters/mocking/character/npc_3_rigged.fbm/normalgl_111859aa-2ec1-4eb6-9b3f-6a4153623a42.jpg in SourceAssetDB has modification time of '2026-05-26T15:24:44.1103553Z' while content on disk has modification time of '2026-05-26T15:27:47.1721077Z'
  ERROR: Build asset version error: assets/00_project/generatedcharacters/mocking/character/npc_3_rigged.fbm/normalgl_111859aa-2ec1-4eb6-9b3f-6a4153623a42.jpg in SourceAssetDB has modification time of '2026-05-26T15:24:44.1103553Z' while content on disk has modification time of '2026-05-26T15:27:47.1721077Z'
Number of updated asset objects reloaded before import = 0Number of asset objects unloaded after import = 0

========================================================================
Received Import Request.
  Time since last request: 0.000022 seconds.
  path: Assets/00_Project/GeneratedCharacters/mocking/character/npc_3_rigged.fbm/Color_111859aa-2ec1-4eb6-9b3f-6a4153623a42.jpg
  artifactKey: Guid(10a4a4cdb3bcfac4c9f807f6798deb88) Importer(815301076,1909f56bfc062723c751e8b465ee728b)
Start importing Assets/00_Project/GeneratedCharacters/mocking/character/npc_3_rigged.fbm/Color_111859aa-2ec1-4eb6-9b3f-6a4153623a42.jpg using Guid(10a4a4cdb3bcfac4c9f807f6798deb88) Importer(815301076,1909f56bfc062723c751e8b465ee728b) (PreviewImporter) -> (artifact id: '00000000000000000000000000000000') in 0.0322287 seconds
Import Error Code:(4)
Message: Build asset version error: assets/00_project/generatedcharacters/mocking/character/npc_3_rigged.fbm/color_111859aa-2ec1-4eb6-9b3f-6a4153623a42.jpg in SourceAssetDB has modification time of '2026-05-26T15:24:44.1103553Z' while content on disk has modification time of '2026-05-26T15:27:47.1716014Z'
  ERROR: Build asset version error: assets/00_project/generatedcharacters/mocking/character/npc_3_rigged.fbm/color_111859aa-2ec1-4eb6-9b3f-6a4153623a42.jpg in SourceAssetDB has modification time of '2026-05-26T15:24:44.1103553Z' while content on disk has modification time of '2026-05-26T15:27:47.1716014Z'
Number of updated asset objects reloaded before import = 0Number of asset objects unloaded after import = 0

========================================================================
Received Import Request.
  Time since last request: 0.000032 seconds.
  path: Assets/00_Project/GeneratedCharacters/mocking/character/npc_3_rigged.fbm/NormalGL_111859aa-2ec1-4eb6-9b3f-6a4153623a42.jpg
  artifactKey: Guid(e19a21a20e6adcf478ad20c447539190) Importer(815301076,1909f56bfc062723c751e8b465ee728b)
Start importing Assets/00_Project/GeneratedCharacters/mocking/character/npc_3_rigged.fbm/NormalGL_111859aa-2ec1-4eb6-9b3f-6a4153623a42.jpg using Guid(e19a21a20e6adcf478ad20c447539190) Importer(815301076,1909f56bfc062723c751e8b465ee728b) (PreviewImporter) -> (artifact id: '00000000000000000000000000000000') in 0.0320167 seconds
Import Error Code:(4)
Message: Build asset version error: assets/00_project/generatedcharacters/mocking/character/npc_3_rigged.fbm/normalgl_111859aa-2ec1-4eb6-9b3f-6a4153623a42.jpg in SourceAssetDB has modification time of '2026-05-26T15:24:44.1103553Z' while content on disk has modification time of '2026-05-26T15:27:47.1721077Z'
  ERROR: Build asset version error: assets/00_project/generatedcharacters/mocking/character/npc_3_rigged.fbm/normalgl_111859aa-2ec1-4eb6-9b3f-6a4153623a42.jpg in SourceAssetDB has modification time of '2026-05-26T15:24:44.1103553Z' while content on disk has modification time of '2026-05-26T15:27:47.1721077Z'
Number of updated asset objects reloaded before import = 0Number of asset objects unloaded after import = 0

========================================================================
Received Import Request.
  Time since last request: 0.000022 seconds.
  path: Assets/00_Project/GeneratedCharacters/mocking/character/npc_3_rigged.fbm/Color_111859aa-2ec1-4eb6-9b3f-6a4153623a42.jpg
  artifactKey: Guid(10a4a4cdb3bcfac4c9f807f6798deb88) Importer(815301076,1909f56bfc062723c751e8b465ee728b)
Start importing Assets/00_Project/GeneratedCharacters/mocking/character/npc_3_rigged.fbm/Color_111859aa-2ec1-4eb6-9b3f-6a4153623a42.jpg using Guid(10a4a4cdb3bcfac4c9f807f6798deb88) Importer(815301076,1909f56bfc062723c751e8b465ee728b) (PreviewImporter) -> (artifact id: '00000000000000000000000000000000') in 0.0342083 seconds
Import Error Code:(4)
Message: Build asset version error: assets/00_project/generatedcharacters/mocking/character/npc_3_rigged.fbm/color_111859aa-2ec1-4eb6-9b3f-6a4153623a42.jpg in SourceAssetDB has modification time of '2026-05-26T15:24:44.1103553Z' while content on disk has modification time of '2026-05-26T15:27:47.1716014Z'
  ERROR: Build asset version error: assets/00_project/generatedcharacters/mocking/character/npc_3_rigged.fbm/color_111859aa-2ec1-4eb6-9b3f-6a4153623a42.jpg in SourceAssetDB has modification time of '2026-05-26T15:24:44.1103553Z' while content on disk has modification time of '2026-05-26T15:27:47.1716014Z'
Number of updated asset objects reloaded before import = 0Number of asset objects unloaded after import = 0

========================================================================
Received Import Request.
  Time since last request: 0.000020 seconds.
  path: Assets/00_Project/GeneratedCharacters/mocking/character/npc_3_rigged.fbm/NormalGL_111859aa-2ec1-4eb6-9b3f-6a4153623a42.jpg
  artifactKey: Guid(e19a21a20e6adcf478ad20c447539190) Importer(815301076,1909f56bfc062723c751e8b465ee728b)
Start importing Assets/00_Project/GeneratedCharacters/mocking/character/npc_3_rigged.fbm/NormalGL_111859aa-2ec1-4eb6-9b3f-6a4153623a42.jpg using Guid(e19a21a20e6adcf478ad20c447539190) Importer(815301076,1909f56bfc062723c751e8b465ee728b) (PreviewImporter) -> (artifact id: '00000000000000000000000000000000') in 0.0330131 seconds
Import Error Code:(4)
Message: Build asset version error: assets/00_project/generatedcharacters/mocking/character/npc_3_rigged.fbm/normalgl_111859aa-2ec1-4eb6-9b3f-6a4153623a42.jpg in SourceAssetDB has modification time of '2026-05-26T15:24:44.1103553Z' while content on disk has modification time of '2026-05-26T15:27:47.1721077Z'
  ERROR: Build asset version error: assets/00_project/generatedcharacters/mocking/character/npc_3_rigged.fbm/normalgl_111859aa-2ec1-4eb6-9b3f-6a4153623a42.jpg in SourceAssetDB has modification time of '2026-05-26T15:24:44.1103553Z' while content on disk has modification time of '2026-05-26T15:27:47.1721077Z'
Number of updated asset objects reloaded before import = 0Number of asset objects unloaded after import = 0

========================================================================
Received Import Request.
  Time since last request: 0.000023 seconds.
  path: Assets/00_Project/GeneratedCharacters/mocking/character/npc_3_rigged.fbm/Color_111859aa-2ec1-4eb6-9b3f-6a4153623a42.jpg
  artifactKey: Guid(10a4a4cdb3bcfac4c9f807f6798deb88) Importer(815301076,1909f56bfc062723c751e8b465ee728b)
Start importing Assets/00_Project/GeneratedCharacters/mocking/character/npc_3_rigged.fbm/Color_111859aa-2ec1-4eb6-9b3f-6a4153623a42.jpg using Guid(10a4a4cdb3bcfac4c9f807f6798deb88) Importer(815301076,1909f56bfc062723c751e8b465ee728b) (PreviewImporter) -> (artifact id: '00000000000000000000000000000000') in 0.0346812 seconds
Import Error Code:(4)
Message: Build asset version error: assets/00_project/generatedcharacters/mocking/character/npc_3_rigged.fbm/color_111859aa-2ec1-4eb6-9b3f-6a4153623a42.jpg in SourceAssetDB has modification time of '2026-05-26T15:24:44.1103553Z' while content on disk has modification time of '2026-05-26T15:27:47.1716014Z'
  ERROR: Build asset version error: assets/00_project/generatedcharacters/mocking/character/npc_3_rigged.fbm/color_111859aa-2ec1-4eb6-9b3f-6a4153623a42.jpg in SourceAssetDB has modification time of '2026-05-26T15:24:44.1103553Z' while content on disk has modification time of '2026-05-26T15:27:47.1716014Z'
Number of updated asset objects reloaded before import = 0Number of asset objects unloaded after import = 0

========================================================================
Received Import Request.
  Time since last request: 0.000030 seconds.
  path: Assets/00_Project/GeneratedCharacters/mocking/character/npc_3_rigged.fbm/NormalGL_111859aa-2ec1-4eb6-9b3f-6a4153623a42.jpg
  artifactKey: Guid(e19a21a20e6adcf478ad20c447539190) Importer(815301076,1909f56bfc062723c751e8b465ee728b)
Start importing Assets/00_Project/GeneratedCharacters/mocking/character/npc_3_rigged.fbm/NormalGL_111859aa-2ec1-4eb6-9b3f-6a4153623a42.jpg using Guid(e19a21a20e6adcf478ad20c447539190) Importer(815301076,1909f56bfc062723c751e8b465ee728b) (PreviewImporter) -> (artifact id: '00000000000000000000000000000000') in 0.0348838 seconds
Import Error Code:(4)
Message: Build asset version error: assets/00_project/generatedcharacters/mocking/character/npc_3_rigged.fbm/normalgl_111859aa-2ec1-4eb6-9b3f-6a4153623a42.jpg in SourceAssetDB has modification time of '2026-05-26T15:24:44.1103553Z' while content on disk has modification time of '2026-05-26T15:27:47.1721077Z'
  ERROR: Build asset version error: assets/00_project/generatedcharacters/mocking/character/npc_3_rigged.fbm/normalgl_111859aa-2ec1-4eb6-9b3f-6a4153623a42.jpg in SourceAssetDB has modification time of '2026-05-26T15:24:44.1103553Z' while content on disk has modification time of '2026-05-26T15:27:47.1721077Z'
Number of updated asset objects reloaded before import = 0Number of asset objects unloaded after import = 0

========================================================================
Received Import Request.
  Time since last request: 0.000019 seconds.
  path: Assets/00_Project/GeneratedCharacters/mocking/character/npc_3_rigged.fbm/Color_111859aa-2ec1-4eb6-9b3f-6a4153623a42.jpg
  artifactKey: Guid(10a4a4cdb3bcfac4c9f807f6798deb88) Importer(815301076,1909f56bfc062723c751e8b465ee728b)
Start importing Assets/00_Project/GeneratedCharacters/mocking/character/npc_3_rigged.fbm/Color_111859aa-2ec1-4eb6-9b3f-6a4153623a42.jpg using Guid(10a4a4cdb3bcfac4c9f807f6798deb88) Importer(815301076,1909f56bfc062723c751e8b465ee728b) (PreviewImporter) -> (artifact id: '00000000000000000000000000000000') in 0.0341543 seconds
Import Error Code:(4)
Message: Build asset version error: assets/00_project/generatedcharacters/mocking/character/npc_3_rigged.fbm/color_111859aa-2ec1-4eb6-9b3f-6a4153623a42.jpg in SourceAssetDB has modification time of '2026-05-26T15:24:44.1103553Z' while content on disk has modification time of '2026-05-26T15:27:47.1716014Z'
  ERROR: Build asset version error: assets/00_project/generatedcharacters/mocking/character/npc_3_rigged.fbm/color_111859aa-2ec1-4eb6-9b3f-6a4153623a42.jpg in SourceAssetDB has modification time of '2026-05-26T15:24:44.1103553Z' while content on disk has modification time of '2026-05-26T15:27:47.1716014Z'
Number of updated asset objects reloaded before import = 0Number of asset objects unloaded after import = 0

========================================================================
Received Import Request.
  Time since last request: 0.000020 seconds.
  path: Assets/00_Project/GeneratedCharacters/mocking/character/npc_3_rigged.fbm/NormalGL_111859aa-2ec1-4eb6-9b3f-6a4153623a42.jpg
  artifactKey: Guid(e19a21a20e6adcf478ad20c447539190) Importer(815301076,1909f56bfc062723c751e8b465ee728b)
Start importing Assets/00_Project/GeneratedCharacters/mocking/character/npc_3_rigged.fbm/NormalGL_111859aa-2ec1-4eb6-9b3f-6a4153623a42.jpg using Guid(e19a21a20e6adcf478ad20c447539190) Importer(815301076,1909f56bfc062723c751e8b465ee728b) (PreviewImporter) -> (artifact id: '00000000000000000000000000000000') in 0.03867 seconds
Import Error Code:(4)
Message: Build asset version error: assets/00_project/generatedcharacters/mocking/character/npc_3_rigged.fbm/normalgl_111859aa-2ec1-4eb6-9b3f-6a4153623a42.jpg in SourceAssetDB has modification time of '2026-05-26T15:24:44.1103553Z' while content on disk has modification time of '2026-05-26T15:27:47.1721077Z'
  ERROR: Build asset version error: assets/00_project/generatedcharacters/mocking/character/npc_3_rigged.fbm/normalgl_111859aa-2ec1-4eb6-9b3f-6a4153623a42.jpg in SourceAssetDB has modification time of '2026-05-26T15:24:44.1103553Z' while content on disk has modification time of '2026-05-26T15:27:47.1721077Z'
Number of updated asset objects reloaded before import = 0Number of asset objects unloaded after import = 0

========================================================================
Received Import Request.
  Time since last request: 0.000021 seconds.
  path: Assets/00_Project/GeneratedCharacters/mocking/character/npc_3_rigged.fbm/temp_ORM_111859aa-2ec1-4eb6-9b3f-6a4153623a42_Roughness.jpg
  artifactKey: Guid(58d39ca4cc3414e42be20fc44c5f04de) Importer(815301076,1909f56bfc062723c751e8b465ee728b)
Start importing Assets/00_Project/GeneratedCharacters/mocking/character/npc_3_rigged.fbm/temp_ORM_111859aa-2ec1-4eb6-9b3f-6a4153623a42_Roughness.jpg using Guid(58d39ca4cc3414e42be20fc44c5f04de) Importer(815301076,1909f56bfc062723c751e8b465ee728b) (PreviewImporter) -> (artifact id: '00000000000000000000000000000000') in 0.0371038 seconds
Import Error Code:(4)
Message: Build asset version error: assets/00_project/generatedcharacters/mocking/character/npc_3_rigged.fbm/temp_orm_111859aa-2ec1-4eb6-9b3f-6a4153623a42_roughness.jpg in SourceAssetDB has modification time of '2026-05-26T15:24:44.1118576Z' while content on disk has modification time of '2026-05-26T15:27:47.173113Z'
  ERROR: Build asset version error: assets/00_project/generatedcharacters/mocking/character/npc_3_rigged.fbm/temp_orm_111859aa-2ec1-4eb6-9b3f-6a4153623a42_roughness.jpg in SourceAssetDB has modification time of '2026-05-26T15:24:44.1118576Z' while content on disk has modification time of '2026-05-26T15:27:47.173113Z'
Number of updated asset objects reloaded before import = 0Number of asset objects unloaded after import = 0

========================================================================
Received Import Request.
  Time since last request: 0.000028 seconds.
  path: Assets/00_Project/GeneratedCharacters/mocking/character/npc_3_rigged.fbm/temp_ORM_111859aa-2ec1-4eb6-9b3f-6a4153623a42_Metallic.jpg
  artifactKey: Guid(6095e6e900acffe45a3da568f0a57422) Importer(815301076,1909f56bfc062723c751e8b465ee728b)
Start importing Assets/00_Project/GeneratedCharacters/mocking/character/npc_3_rigged.fbm/temp_ORM_111859aa-2ec1-4eb6-9b3f-6a4153623a42_Metallic.jpg using Guid(6095e6e900acffe45a3da568f0a57422) Importer(815301076,1909f56bfc062723c751e8b465ee728b) (PreviewImporter) -> (artifact id: '00000000000000000000000000000000') in 0.0290182 seconds
Import Error Code:(4)
Message: Build asset version error: assets/00_project/generatedcharacters/mocking/character/npc_3_rigged.fbm/temp_orm_111859aa-2ec1-4eb6-9b3f-6a4153623a42_metallic.jpg in SourceAssetDB has modification time of '2026-05-26T15:24:44.1133605Z' while content on disk has modification time of '2026-05-26T15:27:47.1741348Z'
  ERROR: Build asset version error: assets/00_project/generatedcharacters/mocking/character/npc_3_rigged.fbm/temp_orm_111859aa-2ec1-4eb6-9b3f-6a4153623a42_metallic.jpg in SourceAssetDB has modification time of '2026-05-26T15:24:44.1133605Z' while content on disk has modification time of '2026-05-26T15:27:47.1741348Z'
Number of updated asset objects reloaded before import = 0Number of asset objects unloaded after import = 0

========================================================================
Received Import Request.
  Time since last request: 0.000017 seconds.
  path: Assets/00_Project/GeneratedCharacters/mocking/character/npc_3_rigged.fbm/NormalGL_111859aa-2ec1-4eb6-9b3f-6a4153623a42.jpg
  artifactKey: Guid(e19a21a20e6adcf478ad20c447539190) Importer(815301076,1909f56bfc062723c751e8b465ee728b)
Start importing Assets/00_Project/GeneratedCharacters/mocking/character/npc_3_rigged.fbm/NormalGL_111859aa-2ec1-4eb6-9b3f-6a4153623a42.jpg using Guid(e19a21a20e6adcf478ad20c447539190) Importer(815301076,1909f56bfc062723c751e8b465ee728b) (PreviewImporter) -> (artifact id: '00000000000000000000000000000000') in 0.0301679 seconds
Import Error Code:(4)
Message: Build asset version error: assets/00_project/generatedcharacters/mocking/character/npc_3_rigged.fbm/normalgl_111859aa-2ec1-4eb6-9b3f-6a4153623a42.jpg in SourceAssetDB has modification time of '2026-05-26T15:24:44.1103553Z' while content on disk has modification time of '2026-05-26T15:27:47.1721077Z'
  ERROR: Build asset version error: assets/00_project/generatedcharacters/mocking/character/npc_3_rigged.fbm/normalgl_111859aa-2ec1-4eb6-9b3f-6a4153623a42.jpg in SourceAssetDB has modification time of '2026-05-26T15:24:44.1103553Z' while content on disk has modification time of '2026-05-26T15:27:47.1721077Z'
Number of updated asset objects reloaded before import = 0Number of asset objects unloaded after import = 0

========================================================================
Received Import Request.
  Time since last request: 0.000017 seconds.
  path: Assets/00_Project/GeneratedCharacters/mocking/character/npc_3_rigged.fbm/Color_111859aa-2ec1-4eb6-9b3f-6a4153623a42.jpg
  artifactKey: Guid(10a4a4cdb3bcfac4c9f807f6798deb88) Importer(815301076,1909f56bfc062723c751e8b465ee728b)
Start importing Assets/00_Project/GeneratedCharacters/mocking/character/npc_3_rigged.fbm/Color_111859aa-2ec1-4eb6-9b3f-6a4153623a42.jpg using Guid(10a4a4cdb3bcfac4c9f807f6798deb88) Importer(815301076,1909f56bfc062723c751e8b465ee728b) (PreviewImporter) -> (artifact id: '00000000000000000000000000000000') in 0.0286422 seconds
Import Error Code:(4)
Message: Build asset version error: assets/00_project/generatedcharacters/mocking/character/npc_3_rigged.fbm/color_111859aa-2ec1-4eb6-9b3f-6a4153623a42.jpg in SourceAssetDB has modification time of '2026-05-26T15:24:44.1103553Z' while content on disk has modification time of '2026-05-26T15:27:47.1716014Z'
  ERROR: Build asset version error: assets/00_project/generatedcharacters/mocking/character/npc_3_rigged.fbm/color_111859aa-2ec1-4eb6-9b3f-6a4153623a42.jpg in SourceAssetDB has modification time of '2026-05-26T15:24:44.1103553Z' while content on disk has modification time of '2026-05-26T15:27:47.1716014Z'
Number of updated asset objects reloaded before import = 0Number of asset objects unloaded after import = 0

========================================================================
Received Import Request.
  Time since last request: 0.000021 seconds.
  path: Assets/00_Project/GeneratedCharacters/mocking/character/npc_3_rigged.fbm/temp_ORM_111859aa-2ec1-4eb6-9b3f-6a4153623a42_Roughness.jpg
  artifactKey: Guid(58d39ca4cc3414e42be20fc44c5f04de) Importer(815301076,1909f56bfc062723c751e8b465ee728b)
Start importing Assets/00_Project/GeneratedCharacters/mocking/character/npc_3_rigged.fbm/temp_ORM_111859aa-2ec1-4eb6-9b3f-6a4153623a42_Roughness.jpg using Guid(58d39ca4cc3414e42be20fc44c5f04de) Importer(815301076,1909f56bfc062723c751e8b465ee728b) (PreviewImporter) -> (artifact id: '00000000000000000000000000000000') in 0.0292428 seconds
Import Error Code:(4)
Message: Build asset version error: assets/00_project/generatedcharacters/mocking/character/npc_3_rigged.fbm/temp_orm_111859aa-2ec1-4eb6-9b3f-6a4153623a42_roughness.jpg in SourceAssetDB has modification time of '2026-05-26T15:24:44.1118576Z' while content on disk has modification time of '2026-05-26T15:27:47.173113Z'
  ERROR: Build asset version error: assets/00_project/generatedcharacters/mocking/character/npc_3_rigged.fbm/temp_orm_111859aa-2ec1-4eb6-9b3f-6a4153623a42_roughness.jpg in SourceAssetDB has modification time of '2026-05-26T15:24:44.1118576Z' while content on disk has modification time of '2026-05-26T15:27:47.173113Z'
Number of updated asset objects reloaded before import = 0Number of asset objects unloaded after import = 0

========================================================================
Received Import Request.
  Time since last request: 0.000028 seconds.
  path: Assets/00_Project/GeneratedCharacters/mocking/character/npc_3_rigged.fbm/NormalGL_111859aa-2ec1-4eb6-9b3f-6a4153623a42.jpg
  artifactKey: Guid(e19a21a20e6adcf478ad20c447539190) Importer(815301076,1909f56bfc062723c751e8b465ee728b)
Start importing Assets/00_Project/GeneratedCharacters/mocking/character/npc_3_rigged.fbm/NormalGL_111859aa-2ec1-4eb6-9b3f-6a4153623a42.jpg using Guid(e19a21a20e6adcf478ad20c447539190) Importer(815301076,1909f56bfc062723c751e8b465ee728b) (PreviewImporter) -> (artifact id: '00000000000000000000000000000000') in 0.0296672 seconds
Import Error Code:(4)
Message: Build asset version error: assets/00_project/generatedcharacters/mocking/character/npc_3_rigged.fbm/normalgl_111859aa-2ec1-4eb6-9b3f-6a4153623a42.jpg in SourceAssetDB has modification time of '2026-05-26T15:24:44.1103553Z' while content on disk has modification time of '2026-05-26T15:27:47.1721077Z'
  ERROR: Build asset version error: assets/00_project/generatedcharacters/mocking/character/npc_3_rigged.fbm/normalgl_111859aa-2ec1-4eb6-9b3f-6a4153623a42.jpg in SourceAssetDB has modification time of '2026-05-26T15:24:44.1103553Z' while content on disk has modification time of '2026-05-26T15:27:47.1721077Z'
Number of updated asset objects reloaded before import = 0Number of asset objects unloaded after import = 0

========================================================================
Received Import Request.
  Time since last request: 0.000021 seconds.
  path: Assets/00_Project/GeneratedCharacters/mocking/character/npc_3_rigged.fbm/temp_ORM_111859aa-2ec1-4eb6-9b3f-6a4153623a42_Roughness.jpg
  artifactKey: Guid(58d39ca4cc3414e42be20fc44c5f04de) Importer(815301076,1909f56bfc062723c751e8b465ee728b)
Start importing Assets/00_Project/GeneratedCharacters/mocking/character/npc_3_rigged.fbm/temp_ORM_111859aa-2ec1-4eb6-9b3f-6a4153623a42_Roughness.jpg using Guid(58d39ca4cc3414e42be20fc44c5f04de) Importer(815301076,1909f56bfc062723c751e8b465ee728b) (PreviewImporter) -> (artifact id: '00000000000000000000000000000000') in 0.0306504 seconds
Import Error Code:(4)
Message: Build asset version error: assets/00_project/generatedcharacters/mocking/character/npc_3_rigged.fbm/temp_orm_111859aa-2ec1-4eb6-9b3f-6a4153623a42_roughness.jpg in SourceAssetDB has modification time of '2026-05-26T15:24:44.1118576Z' while content on disk has modification time of '2026-05-26T15:27:47.173113Z'
  ERROR: Build asset version error: assets/00_project/generatedcharacters/mocking/character/npc_3_rigged.fbm/temp_orm_111859aa-2ec1-4eb6-9b3f-6a4153623a42_roughness.jpg in SourceAssetDB has modification time of '2026-05-26T15:24:44.1118576Z' while content on disk has modification time of '2026-05-26T15:27:47.173113Z'
Number of updated asset objects reloaded before import = 0Number of asset objects unloaded after import = 0

========================================================================
Received Import Request.
  Time since last request: 0.000018 seconds.
  path: Assets/00_Project/GeneratedCharacters/mocking/character/npc_3_rigged.fbm/Color_111859aa-2ec1-4eb6-9b3f-6a4153623a42.jpg
  artifactKey: Guid(10a4a4cdb3bcfac4c9f807f6798deb88) Importer(815301076,1909f56bfc062723c751e8b465ee728b)
Start importing Assets/00_Project/GeneratedCharacters/mocking/character/npc_3_rigged.fbm/Color_111859aa-2ec1-4eb6-9b3f-6a4153623a42.jpg using Guid(10a4a4cdb3bcfac4c9f807f6798deb88) Importer(815301076,1909f56bfc062723c751e8b465ee728b) (PreviewImporter) -> (artifact id: '00000000000000000000000000000000') in 0.0295508 seconds
Import Error Code:(4)
Message: Build asset version error: assets/00_project/generatedcharacters/mocking/character/npc_3_rigged.fbm/color_111859aa-2ec1-4eb6-9b3f-6a4153623a42.jpg in SourceAssetDB has modification time of '2026-05-26T15:24:44.1103553Z' while content on disk has modification time of '2026-05-26T15:27:47.1716014Z'
  ERROR: Build asset version error: assets/00_project/generatedcharacters/mocking/character/npc_3_rigged.fbm/color_111859aa-2ec1-4eb6-9b3f-6a4153623a42.jpg in SourceAssetDB has modification time of '2026-05-26T15:24:44.1103553Z' while content on disk has modification time of '2026-05-26T15:27:47.1716014Z'
Number of updated asset objects reloaded before import = 0Number of asset objects unloaded after import = 0

========================================================================
Received Prepare
[Licensing::Client] Successfully resolved entitlement details
Begin MonoManager ReloadAssembly
[Licensing::Client] Successfully resolved entitlement details
Symbol file LoadedFromMemory is not a mono symbol file
- Loaded All Assemblies, in  1.112 seconds
Refreshing native plugins compatible for Editor in 39.92 ms, found 19 plugins.
Native extension for Android target not found
Native extension for WindowsStandalone target not found
[Package Manager] Failed to launch server process. Reason: Unity was launched with the -noUpm command-line argument
[Package Manager] Unable to send message (not connected to server process).
[Package Manager] Cannot connect to Unity Package Manager local server
[Package Manager] Failed to launch server process. Reason: Unity was launched with the -noUpm command-line argument
[Package Manager] Unable to send message (not connected to server process).
[Package Manager] Cannot connect to Unity Package Manager local server
[Package Manager] Failed to launch server process. Reason: Unity was launched with the -noUpm command-line argument
[Package Manager] Unable to send message (not connected to server process).
[Package Manager] Cannot connect to Unity Package Manager local server
System.Reflection.TargetInvocationException: Exception has been thrown by the target of an invocation. ---> System.NullReferenceException: Object reference not set to an instance of an object
  at Unity.XR.Oculus.OculusLoader.AssetPathToAbsolutePath (System.String assetPath) [0x0003d] in .\Library\PackageCache\com.unity.xr.oculus@68ef97a4d91e\Runtime\OculusLoader.cs:312 
  at Unity.XR.Oculus.OculusLoader.EditorLoadOVRPlugin () [0x0008c] in .\Library\PackageCache\com.unity.xr.oculus@68ef97a4d91e\Runtime\OculusLoader.cs:297 
  at (wrapper managed-to-native) System.Reflection.RuntimeMethodInfo.InternalInvoke(System.Reflection.RuntimeMethodInfo,object,object[],System.Exception&)
  at System.Reflection.RuntimeMethodInfo.Invoke (System.Object obj, System.Reflection.BindingFlags invokeAttr, System.Reflection.Binder binder, System.Object[] parameters, System.Globalization.CultureInfo culture) [0x0006a] in <59bd7c40c082431db25e1e728ab62789>:0 
   --- End of inner exception stack trace ---
  at System.Reflection.RuntimeMethodInfo.Invoke (System.Object obj, System.Reflection.BindingFlags invokeAttr, System.Reflection.Binder binder, System.Object[] parameters, System.Globalization.CultureInfo culture) [0x00083] in <59bd7c40c082431db25e1e728ab62789>:0 
  at System.Reflection.MethodBase.Invoke (System.Object obj, System.Object[] parameters) [0x00000] in <59bd7c40c082431db25e1e728ab62789>:0 
  at UnityEditor.EditorAssemblies.ProcessInitializeOnLoadMethodAttributes () [0x00087] in <1acad9deef3549c4b9617dfa169c6659>:0 
UnityEngine.Debug:ExtractStackTraceNoAlloc (byte*,int,string)
UnityEngine.StackTraceUtility:ExtractStackTrace ()
UnityEngine.DebugLogHandler:Internal_Log (UnityEngine.LogType,UnityEngine.LogOption,string,UnityEngine.Object)
UnityEngine.DebugLogHandler:LogFormat (UnityEngine.LogType,UnityEngine.Object,string,object[])
UnityEngine.Logger:Log (UnityEngine.LogType,object)
UnityEngine.Debug:LogError (object)
UnityEditor.EditorAssemblies:ProcessInitializeOnLoadMethodAttributes ()

[MODES] ModeService[none].Initialize
[MODES] ModeService[none].LoadModes
[Package Manager] Failed to launch server process. Reason: Unity was launched with the -noUpm command-line argument
[Package Manager] Unable to send message (not connected to server process).
[Package Manager] Cannot connect to Unity Package Manager local server
AssertionException: Error removing KTX for Unity WebGL sub-packages.. Failed fetching installed packages.
Assertion failure. Values are not equal.
Expected: Failure == Success
  at UnityEngine.Assertions.Assert.Fail (System.String message, System.String userMessage) [0x00043] in <b4c8c45fec274213bfac03ee0e9a3d62>:0 
  at UnityEngine.Assertions.Assert.AreEqual[T] (T expected, T actual, System.String message, System.Collections.Generic.IEqualityComparer`1[T] comparer) [0x0005f] in <b4c8c45fec274213bfac03ee0e9a3d62>:0 
  at UnityEngine.Assertions.Assert.AreEqual[T] (T expected, T actual, System.String message) [0x00009] in <b4c8c45fec274213bfac03ee0e9a3d62>:0 
  at SubPackage.SubPackageRemover.GetAllInstalledPackagesAsync (System.Double timeout) [0x000b7] in .\Library\PackageCache\com.unity.cloud.ktx@7a35f681840e\Editor\Scripts\SubPackage\SubPackageRemover.cs:81 
  at SubPackage.SubPackageRemover.TryRemoveObsoleteSubPackagesAsync () [0x0002a] in .\Library\PackageCache\com.unity.cloud.ktx@7a35f681840e\Editor\Scripts\SubPackage\SubPackageRemover.cs:35 
UnityEngine.DebugLogHandler:Internal_LogException_Injected(Exception, IntPtr)
UnityEngine.DebugLogHandler:Internal_LogException(Exception, Object)
UnityEngine.DebugLogHandler:LogException(Exception, Object)
UnityEngine.Logger:LogException(Exception, Object)
UnityEngine.Debug:LogException(Exception)
SubPackage.<TryRemoveObsoleteSubPackagesAsync>d__5:MoveNext() (at .\Library\PackageCache\com.unity.cloud.ktx@7a35f681840e\Editor\Scripts\SubPackage\SubPackageRemover.cs:52)
System.Runtime.CompilerServices.AsyncVoidMethodBuilder:Start(<TryRemoveObsoleteSubPackagesAsync>d__5&)
SubPackage.SubPackageRemover:TryRemoveObsoleteSubPackagesAsync()
System.Reflection.RuntimeMethodInfo:InternalInvoke(RuntimeMethodInfo, Object, Object[], Exception&)
System.Reflection.RuntimeMethodInfo:Invoke(Object, BindingFlags, Binder, Object[], CultureInfo)
System.Reflection.MethodBase:Invoke(Object, Object[])
UnityEditor.EditorAssemblies:ProcessInitializeOnLoadMethodAttributes()

(Filename: ./Library/PackageCache/com.unity.cloud.ktx@7a35f681840e/Editor/Scripts/SubPackage/SubPackageRemover.cs Line: 52)

Mono: successfully reloaded assembly
[Package Manager] Failed to launch server process. Reason: Unity was launched with the -noUpm command-line argument
[Package Manager] Unable to send message (not connected to server process).
[Package Manager] Cannot connect to Unity Package Manager local server
- Finished resetting the current domain, in  1.075 seconds
Domain Reload Profiling: 2177ms
	BeginReloadAssembly (260ms)
		ExecutionOrderSort (0ms)
		DisableScriptedObjects (20ms)
		BackupInstance (0ms)
		ReleaseScriptingObjects (0ms)
		CreateAndSetChildDomain (63ms)
	RebuildCommonClasses (29ms)
	RebuildNativeTypeToScriptingClass (10ms)
	initialDomainReloadingComplete (33ms)
	LoadAllAssembliesAndSetupDomain (770ms)
		LoadAssemblies (634ms)
		RebuildTransferFunctionScriptingTraits (0ms)
		AnalyzeDomain (240ms)
			TypeCache.Refresh (11ms)
				TypeCache.ScanAssembly (0ms)
			BuildScriptInfoCaches (214ms)
			ResolveRequiredComponents (9ms)
	FinalizeReload (1075ms)
		ReleaseScriptCaches (0ms)
		RebuildScriptCaches (0ms)
		SetupLoadedEditorAssemblies (923ms)
			LogAssemblyErrors (0ms)
			InitializePlatformSupportModulesInManaged (9ms)
			SetLoadedEditorAssemblies (5ms)
			BeforeProcessingInitializeOnLoad (171ms)
			ProcessInitializeOnLoadAttributes (450ms)
			ProcessInitializeOnLoadMethodAttributes (278ms)
			AfterProcessingInitializeOnLoad (10ms)
			EditorAssembliesLoaded (1ms)
		ExecutionOrderSort2 (0ms)
		AwakeInstancesAfterBackupRestoration (17ms)
WARNING: Shader Unsupported: 'Hidden/Simulation/URP/Synthetic' - All subshaders removed
WARNING: Shader Did you use #pragma only_renderers and omit this platform?
WARNING: Shader If subshaders removal was intentional, you may have forgotten turning Fallback off?
WARNING: Shader Unsupported: 'Hidden/Simulation/URP/Synthetic' - All subshaders removed
WARNING: Shader Did you use #pragma only_renderers and omit this platform?
WARNING: Shader If subshaders removal was intentional, you may have forgotten turning Fallback off?
WARNING: Shader Unsupported: 'Simulation/Standard Lit' - All subshaders removed
WARNING: Shader Did you use #pragma only_renderers and omit this platform?
WARNING: Shader If subshaders removal was intentional, you may have forgotten turning Fallback off?
WARNING: Shader Unsupported: 'Simulation/Standard Lit' - All subshaders removed
WARNING: Shader Did you use #pragma only_renderers and omit this platform?
WARNING: Shader If subshaders removal was intentional, you may have forgotten turning Fallback off?
WARNING: Shader Unsupported: 'Hidden/Simulation/Synthetic Lit' - All subshaders removed
WARNING: Shader Did you use #pragma only_renderers and omit this platform?
WARNING: Shader If subshaders removal was intentional, you may have forgotten turning Fallback off?
WARNING: Shader Unsupported: 'Hidden/Simulation/Synthetic Lit' - All subshaders removed
WARNING: Shader Did you use #pragma only_renderers and omit this platform?
WARNING: Shader If subshaders removal was intentional, you may have forgotten turning Fallback off?
WARNING: Shader Unsupported: 'Simulation/URP/Room X-Ray' - All subshaders removed
WARNING: Shader Did you use #pragma only_renderers and omit this platform?
WARNING: Shader If subshaders removal was intentional, you may have forgotten turning Fallback off?
WARNING: Shader Unsupported: 'Simulation/URP/Room X-Ray' - All subshaders removed
WARNING: Shader Did you use #pragma only_renderers and omit this platform?
WARNING: Shader If subshaders removal was intentional, you may have forgotten turning Fallback off?
WARNING: Shader Unsupported: 'Simulation/Room X-Ray' - All subshaders removed
WARNING: Shader Did you use #pragma only_renderers and omit this platform?
WARNING: Shader If subshaders removal was intentional, you may have forgotten turning Fallback off?
WARNING: Shader Unsupported: 'Simulation/Room X-Ray' - All subshaders removed
WARNING: Shader Did you use #pragma only_renderers and omit this platform?
WARNING: Shader If subshaders removal was intentional, you may have forgotten turning Fallback off?
WARNING: Shader Unsupported: 'Simulation/URP/Lit' - All subshaders removed
WARNING: Shader Did you use #pragma only_renderers and omit this platform?
WARNING: Shader If subshaders removal was intentional, you may have forgotten turning Fallback off?
WARNING: Shader Unsupported: 'Simulation/URP/Lit' - All subshaders removed
WARNING: Shader Did you use #pragma only_renderers and omit this platform?
WARNING: Shader If subshaders removal was intentional, you may have forgotten turning Fallback off?
Refreshing native plugins compatible for Editor in 48.70 ms, found 19 plugins.
Preloading 2 native plugins for Editor in 0.33 ms.
Unloading 23 Unused Serialized files (Serialized files now loaded: 0)
Unloading 9114 unused Assets / (10.1 MB). Loaded Objects now: 9996.
Memory consumption went from 223.8 MB to 213.7 MB.
Total: 14.134200 ms (FindLiveObjects: 0.680200 ms CreateObjectMapping: 0.668500 ms MarkObjects: 7.756900 ms  DeleteObjects: 5.027500 ms)

Prepare: number of updated asset objects reloaded= 0
========================================================================
Received Import Request.
  Time since last request: 190.473717 seconds.
  path: Assets/00_Project/GeneratedCharacters/mocking/character/npc_3_rigged.fbx
  artifactKey: Guid(895c08654766c8841bfec619ffd167ad) Importer(815301076,1909f56bfc062723c751e8b465ee728b)
Start importing Assets/00_Project/GeneratedCharacters/mocking/character/npc_3_rigged.fbx using Guid(895c08654766c8841bfec619ffd167ad) Importer(815301076,1909f56bfc062723c751e8b465ee728b) (PreviewImporter) -> (artifact id: 'ecea73b8e101d8f767cc05d170fa22a8') in 0.4744959 seconds
Number of updated asset objects reloaded before import = 0Number of asset objects unloaded after import = 92

========================================================================
Received Import Request.
  Time since last request: 15.437426 seconds.
  path: Assets/00_Project/GeneratedCharacters/mocking/character/Materials/npc_3.mat
  artifactKey: Guid(f25a25db2b4b04d4ab9e347d9a8b2c76) Importer(815301076,1909f56bfc062723c751e8b465ee728b)
Start importing Assets/00_Project/GeneratedCharacters/mocking/character/Materials/npc_3.mat using Guid(f25a25db2b4b04d4ab9e347d9a8b2c76) Importer(815301076,1909f56bfc062723c751e8b465ee728b) (PreviewImporter) -> (artifact id: 'a7452b2fae49300ccf0d8629db85e5e4') in 0.0509444 seconds
Number of updated asset objects reloaded before import = 0Number of asset objects unloaded after import = 2

========================================================================
Received Import Request.
  Time since last request: 45.123093 seconds.
  path: Assets/00_Project/GeneratedCharacters/mocking/character/Materials/npc_3.mat
  artifactKey: Guid(f25a25db2b4b04d4ab9e347d9a8b2c76) Importer(815301076,1909f56bfc062723c751e8b465ee728b)
Start importing Assets/00_Project/GeneratedCharacters/mocking/character/Materials/npc_3.mat using Guid(f25a25db2b4b04d4ab9e347d9a8b2c76) Importer(815301076,1909f56bfc062723c751e8b465ee728b) (PreviewImporter) -> (artifact id: 'd87083f5362305b74956a468829eedfd') in 0.0282134 seconds
Number of updated asset objects reloaded before import = 0Number of asset objects unloaded after import = 2

========================================================================
Received Prepare
[Licensing::Client] Successfully resolved entitlement details
Begin MonoManager ReloadAssembly
[Licensing::Client] Successfully resolved entitlement details
Symbol file LoadedFromMemory is not a mono symbol file
- Loaded All Assemblies, in  1.074 seconds
Refreshing native plugins compatible for Editor in 40.34 ms, found 19 plugins.
Native extension for Android target not found
Native extension for WindowsStandalone target not found
[Package Manager] Failed to launch server process. Reason: Unity was launched with the -noUpm command-line argument
[Package Manager] Unable to send message (not connected to server process).
[Package Manager] Cannot connect to Unity Package Manager local server
[Package Manager] Failed to launch server process. Reason: Unity was launched with the -noUpm command-line argument
[Package Manager] Unable to send message (not connected to server process).
[Package Manager] Cannot connect to Unity Package Manager local server
[Package Manager] Failed to launch server process. Reason: Unity was launched with the -noUpm command-line argument
[Package Manager] Unable to send message (not connected to server process).
[Package Manager] Cannot connect to Unity Package Manager local server
System.Reflection.TargetInvocationException: Exception has been thrown by the target of an invocation. ---> System.NullReferenceException: Object reference not set to an instance of an object
  at Unity.XR.Oculus.OculusLoader.AssetPathToAbsolutePath (System.String assetPath) [0x0003d] in .\Library\PackageCache\com.unity.xr.oculus@68ef97a4d91e\Runtime\OculusLoader.cs:312 
  at Unity.XR.Oculus.OculusLoader.EditorLoadOVRPlugin () [0x0008c] in .\Library\PackageCache\com.unity.xr.oculus@68ef97a4d91e\Runtime\OculusLoader.cs:297 
  at (wrapper managed-to-native) System.Reflection.RuntimeMethodInfo.InternalInvoke(System.Reflection.RuntimeMethodInfo,object,object[],System.Exception&)
  at System.Reflection.RuntimeMethodInfo.Invoke (System.Object obj, System.Reflection.BindingFlags invokeAttr, System.Reflection.Binder binder, System.Object[] parameters, System.Globalization.CultureInfo culture) [0x0006a] in <59bd7c40c082431db25e1e728ab62789>:0 
   --- End of inner exception stack trace ---
  at System.Reflection.RuntimeMethodInfo.Invoke (System.Object obj, System.Reflection.BindingFlags invokeAttr, System.Reflection.Binder binder, System.Object[] parameters, System.Globalization.CultureInfo culture) [0x00083] in <59bd7c40c082431db25e1e728ab62789>:0 
  at System.Reflection.MethodBase.Invoke (System.Object obj, System.Object[] parameters) [0x00000] in <59bd7c40c082431db25e1e728ab62789>:0 
  at UnityEditor.EditorAssemblies.ProcessInitializeOnLoadMethodAttributes () [0x00087] in <1acad9deef3549c4b9617dfa169c6659>:0 
UnityEngine.Debug:ExtractStackTraceNoAlloc (byte*,int,string)
UnityEngine.StackTraceUtility:ExtractStackTrace ()
UnityEngine.DebugLogHandler:Internal_Log (UnityEngine.LogType,UnityEngine.LogOption,string,UnityEngine.Object)
UnityEngine.DebugLogHandler:LogFormat (UnityEngine.LogType,UnityEngine.Object,string,object[])
UnityEngine.Logger:Log (UnityEngine.LogType,object)
UnityEngine.Debug:LogError (object)
UnityEditor.EditorAssemblies:ProcessInitializeOnLoadMethodAttributes ()

Error loading the file 'Assets/XR/AndroidXR/AndroidXRSettingsInitializer'. File is either empty or corrupted, please verify the file contents.
UnityEngine.Debug:ExtractStackTraceNoAlloc (byte*,int,string)
UnityEngine.StackTraceUtility:ExtractStackTrace ()
UnityEditorInternal.InternalEditorUtility:SaveToSerializedFileAndForgetInternal (string,UnityEngine.Object[],bool)
UnityEditorInternal.InternalEditorUtility:SaveToSerializedFileAndForget (UnityEngine.Object[],string,bool)
UnityEditor.ScriptableSingleton`1<UnityEditor.XR.OpenXR.Features.Android.AndroidXRSettingsInitializer>:Save (bool)
UnityEditor.XR.OpenXR.Features.Android.AndroidXRSettingsInitializer:OnLoad () (at ./Library/PackageCache/com.unity.xr.androidxr-openxr@077cd026549f/Editor/AndroidXRSettingsInitializer.cs:20)
System.Reflection.RuntimeMethodInfo:Invoke (object,System.Reflection.BindingFlags,System.Reflection.Binder,object[],System.Globalization.CultureInfo)
System.Reflection.MethodBase:Invoke (object,object[])
UnityEditor.EditorAssemblies:ProcessInitializeOnLoadMethodAttributes ()

[./Library/PackageCache/com.unity.xr.androidxr-openxr@077cd026549f/Editor/AndroidXRSettingsInitializer.cs line 20]

[MODES] ModeService[none].Initialize
[MODES] ModeService[none].LoadModes
[Package Manager] Failed to launch server process. Reason: Unity was launched with the -noUpm command-line argument
[Package Manager] Unable to send message (not connected to server process).
[Package Manager] Cannot connect to Unity Package Manager local server
AssertionException: Error removing KTX for Unity WebGL sub-packages.. Failed fetching installed packages.
Assertion failure. Values are not equal.
Expected: Failure == Success
  at UnityEngine.Assertions.Assert.Fail (System.String message, System.String userMessage) [0x00043] in <b4c8c45fec274213bfac03ee0e9a3d62>:0 
  at UnityEngine.Assertions.Assert.AreEqual[T] (T expected, T actual, System.String message, System.Collections.Generic.IEqualityComparer`1[T] comparer) [0x0005f] in <b4c8c45fec274213bfac03ee0e9a3d62>:0 
  at UnityEngine.Assertions.Assert.AreEqual[T] (T expected, T actual, System.String message) [0x00009] in <b4c8c45fec274213bfac03ee0e9a3d62>:0 
  at SubPackage.SubPackageRemover.GetAllInstalledPackagesAsync (System.Double timeout) [0x000b7] in .\Library\PackageCache\com.unity.cloud.ktx@7a35f681840e\Editor\Scripts\SubPackage\SubPackageRemover.cs:81 
  at SubPackage.SubPackageRemover.TryRemoveObsoleteSubPackagesAsync () [0x0002a] in .\Library\PackageCache\com.unity.cloud.ktx@7a35f681840e\Editor\Scripts\SubPackage\SubPackageRemover.cs:35 
UnityEngine.DebugLogHandler:Internal_LogException_Injected(Exception, IntPtr)
UnityEngine.DebugLogHandler:Internal_LogException(Exception, Object)
UnityEngine.DebugLogHandler:LogException(Exception, Object)
UnityEngine.Logger:LogException(Exception, Object)
UnityEngine.Debug:LogException(Exception)
SubPackage.<TryRemoveObsoleteSubPackagesAsync>d__5:MoveNext() (at .\Library\PackageCache\com.unity.cloud.ktx@7a35f681840e\Editor\Scripts\SubPackage\SubPackageRemover.cs:52)
System.Runtime.CompilerServices.AsyncVoidMethodBuilder:Start(<TryRemoveObsoleteSubPackagesAsync>d__5&)
SubPackage.SubPackageRemover:TryRemoveObsoleteSubPackagesAsync()
System.Reflection.RuntimeMethodInfo:InternalInvoke(RuntimeMethodInfo, Object, Object[], Exception&)
System.Reflection.RuntimeMethodInfo:Invoke(Object, BindingFlags, Binder, Object[], CultureInfo)
System.Reflection.MethodBase:Invoke(Object, Object[])
UnityEditor.EditorAssemblies:ProcessInitializeOnLoadMethodAttributes()

(Filename: ./Library/PackageCache/com.unity.cloud.ktx@7a35f681840e/Editor/Scripts/SubPackage/SubPackageRemover.cs Line: 52)

Mono: successfully reloaded assembly
[Package Manager] Failed to launch server process. Reason: Unity was launched with the -noUpm command-line argument
[Package Manager] Unable to send message (not connected to server process).
[Package Manager] Cannot connect to Unity Package Manager local server
- Finished resetting the current domain, in  1.038 seconds
Domain Reload Profiling: 2100ms
	BeginReloadAssembly (261ms)
		ExecutionOrderSort (0ms)
		DisableScriptedObjects (17ms)
		BackupInstance (0ms)
		ReleaseScriptingObjects (0ms)
		CreateAndSetChildDomain (66ms)
	RebuildCommonClasses (30ms)
	RebuildNativeTypeToScriptingClass (11ms)
	initialDomainReloadingComplete (37ms)
	LoadAllAssembliesAndSetupDomain (723ms)
		LoadAssemblies (589ms)
		RebuildTransferFunctionScriptingTraits (0ms)
		AnalyzeDomain (242ms)
			TypeCache.Refresh (12ms)
				TypeCache.ScanAssembly (0ms)
			BuildScriptInfoCaches (215ms)
			ResolveRequiredComponents (9ms)
	FinalizeReload (1038ms)
		ReleaseScriptCaches (0ms)
		RebuildScriptCaches (0ms)
		SetupLoadedEditorAssemblies (892ms)
			LogAssemblyErrors (0ms)
			InitializePlatformSupportModulesInManaged (9ms)
			SetLoadedEditorAssemblies (5ms)
			BeforeProcessingInitializeOnLoad (164ms)
			ProcessInitializeOnLoadAttributes (427ms)
			ProcessInitializeOnLoadMethodAttributes (277ms)
			AfterProcessingInitializeOnLoad (9ms)
			EditorAssembliesLoaded (1ms)
		ExecutionOrderSort2 (0ms)
		AwakeInstancesAfterBackupRestoration (18ms)
WARNING: Shader Unsupported: 'Hidden/Simulation/URP/Synthetic' - All subshaders removed
WARNING: Shader Did you use #pragma only_renderers and omit this platform?
WARNING: Shader If subshaders removal was intentional, you may have forgotten turning Fallback off?
WARNING: Shader Unsupported: 'Hidden/Simulation/URP/Synthetic' - All subshaders removed
WARNING: Shader Did you use #pragma only_renderers and omit this platform?
WARNING: Shader If subshaders removal was intentional, you may have forgotten turning Fallback off?
WARNING: Shader Unsupported: 'Simulation/Standard Lit' - All subshaders removed
WARNING: Shader Did you use #pragma only_renderers and omit this platform?
WARNING: Shader If subshaders removal was intentional, you may have forgotten turning Fallback off?
WARNING: Shader Unsupported: 'Simulation/Standard Lit' - All subshaders removed
WARNING: Shader Did you use #pragma only_renderers and omit this platform?
WARNING: Shader If subshaders removal was intentional, you may have forgotten turning Fallback off?
WARNING: Shader Unsupported: 'Hidden/Simulation/Synthetic Lit' - All subshaders removed
WARNING: Shader Did you use #pragma only_renderers and omit this platform?
WARNING: Shader If subshaders removal was intentional, you may have forgotten turning Fallback off?
WARNING: Shader Unsupported: 'Hidden/Simulation/Synthetic Lit' - All subshaders removed
WARNING: Shader Did you use #pragma only_renderers and omit this platform?
WARNING: Shader If subshaders removal was intentional, you may have forgotten turning Fallback off?
WARNING: Shader Unsupported: 'Simulation/URP/Room X-Ray' - All subshaders removed
WARNING: Shader Did you use #pragma only_renderers and omit this platform?
WARNING: Shader If subshaders removal was intentional, you may have forgotten turning Fallback off?
WARNING: Shader Unsupported: 'Simulation/URP/Room X-Ray' - All subshaders removed
WARNING: Shader Did you use #pragma only_renderers and omit this platform?
WARNING: Shader If subshaders removal was intentional, you may have forgotten turning Fallback off?
WARNING: Shader Unsupported: 'Simulation/Room X-Ray' - All subshaders removed
WARNING: Shader Did you use #pragma only_renderers and omit this platform?
WARNING: Shader If subshaders removal was intentional, you may have forgotten turning Fallback off?
WARNING: Shader Unsupported: 'Simulation/Room X-Ray' - All subshaders removed
WARNING: Shader Did you use #pragma only_renderers and omit this platform?
WARNING: Shader If subshaders removal was intentional, you may have forgotten turning Fallback off?
WARNING: Shader Unsupported: 'Simulation/URP/Lit' - All subshaders removed
WARNING: Shader Did you use #pragma only_renderers and omit this platform?
WARNING: Shader If subshaders removal was intentional, you may have forgotten turning Fallback off?
WARNING: Shader Unsupported: 'Simulation/URP/Lit' - All subshaders removed
WARNING: Shader Did you use #pragma only_renderers and omit this platform?
WARNING: Shader If subshaders removal was intentional, you may have forgotten turning Fallback off?
Refreshing native plugins compatible for Editor in 40.43 ms, found 19 plugins.
Preloading 2 native plugins for Editor in 0.20 ms.
Unloading 23 Unused Serialized files (Serialized files now loaded: 0)
Unloading 9114 unused Assets / (9.8 MB). Loaded Objects now: 10024.
Memory consumption went from 224.0 MB to 214.2 MB.
Total: 14.275000 ms (FindLiveObjects: 0.718800 ms CreateObjectMapping: 0.860300 ms MarkObjects: 7.870000 ms  DeleteObjects: 4.825000 ms)

Prepare: number of updated asset objects reloaded= 0
========================================================================
Received Import Request.
  Time since last request: 98.066753 seconds.
  path: Assets/00_Project/GeneratedCharacters/mocking/character/Materials/npc_3.mat
  artifactKey: Guid(f25a25db2b4b04d4ab9e347d9a8b2c76) Importer(815301076,1909f56bfc062723c751e8b465ee728b)
Start importing Assets/00_Project/GeneratedCharacters/mocking/character/Materials/npc_3.mat using Guid(f25a25db2b4b04d4ab9e347d9a8b2c76) Importer(815301076,1909f56bfc062723c751e8b465ee728b) (PreviewImporter) -> (artifact id: '2e917050608929699b0e04272f3c063a') in 0.3441437 seconds
Number of updated asset objects reloaded before import = 0Number of asset objects unloaded after import = 2

========================================================================
Received Import Request.
  Time since last request: 259.420479 seconds.
  path: Assets/00_Project/GeneratedCharacters/mocking/character/npc_3_rigged.fbm/NormalGL_111859aa-2ec1-4eb6-9b3f-6a4153623a42.jpg
  artifactKey: Guid(e19a21a20e6adcf478ad20c447539190) Importer(815301076,1909f56bfc062723c751e8b465ee728b)
Start importing Assets/00_Project/GeneratedCharacters/mocking/character/npc_3_rigged.fbm/NormalGL_111859aa-2ec1-4eb6-9b3f-6a4153623a42.jpg using Guid(e19a21a20e6adcf478ad20c447539190) Importer(815301076,1909f56bfc062723c751e8b465ee728b) (PreviewImporter) -> (artifact id: '26d20b8a9a09b74430a842ebffc78204') in 0.0439321 seconds
Number of updated asset objects reloaded before import = 0Number of asset objects unloaded after import = 2

========================================================================
Received Import Request.
  Time since last request: 0.000049 seconds.
  path: Assets/00_Project/GeneratedCharacters/mocking/character/npc_3_rigged.fbm/temp_ORM_111859aa-2ec1-4eb6-9b3f-6a4153623a42_Roughness.jpg
  artifactKey: Guid(58d39ca4cc3414e42be20fc44c5f04de) Importer(815301076,1909f56bfc062723c751e8b465ee728b)
Start importing Assets/00_Project/GeneratedCharacters/mocking/character/npc_3_rigged.fbm/temp_ORM_111859aa-2ec1-4eb6-9b3f-6a4153623a42_Roughness.jpg using Guid(58d39ca4cc3414e42be20fc44c5f04de) Importer(815301076,1909f56bfc062723c751e8b465ee728b) (PreviewImporter) -> (artifact id: 'a337254031c9bedc24f0262b6b65683c') in 0.0480926 seconds
Number of updated asset objects reloaded before import = 0Number of asset objects unloaded after import = 2

========================================================================
Received Import Request.
  Time since last request: 249.332945 seconds.
  path: Assets/00_Project/GeneratedCharacters/mocking/character/Materials/npc_3.mat
  artifactKey: Guid(f25a25db2b4b04d4ab9e347d9a8b2c76) Importer(815301076,1909f56bfc062723c751e8b465ee728b)
Start importing Assets/00_Project/GeneratedCharacters/mocking/character/Materials/npc_3.mat using Guid(f25a25db2b4b04d4ab9e347d9a8b2c76) Importer(815301076,1909f56bfc062723c751e8b465ee728b) (PreviewImporter) -> (artifact id: '10bd52b71434a5b958dcc4b357e12645') in 0.0303038 seconds
Number of updated asset objects reloaded before import = 0Number of asset objects unloaded after import = 2

========================================================================
Received Prepare
WARNING: Shader Unsupported: 'Hidden/Simulation/URP/Synthetic' - All subshaders removed
WARNING: Shader Did you use #pragma only_renderers and omit this platform?
WARNING: Shader If subshaders removal was intentional, you may have forgotten turning Fallback off?
WARNING: Shader Unsupported: 'Hidden/Simulation/URP/Synthetic' - All subshaders removed
WARNING: Shader Did you use #pragma only_renderers and omit this platform?
WARNING: Shader If subshaders removal was intentional, you may have forgotten turning Fallback off?
WARNING: Shader Unsupported: 'Simulation/Standard Lit' - All subshaders removed
WARNING: Shader Did you use #pragma only_renderers and omit this platform?
WARNING: Shader If subshaders removal was intentional, you may have forgotten turning Fallback off?
WARNING: Shader Unsupported: 'Simulation/Standard Lit' - All subshaders removed
WARNING: Shader Did you use #pragma only_renderers and omit this platform?
WARNING: Shader If subshaders removal was intentional, you may have forgotten turning Fallback off?
WARNING: Shader Unsupported: 'Hidden/Simulation/Synthetic Lit' - All subshaders removed
WARNING: Shader Did you use #pragma only_renderers and omit this platform?
WARNING: Shader If subshaders removal was intentional, you may have forgotten turning Fallback off?
WARNING: Shader Unsupported: 'Hidden/Simulation/Synthetic Lit' - All subshaders removed
WARNING: Shader Did you use #pragma only_renderers and omit this platform?
WARNING: Shader If subshaders removal was intentional, you may have forgotten turning Fallback off?
WARNING: Shader Unsupported: 'Simulation/URP/Room X-Ray' - All subshaders removed
WARNING: Shader Did you use #pragma only_renderers and omit this platform?
WARNING: Shader If subshaders removal was intentional, you may have forgotten turning Fallback off?
WARNING: Shader Unsupported: 'Simulation/URP/Room X-Ray' - All subshaders removed
WARNING: Shader Did you use #pragma only_renderers and omit this platform?
WARNING: Shader If subshaders removal was intentional, you may have forgotten turning Fallback off?
WARNING: Shader Unsupported: 'Simulation/Room X-Ray' - All subshaders removed
WARNING: Shader Did you use #pragma only_renderers and omit this platform?
WARNING: Shader If subshaders removal was intentional, you may have forgotten turning Fallback off?
WARNING: Shader Unsupported: 'Simulation/Room X-Ray' - All subshaders removed
WARNING: Shader Did you use #pragma only_renderers and omit this platform?
WARNING: Shader If subshaders removal was intentional, you may have forgotten turning Fallback off?
WARNING: Shader Unsupported: 'Simulation/URP/Lit' - All subshaders removed
WARNING: Shader Did you use #pragma only_renderers and omit this platform?
WARNING: Shader If subshaders removal was intentional, you may have forgotten turning Fallback off?
WARNING: Shader Unsupported: 'Simulation/URP/Lit' - All subshaders removed
WARNING: Shader Did you use #pragma only_renderers and omit this platform?
WARNING: Shader If subshaders removal was intentional, you may have forgotten turning Fallback off?
Refreshing native plugins compatible for Editor in 45.95 ms, found 19 plugins.
Preloading 2 native plugins for Editor in 0.18 ms.
Unloading 23 Unused Serialized files (Serialized files now loaded: 0)
Unloading 8966 unused Assets / (9.5 MB). Loaded Objects now: 10139.
Memory consumption went from 192.9 MB to 183.5 MB.
Total: 17.167400 ms (FindLiveObjects: 0.840900 ms CreateObjectMapping: 0.610400 ms MarkObjects: 10.945600 ms  DeleteObjects: 4.768400 ms)

Prepare: number of updated asset objects reloaded= 0
========================================================================
Received Prepare
[Licensing::Client] Successfully resolved entitlement details
Begin MonoManager ReloadAssembly
[Licensing::Client] Successfully resolved entitlement details
Symbol file LoadedFromMemory is not a mono symbol file
- Loaded All Assemblies, in  1.099 seconds
Refreshing native plugins compatible for Editor in 35.61 ms, found 19 plugins.
Native extension for Android target not found
Native extension for WindowsStandalone target not found
[Package Manager] Failed to launch server process. Reason: Unity was launched with the -noUpm command-line argument
[Package Manager] Unable to send message (not connected to server process).
[Package Manager] Cannot connect to Unity Package Manager local server
[Package Manager] Failed to launch server process. Reason: Unity was launched with the -noUpm command-line argument
[Package Manager] Unable to send message (not connected to server process).
[Package Manager] Cannot connect to Unity Package Manager local server
[Package Manager] Failed to launch server process. Reason: Unity was launched with the -noUpm command-line argument
[Package Manager] Unable to send message (not connected to server process).
[Package Manager] Cannot connect to Unity Package Manager local server
System.Reflection.TargetInvocationException: Exception has been thrown by the target of an invocation. ---> System.NullReferenceException: Object reference not set to an instance of an object
  at Unity.XR.Oculus.OculusLoader.AssetPathToAbsolutePath (System.String assetPath) [0x0003d] in .\Library\PackageCache\com.unity.xr.oculus@68ef97a4d91e\Runtime\OculusLoader.cs:312 
  at Unity.XR.Oculus.OculusLoader.EditorLoadOVRPlugin () [0x0008c] in .\Library\PackageCache\com.unity.xr.oculus@68ef97a4d91e\Runtime\OculusLoader.cs:297 
  at (wrapper managed-to-native) System.Reflection.RuntimeMethodInfo.InternalInvoke(System.Reflection.RuntimeMethodInfo,object,object[],System.Exception&)
  at System.Reflection.RuntimeMethodInfo.Invoke (System.Object obj, System.Reflection.BindingFlags invokeAttr, System.Reflection.Binder binder, System.Object[] parameters, System.Globalization.CultureInfo culture) [0x0006a] in <59bd7c40c082431db25e1e728ab62789>:0 
   --- End of inner exception stack trace ---
  at System.Reflection.RuntimeMethodInfo.Invoke (System.Object obj, System.Reflection.BindingFlags invokeAttr, System.Reflection.Binder binder, System.Object[] parameters, System.Globalization.CultureInfo culture) [0x00083] in <59bd7c40c082431db25e1e728ab62789>:0 
  at System.Reflection.MethodBase.Invoke (System.Object obj, System.Object[] parameters) [0x00000] in <59bd7c40c082431db25e1e728ab62789>:0 
  at UnityEditor.EditorAssemblies.ProcessInitializeOnLoadMethodAttributes () [0x00087] in <1acad9deef3549c4b9617dfa169c6659>:0 
UnityEngine.Debug:ExtractStackTraceNoAlloc (byte*,int,string)
UnityEngine.StackTraceUtility:ExtractStackTrace ()
UnityEngine.DebugLogHandler:Internal_Log (UnityEngine.LogType,UnityEngine.LogOption,string,UnityEngine.Object)
UnityEngine.DebugLogHandler:LogFormat (UnityEngine.LogType,UnityEngine.Object,string,object[])
UnityEngine.Logger:Log (UnityEngine.LogType,object)
UnityEngine.Debug:LogError (object)
UnityEditor.EditorAssemblies:ProcessInitializeOnLoadMethodAttributes ()

[MODES] ModeService[none].Initialize
[MODES] ModeService[none].LoadModes
[Package Manager] Failed to launch server process. Reason: Unity was launched with the -noUpm command-line argument
[Package Manager] Unable to send message (not connected to server process).
[Package Manager] Cannot connect to Unity Package Manager local server
AssertionException: Error removing KTX for Unity WebGL sub-packages.. Failed fetching installed packages.
Assertion failure. Values are not equal.
Expected: Failure == Success
  at UnityEngine.Assertions.Assert.Fail (System.String message, System.String userMessage) [0x00043] in <b4c8c45fec274213bfac03ee0e9a3d62>:0 
  at UnityEngine.Assertions.Assert.AreEqual[T] (T expected, T actual, System.String message, System.Collections.Generic.IEqualityComparer`1[T] comparer) [0x0005f] in <b4c8c45fec274213bfac03ee0e9a3d62>:0 
  at UnityEngine.Assertions.Assert.AreEqual[T] (T expected, T actual, System.String message) [0x00009] in <b4c8c45fec274213bfac03ee0e9a3d62>:0 
  at SubPackage.SubPackageRemover.GetAllInstalledPackagesAsync (System.Double timeout) [0x000b7] in .\Library\PackageCache\com.unity.cloud.ktx@7a35f681840e\Editor\Scripts\SubPackage\SubPackageRemover.cs:81 
  at SubPackage.SubPackageRemover.TryRemoveObsoleteSubPackagesAsync () [0x0002a] in .\Library\PackageCache\com.unity.cloud.ktx@7a35f681840e\Editor\Scripts\SubPackage\SubPackageRemover.cs:35 
UnityEngine.DebugLogHandler:Internal_LogException_Injected(Exception, IntPtr)
UnityEngine.DebugLogHandler:Internal_LogException(Exception, Object)
UnityEngine.DebugLogHandler:LogException(Exception, Object)
UnityEngine.Logger:LogException(Exception, Object)
UnityEngine.Debug:LogException(Exception)
SubPackage.<TryRemoveObsoleteSubPackagesAsync>d__5:MoveNext() (at .\Library\PackageCache\com.unity.cloud.ktx@7a35f681840e\Editor\Scripts\SubPackage\SubPackageRemover.cs:52)
System.Runtime.CompilerServices.AsyncVoidMethodBuilder:Start(<TryRemoveObsoleteSubPackagesAsync>d__5&)
SubPackage.SubPackageRemover:TryRemoveObsoleteSubPackagesAsync()
System.Reflection.RuntimeMethodInfo:InternalInvoke(RuntimeMethodInfo, Object, Object[], Exception&)
System.Reflection.RuntimeMethodInfo:Invoke(Object, BindingFlags, Binder, Object[], CultureInfo)
System.Reflection.MethodBase:Invoke(Object, Object[])
UnityEditor.EditorAssemblies:ProcessInitializeOnLoadMethodAttributes()

(Filename: ./Library/PackageCache/com.unity.cloud.ktx@7a35f681840e/Editor/Scripts/SubPackage/SubPackageRemover.cs Line: 52)

Mono: successfully reloaded assembly
[Package Manager] Failed to launch server process. Reason: Unity was launched with the -noUpm command-line argument
[Package Manager] Unable to send message (not connected to server process).
[Package Manager] Cannot connect to Unity Package Manager local server
- Finished resetting the current domain, in  0.983 seconds
Domain Reload Profiling: 2070ms
	BeginReloadAssembly (292ms)
		ExecutionOrderSort (0ms)
		DisableScriptedObjects (23ms)
		BackupInstance (0ms)
		ReleaseScriptingObjects (0ms)
		CreateAndSetChildDomain (70ms)
	RebuildCommonClasses (35ms)
	RebuildNativeTypeToScriptingClass (11ms)
	initialDomainReloadingComplete (34ms)
	LoadAllAssembliesAndSetupDomain (715ms)
		LoadAssemblies (596ms)
		RebuildTransferFunctionScriptingTraits (0ms)
		AnalyzeDomain (237ms)
			TypeCache.Refresh (11ms)
				TypeCache.ScanAssembly (0ms)
			BuildScriptInfoCaches (211ms)
			ResolveRequiredComponents (10ms)
	FinalizeReload (983ms)
		ReleaseScriptCaches (0ms)
		RebuildScriptCaches (0ms)
		SetupLoadedEditorAssemblies (834ms)
			LogAssemblyErrors (0ms)
			InitializePlatformSupportModulesInManaged (10ms)
			SetLoadedEditorAssemblies (5ms)
			BeforeProcessingInitializeOnLoad (154ms)
			ProcessInitializeOnLoadAttributes (404ms)
			ProcessInitializeOnLoadMethodAttributes (252ms)
			AfterProcessingInitializeOnLoad (9ms)
			EditorAssembliesLoaded (1ms)
		ExecutionOrderSort2 (0ms)
		AwakeInstancesAfterBackupRestoration (17ms)
WARNING: Shader Unsupported: 'Hidden/Simulation/URP/Synthetic' - All subshaders removed
WARNING: Shader Did you use #pragma only_renderers and omit this platform?
WARNING: Shader If subshaders removal was intentional, you may have forgotten turning Fallback off?
WARNING: Shader Unsupported: 'Hidden/Simulation/URP/Synthetic' - All subshaders removed
WARNING: Shader Did you use #pragma only_renderers and omit this platform?
WARNING: Shader If subshaders removal was intentional, you may have forgotten turning Fallback off?
WARNING: Shader Unsupported: 'Simulation/Standard Lit' - All subshaders removed
WARNING: Shader Did you use #pragma only_renderers and omit this platform?
WARNING: Shader If subshaders removal was intentional, you may have forgotten turning Fallback off?
WARNING: Shader Unsupported: 'Simulation/Standard Lit' - All subshaders removed
WARNING: Shader Did you use #pragma only_renderers and omit this platform?
WARNING: Shader If subshaders removal was intentional, you may have forgotten turning Fallback off?
WARNING: Shader Unsupported: 'Hidden/Simulation/Synthetic Lit' - All subshaders removed
WARNING: Shader Did you use #pragma only_renderers and omit this platform?
WARNING: Shader If subshaders removal was intentional, you may have forgotten turning Fallback off?
WARNING: Shader Unsupported: 'Hidden/Simulation/Synthetic Lit' - All subshaders removed
WARNING: Shader Did you use #pragma only_renderers and omit this platform?
WARNING: Shader If subshaders removal was intentional, you may have forgotten turning Fallback off?
WARNING: Shader Unsupported: 'Simulation/URP/Room X-Ray' - All subshaders removed
WARNING: Shader Did you use #pragma only_renderers and omit this platform?
WARNING: Shader If subshaders removal was intentional, you may have forgotten turning Fallback off?
WARNING: Shader Unsupported: 'Simulation/URP/Room X-Ray' - All subshaders removed
WARNING: Shader Did you use #pragma only_renderers and omit this platform?
WARNING: Shader If subshaders removal was intentional, you may have forgotten turning Fallback off?
WARNING: Shader Unsupported: 'Simulation/Room X-Ray' - All subshaders removed
WARNING: Shader Did you use #pragma only_renderers and omit this platform?
WARNING: Shader If subshaders removal was intentional, you may have forgotten turning Fallback off?
WARNING: Shader Unsupported: 'Simulation/Room X-Ray' - All subshaders removed
WARNING: Shader Did you use #pragma only_renderers and omit this platform?
WARNING: Shader If subshaders removal was intentional, you may have forgotten turning Fallback off?
WARNING: Shader Unsupported: 'Simulation/URP/Lit' - All subshaders removed
WARNING: Shader Did you use #pragma only_renderers and omit this platform?
WARNING: Shader If subshaders removal was intentional, you may have forgotten turning Fallback off?
WARNING: Shader Unsupported: 'Simulation/URP/Lit' - All subshaders removed
WARNING: Shader Did you use #pragma only_renderers and omit this platform?
WARNING: Shader If subshaders removal was intentional, you may have forgotten turning Fallback off?
Refreshing native plugins compatible for Editor in 37.75 ms, found 19 plugins.
Preloading 2 native plugins for Editor in 0.20 ms.
Unloading 23 Unused Serialized files (Serialized files now loaded: 0)
Unloading 9113 unused Assets / (9.5 MB). Loaded Objects now: 10049.
Memory consumption went from 226.0 MB to 216.5 MB.
Total: 13.575700 ms (FindLiveObjects: 0.658800 ms CreateObjectMapping: 0.608000 ms MarkObjects: 7.401100 ms  DeleteObjects: 4.906200 ms)

Prepare: number of updated asset objects reloaded= 0
========================================================================
Received Prepare
[Licensing::Client] Successfully resolved entitlement details
Begin MonoManager ReloadAssembly
[Licensing::Client] Successfully resolved entitlement details
Symbol file LoadedFromMemory is not a mono symbol file
- Loaded All Assemblies, in  1.076 seconds
Refreshing native plugins compatible for Editor in 48.92 ms, found 19 plugins.
Native extension for Android target not found
Native extension for WindowsStandalone target not found
[Package Manager] Failed to launch server process. Reason: Unity was launched with the -noUpm command-line argument
[Package Manager] Unable to send message (not connected to server process).
[Package Manager] Cannot connect to Unity Package Manager local server
[Package Manager] Failed to launch server process. Reason: Unity was launched with the -noUpm command-line argument
[Package Manager] Unable to send message (not connected to server process).
[Package Manager] Cannot connect to Unity Package Manager local server
[Package Manager] Failed to launch server process. Reason: Unity was launched with the -noUpm command-line argument
[Package Manager] Unable to send message (not connected to server process).
[Package Manager] Cannot connect to Unity Package Manager local server
System.Reflection.TargetInvocationException: Exception has been thrown by the target of an invocation. ---> System.NullReferenceException: Object reference not set to an instance of an object
  at Unity.XR.Oculus.OculusLoader.AssetPathToAbsolutePath (System.String assetPath) [0x0003d] in .\Library\PackageCache\com.unity.xr.oculus@68ef97a4d91e\Runtime\OculusLoader.cs:312 
  at Unity.XR.Oculus.OculusLoader.EditorLoadOVRPlugin () [0x0008c] in .\Library\PackageCache\com.unity.xr.oculus@68ef97a4d91e\Runtime\OculusLoader.cs:297 
  at (wrapper managed-to-native) System.Reflection.RuntimeMethodInfo.InternalInvoke(System.Reflection.RuntimeMethodInfo,object,object[],System.Exception&)
  at System.Reflection.RuntimeMethodInfo.Invoke (System.Object obj, System.Reflection.BindingFlags invokeAttr, System.Reflection.Binder binder, System.Object[] parameters, System.Globalization.CultureInfo culture) [0x0006a] in <59bd7c40c082431db25e1e728ab62789>:0 
   --- End of inner exception stack trace ---
  at System.Reflection.RuntimeMethodInfo.Invoke (System.Object obj, System.Reflection.BindingFlags invokeAttr, System.Reflection.Binder binder, System.Object[] parameters, System.Globalization.CultureInfo culture) [0x00083] in <59bd7c40c082431db25e1e728ab62789>:0 
  at System.Reflection.MethodBase.Invoke (System.Object obj, System.Object[] parameters) [0x00000] in <59bd7c40c082431db25e1e728ab62789>:0 
  at UnityEditor.EditorAssemblies.ProcessInitializeOnLoadMethodAttributes () [0x00087] in <1acad9deef3549c4b9617dfa169c6659>:0 
UnityEngine.Debug:ExtractStackTraceNoAlloc (byte*,int,string)
UnityEngine.StackTraceUtility:ExtractStackTrace ()
UnityEngine.DebugLogHandler:Internal_Log (UnityEngine.LogType,UnityEngine.LogOption,string,UnityEngine.Object)
UnityEngine.DebugLogHandler:LogFormat (UnityEngine.LogType,UnityEngine.Object,string,object[])
UnityEngine.Logger:Log (UnityEngine.LogType,object)
UnityEngine.Debug:LogError (object)
UnityEditor.EditorAssemblies:ProcessInitializeOnLoadMethodAttributes ()

[MODES] ModeService[none].Initialize
[MODES] ModeService[none].LoadModes
[Package Manager] Failed to launch server process. Reason: Unity was launched with the -noUpm command-line argument
[Package Manager] Unable to send message (not connected to server process).
[Package Manager] Cannot connect to Unity Package Manager local server
AssertionException: Error removing KTX for Unity WebGL sub-packages.. Failed fetching installed packages.
Assertion failure. Values are not equal.
Expected: Failure == Success
  at UnityEngine.Assertions.Assert.Fail (System.String message, System.String userMessage) [0x00043] in <b4c8c45fec274213bfac03ee0e9a3d62>:0 
  at UnityEngine.Assertions.Assert.AreEqual[T] (T expected, T actual, System.String message, System.Collections.Generic.IEqualityComparer`1[T] comparer) [0x0005f] in <b4c8c45fec274213bfac03ee0e9a3d62>:0 
  at UnityEngine.Assertions.Assert.AreEqual[T] (T expected, T actual, System.String message) [0x00009] in <b4c8c45fec274213bfac03ee0e9a3d62>:0 
  at SubPackage.SubPackageRemover.GetAllInstalledPackagesAsync (System.Double timeout) [0x000b7] in .\Library\PackageCache\com.unity.cloud.ktx@7a35f681840e\Editor\Scripts\SubPackage\SubPackageRemover.cs:81 
  at SubPackage.SubPackageRemover.TryRemoveObsoleteSubPackagesAsync () [0x0002a] in .\Library\PackageCache\com.unity.cloud.ktx@7a35f681840e\Editor\Scripts\SubPackage\SubPackageRemover.cs:35 
UnityEngine.DebugLogHandler:Internal_LogException_Injected(Exception, IntPtr)
UnityEngine.DebugLogHandler:Internal_LogException(Exception, Object)
UnityEngine.DebugLogHandler:LogException(Exception, Object)
UnityEngine.Logger:LogException(Exception, Object)
UnityEngine.Debug:LogException(Exception)
SubPackage.<TryRemoveObsoleteSubPackagesAsync>d__5:MoveNext() (at .\Library\PackageCache\com.unity.cloud.ktx@7a35f681840e\Editor\Scripts\SubPackage\SubPackageRemover.cs:52)
System.Runtime.CompilerServices.AsyncVoidMethodBuilder:Start(<TryRemoveObsoleteSubPackagesAsync>d__5&)
SubPackage.SubPackageRemover:TryRemoveObsoleteSubPackagesAsync()
System.Reflection.RuntimeMethodInfo:InternalInvoke(RuntimeMethodInfo, Object, Object[], Exception&)
System.Reflection.RuntimeMethodInfo:Invoke(Object, BindingFlags, Binder, Object[], CultureInfo)
System.Reflection.MethodBase:Invoke(Object, Object[])
UnityEditor.EditorAssemblies:ProcessInitializeOnLoadMethodAttributes()

(Filename: ./Library/PackageCache/com.unity.cloud.ktx@7a35f681840e/Editor/Scripts/SubPackage/SubPackageRemover.cs Line: 52)

Mono: successfully reloaded assembly
[Package Manager] Failed to launch server process. Reason: Unity was launched with the -noUpm command-line argument
[Package Manager] Unable to send message (not connected to server process).
[Package Manager] Cannot connect to Unity Package Manager local server
- Finished resetting the current domain, in  1.028 seconds
Domain Reload Profiling: 2093ms
	BeginReloadAssembly (242ms)
		ExecutionOrderSort (0ms)
		DisableScriptedObjects (6ms)
		BackupInstance (0ms)
		ReleaseScriptingObjects (0ms)
		CreateAndSetChildDomain (55ms)
	RebuildCommonClasses (29ms)
	RebuildNativeTypeToScriptingClass (10ms)
	initialDomainReloadingComplete (32ms)
	LoadAllAssembliesAndSetupDomain (752ms)
		LoadAssemblies (617ms)
		RebuildTransferFunctionScriptingTraits (0ms)
		AnalyzeDomain (241ms)
			TypeCache.Refresh (8ms)
				TypeCache.ScanAssembly (0ms)
			BuildScriptInfoCaches (218ms)
			ResolveRequiredComponents (10ms)
	FinalizeReload (1028ms)
		ReleaseScriptCaches (0ms)
		RebuildScriptCaches (0ms)
		SetupLoadedEditorAssemblies (874ms)
			LogAssemblyErrors (0ms)
			InitializePlatformSupportModulesInManaged (10ms)
			SetLoadedEditorAssemblies (5ms)
			BeforeProcessingInitializeOnLoad (168ms)
			ProcessInitializeOnLoadAttributes (412ms)
			ProcessInitializeOnLoadMethodAttributes (265ms)
			AfterProcessingInitializeOnLoad (13ms)
			EditorAssembliesLoaded (1ms)
		ExecutionOrderSort2 (0ms)
		AwakeInstancesAfterBackupRestoration (18ms)
WARNING: Shader Unsupported: 'Hidden/Simulation/URP/Synthetic' - All subshaders removed
WARNING: Shader Did you use #pragma only_renderers and omit this platform?
WARNING: Shader If subshaders removal was intentional, you may have forgotten turning Fallback off?
WARNING: Shader Unsupported: 'Hidden/Simulation/URP/Synthetic' - All subshaders removed
WARNING: Shader Did you use #pragma only_renderers and omit this platform?
WARNING: Shader If subshaders removal was intentional, you may have forgotten turning Fallback off?
WARNING: Shader Unsupported: 'Simulation/Standard Lit' - All subshaders removed
WARNING: Shader Did you use #pragma only_renderers and omit this platform?
WARNING: Shader If subshaders removal was intentional, you may have forgotten turning Fallback off?
WARNING: Shader Unsupported: 'Simulation/Standard Lit' - All subshaders removed
WARNING: Shader Did you use #pragma only_renderers and omit this platform?
WARNING: Shader If subshaders removal was intentional, you may have forgotten turning Fallback off?
WARNING: Shader Unsupported: 'Hidden/Simulation/Synthetic Lit' - All subshaders removed
WARNING: Shader Did you use #pragma only_renderers and omit this platform?
WARNING: Shader If subshaders removal was intentional, you may have forgotten turning Fallback off?
WARNING: Shader Unsupported: 'Hidden/Simulation/Synthetic Lit' - All subshaders removed
WARNING: Shader Did you use #pragma only_renderers and omit this platform?
WARNING: Shader If subshaders removal was intentional, you may have forgotten turning Fallback off?
WARNING: Shader Unsupported: 'Simulation/URP/Room X-Ray' - All subshaders removed
WARNING: Shader Did you use #pragma only_renderers and omit this platform?
WARNING: Shader If subshaders removal was intentional, you may have forgotten turning Fallback off?
WARNING: Shader Unsupported: 'Simulation/URP/Room X-Ray' - All subshaders removed
WARNING: Shader Did you use #pragma only_renderers and omit this platform?
WARNING: Shader If subshaders removal was intentional, you may have forgotten turning Fallback off?
WARNING: Shader Unsupported: 'Simulation/Room X-Ray' - All subshaders removed
WARNING: Shader Did you use #pragma only_renderers and omit this platform?
WARNING: Shader If subshaders removal was intentional, you may have forgotten turning Fallback off?
WARNING: Shader Unsupported: 'Simulation/Room X-Ray' - All subshaders removed
WARNING: Shader Did you use #pragma only_renderers and omit this platform?
WARNING: Shader If subshaders removal was intentional, you may have forgotten turning Fallback off?
WARNING: Shader Unsupported: 'Simulation/URP/Lit' - All subshaders removed
WARNING: Shader Did you use #pragma only_renderers and omit this platform?
WARNING: Shader If subshaders removal was intentional, you may have forgotten turning Fallback off?
WARNING: Shader Unsupported: 'Simulation/URP/Lit' - All subshaders removed
WARNING: Shader Did you use #pragma only_renderers and omit this platform?
WARNING: Shader If subshaders removal was intentional, you may have forgotten turning Fallback off?
Refreshing native plugins compatible for Editor in 41.60 ms, found 19 plugins.
Preloading 2 native plugins for Editor in 0.20 ms.
Unloading 23 Unused Serialized files (Serialized files now loaded: 0)
Unloading 9113 unused Assets / (9.8 MB). Loaded Objects now: 10054.
Memory consumption went from 225.9 MB to 216.1 MB.
Total: 14.943700 ms (FindLiveObjects: 0.737100 ms CreateObjectMapping: 0.616500 ms MarkObjects: 9.035700 ms  DeleteObjects: 4.552900 ms)

Prepare: number of updated asset objects reloaded= 0
========================================================================
Received Prepare
Begin MonoManager ReloadAssembly
Symbol file LoadedFromMemory is not a mono symbol file
- Loaded All Assemblies, in  1.004 seconds
Refreshing native plugins compatible for Editor in 42.89 ms, found 19 plugins.
Native extension for Android target not found
Native extension for WindowsStandalone target not found
[Package Manager] Failed to launch server process. Reason: Unity was launched with the -noUpm command-line argument
[Package Manager] Unable to send message (not connected to server process).
[Package Manager] Cannot connect to Unity Package Manager local server
[Package Manager] Failed to launch server process. Reason: Unity was launched with the -noUpm command-line argument
[Package Manager] Unable to send message (not connected to server process).
[Package Manager] Cannot connect to Unity Package Manager local server
[Package Manager] Failed to launch server process. Reason: Unity was launched with the -noUpm command-line argument
[Package Manager] Unable to send message (not connected to server process).
[Package Manager] Cannot connect to Unity Package Manager local server
System.Reflection.TargetInvocationException: Exception has been thrown by the target of an invocation. ---> System.NullReferenceException: Object reference not set to an instance of an object
  at Unity.XR.Oculus.OculusLoader.AssetPathToAbsolutePath (System.String assetPath) [0x0003d] in .\Library\PackageCache\com.unity.xr.oculus@68ef97a4d91e\Runtime\OculusLoader.cs:312 
  at Unity.XR.Oculus.OculusLoader.EditorLoadOVRPlugin () [0x0008c] in .\Library\PackageCache\com.unity.xr.oculus@68ef97a4d91e\Runtime\OculusLoader.cs:297 
  at (wrapper managed-to-native) System.Reflection.RuntimeMethodInfo.InternalInvoke(System.Reflection.RuntimeMethodInfo,object,object[],System.Exception&)
  at System.Reflection.RuntimeMethodInfo.Invoke (System.Object obj, System.Reflection.BindingFlags invokeAttr, System.Reflection.Binder binder, System.Object[] parameters, System.Globalization.CultureInfo culture) [0x0006a] in <59bd7c40c082431db25e1e728ab62789>:0 
   --- End of inner exception stack trace ---
  at System.Reflection.RuntimeMethodInfo.Invoke (System.Object obj, System.Reflection.BindingFlags invokeAttr, System.Reflection.Binder binder, System.Object[] parameters, System.Globalization.CultureInfo culture) [0x00083] in <59bd7c40c082431db25e1e728ab62789>:0 
  at System.Reflection.MethodBase.Invoke (System.Object obj, System.Object[] parameters) [0x00000] in <59bd7c40c082431db25e1e728ab62789>:0 
  at UnityEditor.EditorAssemblies.ProcessInitializeOnLoadMethodAttributes () [0x00087] in <1acad9deef3549c4b9617dfa169c6659>:0 
UnityEngine.Debug:ExtractStackTraceNoAlloc (byte*,int,string)
UnityEngine.StackTraceUtility:ExtractStackTrace ()
UnityEngine.DebugLogHandler:Internal_Log (UnityEngine.LogType,UnityEngine.LogOption,string,UnityEngine.Object)
UnityEngine.DebugLogHandler:LogFormat (UnityEngine.LogType,UnityEngine.Object,string,object[])
UnityEngine.Logger:Log (UnityEngine.LogType,object)
UnityEngine.Debug:LogError (object)
UnityEditor.EditorAssemblies:ProcessInitializeOnLoadMethodAttributes ()

[MODES] ModeService[none].Initialize
[MODES] ModeService[none].LoadModes
[Package Manager] Failed to launch server process. Reason: Unity was launched with the -noUpm command-line argument
[Package Manager] Unable to send message (not connected to server process).
[Package Manager] Cannot connect to Unity Package Manager local server
AssertionException: Error removing KTX for Unity WebGL sub-packages.. Failed fetching installed packages.
Assertion failure. Values are not equal.
Expected: Failure == Success
  at UnityEngine.Assertions.Assert.Fail (System.String message, System.String userMessage) [0x00043] in <b4c8c45fec274213bfac03ee0e9a3d62>:0 
  at UnityEngine.Assertions.Assert.AreEqual[T] (T expected, T actual, System.String message, System.Collections.Generic.IEqualityComparer`1[T] comparer) [0x0005f] in <b4c8c45fec274213bfac03ee0e9a3d62>:0 
  at UnityEngine.Assertions.Assert.AreEqual[T] (T expected, T actual, System.String message) [0x00009] in <b4c8c45fec274213bfac03ee0e9a3d62>:0 
  at SubPackage.SubPackageRemover.GetAllInstalledPackagesAsync (System.Double timeout) [0x000b7] in .\Library\PackageCache\com.unity.cloud.ktx@7a35f681840e\Editor\Scripts\SubPackage\SubPackageRemover.cs:81 
  at SubPackage.SubPackageRemover.TryRemoveObsoleteSubPackagesAsync () [0x0002a] in .\Library\PackageCache\com.unity.cloud.ktx@7a35f681840e\Editor\Scripts\SubPackage\SubPackageRemover.cs:35 
UnityEngine.DebugLogHandler:Internal_LogException_Injected(Exception, IntPtr)
UnityEngine.DebugLogHandler:Internal_LogException(Exception, Object)
UnityEngine.DebugLogHandler:LogException(Exception, Object)
UnityEngine.Logger:LogException(Exception, Object)
UnityEngine.Debug:LogException(Exception)
SubPackage.<TryRemoveObsoleteSubPackagesAsync>d__5:MoveNext() (at .\Library\PackageCache\com.unity.cloud.ktx@7a35f681840e\Editor\Scripts\SubPackage\SubPackageRemover.cs:52)
System.Runtime.CompilerServices.AsyncVoidMethodBuilder:Start(<TryRemoveObsoleteSubPackagesAsync>d__5&)
SubPackage.SubPackageRemover:TryRemoveObsoleteSubPackagesAsync()
System.Reflection.RuntimeMethodInfo:InternalInvoke(RuntimeMethodInfo, Object, Object[], Exception&)
System.Reflection.RuntimeMethodInfo:Invoke(Object, BindingFlags, Binder, Object[], CultureInfo)
System.Reflection.MethodBase:Invoke(Object, Object[])
UnityEditor.EditorAssemblies:ProcessInitializeOnLoadMethodAttributes()

(Filename: ./Library/PackageCache/com.unity.cloud.ktx@7a35f681840e/Editor/Scripts/SubPackage/SubPackageRemover.cs Line: 52)

Mono: successfully reloaded assembly
[Package Manager] Failed to launch server process. Reason: Unity was launched with the -noUpm command-line argument
[Package Manager] Unable to send message (not connected to server process).
[Package Manager] Cannot connect to Unity Package Manager local server
- Finished resetting the current domain, in  0.999 seconds
Domain Reload Profiling: 1992ms
	BeginReloadAssembly (221ms)
		ExecutionOrderSort (0ms)
		DisableScriptedObjects (5ms)
		BackupInstance (0ms)
		ReleaseScriptingObjects (0ms)
		CreateAndSetChildDomain (49ms)
	RebuildCommonClasses (30ms)
	RebuildNativeTypeToScriptingClass (10ms)
	initialDomainReloadingComplete (31ms)
	LoadAllAssembliesAndSetupDomain (701ms)
		LoadAssemblies (555ms)
		RebuildTransferFunctionScriptingTraits (0ms)
		AnalyzeDomain (242ms)
			TypeCache.Refresh (9ms)
				TypeCache.ScanAssembly (0ms)
			BuildScriptInfoCaches (217ms)
			ResolveRequiredComponents (10ms)
	FinalizeReload (999ms)
		ReleaseScriptCaches (0ms)
		RebuildScriptCaches (0ms)
		SetupLoadedEditorAssemblies (845ms)
			LogAssemblyErrors (0ms)
			InitializePlatformSupportModulesInManaged (10ms)
			SetLoadedEditorAssemblies (5ms)
			BeforeProcessingInitializeOnLoad (161ms)
			ProcessInitializeOnLoadAttributes (399ms)
			ProcessInitializeOnLoadMethodAttributes (259ms)
			AfterProcessingInitializeOnLoad (10ms)
			EditorAssembliesLoaded (1ms)
		ExecutionOrderSort2 (0ms)
		AwakeInstancesAfterBackupRestoration (20ms)
WARNING: Shader Unsupported: 'Hidden/Simulation/URP/Synthetic' - All subshaders removed
WARNING: Shader Did you use #pragma only_renderers and omit this platform?
WARNING: Shader If subshaders removal was intentional, you may have forgotten turning Fallback off?
WARNING: Shader Unsupported: 'Hidden/Simulation/URP/Synthetic' - All subshaders removed
WARNING: Shader Did you use #pragma only_renderers and omit this platform?
WARNING: Shader If subshaders removal was intentional, you may have forgotten turning Fallback off?
WARNING: Shader Unsupported: 'Simulation/Standard Lit' - All subshaders removed
WARNING: Shader Did you use #pragma only_renderers and omit this platform?
WARNING: Shader If subshaders removal was intentional, you may have forgotten turning Fallback off?
WARNING: Shader Unsupported: 'Simulation/Standard Lit' - All subshaders removed
WARNING: Shader Did you use #pragma only_renderers and omit this platform?
WARNING: Shader If subshaders removal was intentional, you may have forgotten turning Fallback off?
WARNING: Shader Unsupported: 'Hidden/Simulation/Synthetic Lit' - All subshaders removed
WARNING: Shader Did you use #pragma only_renderers and omit this platform?
WARNING: Shader If subshaders removal was intentional, you may have forgotten turning Fallback off?
WARNING: Shader Unsupported: 'Hidden/Simulation/Synthetic Lit' - All subshaders removed
WARNING: Shader Did you use #pragma only_renderers and omit this platform?
WARNING: Shader If subshaders removal was intentional, you may have forgotten turning Fallback off?
WARNING: Shader Unsupported: 'Simulation/URP/Room X-Ray' - All subshaders removed
WARNING: Shader Did you use #pragma only_renderers and omit this platform?
WARNING: Shader If subshaders removal was intentional, you may have forgotten turning Fallback off?
WARNING: Shader Unsupported: 'Simulation/URP/Room X-Ray' - All subshaders removed
WARNING: Shader Did you use #pragma only_renderers and omit this platform?
WARNING: Shader If subshaders removal was intentional, you may have forgotten turning Fallback off?
WARNING: Shader Unsupported: 'Simulation/Room X-Ray' - All subshaders removed
WARNING: Shader Did you use #pragma only_renderers and omit this platform?
WARNING: Shader If subshaders removal was intentional, you may have forgotten turning Fallback off?
WARNING: Shader Unsupported: 'Simulation/Room X-Ray' - All subshaders removed
WARNING: Shader Did you use #pragma only_renderers and omit this platform?
WARNING: Shader If subshaders removal was intentional, you may have forgotten turning Fallback off?
WARNING: Shader Unsupported: 'Simulation/URP/Lit' - All subshaders removed
WARNING: Shader Did you use #pragma only_renderers and omit this platform?
WARNING: Shader If subshaders removal was intentional, you may have forgotten turning Fallback off?
WARNING: Shader Unsupported: 'Simulation/URP/Lit' - All subshaders removed
WARNING: Shader Did you use #pragma only_renderers and omit this platform?
WARNING: Shader If subshaders removal was intentional, you may have forgotten turning Fallback off?
Refreshing native plugins compatible for Editor in 36.45 ms, found 19 plugins.
Preloading 2 native plugins for Editor in 0.19 ms.
Unloading 23 Unused Serialized files (Serialized files now loaded: 0)
Unloading 9113 unused Assets / (10.0 MB). Loaded Objects now: 10059.
Memory consumption went from 227.9 MB to 218.0 MB.
Total: 13.281800 ms (FindLiveObjects: 0.680800 ms CreateObjectMapping: 0.629100 ms MarkObjects: 7.488400 ms  DeleteObjects: 4.482000 ms)

Prepare: number of updated asset objects reloaded= 0
========================================================================
Received Prepare
[Licensing::Client] Successfully resolved entitlement details
Begin MonoManager ReloadAssembly
[Licensing::Client] Successfully resolved entitlement details
Symbol file LoadedFromMemory is not a mono symbol file
- Loaded All Assemblies, in  1.003 seconds
Refreshing native plugins compatible for Editor in 37.51 ms, found 19 plugins.
Native extension for Android target not found
Native extension for WindowsStandalone target not found
[Package Manager] Failed to launch server process. Reason: Unity was launched with the -noUpm command-line argument
[Package Manager] Unable to send message (not connected to server process).
[Package Manager] Cannot connect to Unity Package Manager local server
[Package Manager] Failed to launch server process. Reason: Unity was launched with the -noUpm command-line argument
[Package Manager] Unable to send message (not connected to server process).
[Package Manager] Cannot connect to Unity Package Manager local server
[Package Manager] Failed to launch server process. Reason: Unity was launched with the -noUpm command-line argument
[Package Manager] Unable to send message (not connected to server process).
[Package Manager] Cannot connect to Unity Package Manager local server
System.Reflection.TargetInvocationException: Exception has been thrown by the target of an invocation. ---> System.NullReferenceException: Object reference not set to an instance of an object
  at Unity.XR.Oculus.OculusLoader.AssetPathToAbsolutePath (System.String assetPath) [0x0003d] in .\Library\PackageCache\com.unity.xr.oculus@68ef97a4d91e\Runtime\OculusLoader.cs:312 
  at Unity.XR.Oculus.OculusLoader.EditorLoadOVRPlugin () [0x0008c] in .\Library\PackageCache\com.unity.xr.oculus@68ef97a4d91e\Runtime\OculusLoader.cs:297 
  at (wrapper managed-to-native) System.Reflection.RuntimeMethodInfo.InternalInvoke(System.Reflection.RuntimeMethodInfo,object,object[],System.Exception&)
  at System.Reflection.RuntimeMethodInfo.Invoke (System.Object obj, System.Reflection.BindingFlags invokeAttr, System.Reflection.Binder binder, System.Object[] parameters, System.Globalization.CultureInfo culture) [0x0006a] in <59bd7c40c082431db25e1e728ab62789>:0 
   --- End of inner exception stack trace ---
  at System.Reflection.RuntimeMethodInfo.Invoke (System.Object obj, System.Reflection.BindingFlags invokeAttr, System.Reflection.Binder binder, System.Object[] parameters, System.Globalization.CultureInfo culture) [0x00083] in <59bd7c40c082431db25e1e728ab62789>:0 
  at System.Reflection.MethodBase.Invoke (System.Object obj, System.Object[] parameters) [0x00000] in <59bd7c40c082431db25e1e728ab62789>:0 
  at UnityEditor.EditorAssemblies.ProcessInitializeOnLoadMethodAttributes () [0x00087] in <1acad9deef3549c4b9617dfa169c6659>:0 
UnityEngine.Debug:ExtractStackTraceNoAlloc (byte*,int,string)
UnityEngine.StackTraceUtility:ExtractStackTrace ()
UnityEngine.DebugLogHandler:Internal_Log (UnityEngine.LogType,UnityEngine.LogOption,string,UnityEngine.Object)
UnityEngine.DebugLogHandler:LogFormat (UnityEngine.LogType,UnityEngine.Object,string,object[])
UnityEngine.Logger:Log (UnityEngine.LogType,object)
UnityEngine.Debug:LogError (object)
UnityEditor.EditorAssemblies:ProcessInitializeOnLoadMethodAttributes ()

[MODES] ModeService[none].Initialize
[MODES] ModeService[none].LoadModes
[Package Manager] Failed to launch server process. Reason: Unity was launched with the -noUpm command-line argument
[Package Manager] Unable to send message (not connected to server process).
[Package Manager] Cannot connect to Unity Package Manager local server
AssertionException: Error removing KTX for Unity WebGL sub-packages.. Failed fetching installed packages.
Assertion failure. Values are not equal.
Expected: Failure == Success
  at UnityEngine.Assertions.Assert.Fail (System.String message, System.String userMessage) [0x00043] in <b4c8c45fec274213bfac03ee0e9a3d62>:0 
  at UnityEngine.Assertions.Assert.AreEqual[T] (T expected, T actual, System.String message, System.Collections.Generic.IEqualityComparer`1[T] comparer) [0x0005f] in <b4c8c45fec274213bfac03ee0e9a3d62>:0 
  at UnityEngine.Assertions.Assert.AreEqual[T] (T expected, T actual, System.String message) [0x00009] in <b4c8c45fec274213bfac03ee0e9a3d62>:0 
  at SubPackage.SubPackageRemover.GetAllInstalledPackagesAsync (System.Double timeout) [0x000b7] in .\Library\PackageCache\com.unity.cloud.ktx@7a35f681840e\Editor\Scripts\SubPackage\SubPackageRemover.cs:81 
  at SubPackage.SubPackageRemover.TryRemoveObsoleteSubPackagesAsync () [0x0002a] in .\Library\PackageCache\com.unity.cloud.ktx@7a35f681840e\Editor\Scripts\SubPackage\SubPackageRemover.cs:35 
UnityEngine.DebugLogHandler:Internal_LogException_Injected(Exception, IntPtr)
UnityEngine.DebugLogHandler:Internal_LogException(Exception, Object)
UnityEngine.DebugLogHandler:LogException(Exception, Object)
UnityEngine.Logger:LogException(Exception, Object)
UnityEngine.Debug:LogException(Exception)
SubPackage.<TryRemoveObsoleteSubPackagesAsync>d__5:MoveNext() (at .\Library\PackageCache\com.unity.cloud.ktx@7a35f681840e\Editor\Scripts\SubPackage\SubPackageRemover.cs:52)
System.Runtime.CompilerServices.AsyncVoidMethodBuilder:Start(<TryRemoveObsoleteSubPackagesAsync>d__5&)
SubPackage.SubPackageRemover:TryRemoveObsoleteSubPackagesAsync()
System.Reflection.RuntimeMethodInfo:InternalInvoke(RuntimeMethodInfo, Object, Object[], Exception&)
System.Reflection.RuntimeMethodInfo:Invoke(Object, BindingFlags, Binder, Object[], CultureInfo)
System.Reflection.MethodBase:Invoke(Object, Object[])
UnityEditor.EditorAssemblies:ProcessInitializeOnLoadMethodAttributes()

(Filename: ./Library/PackageCache/com.unity.cloud.ktx@7a35f681840e/Editor/Scripts/SubPackage/SubPackageRemover.cs Line: 52)

Mono: successfully reloaded assembly
[Package Manager] Failed to launch server process. Reason: Unity was launched with the -noUpm command-line argument
[Package Manager] Unable to send message (not connected to server process).
[Package Manager] Cannot connect to Unity Package Manager local server
- Finished resetting the current domain, in  1.011 seconds
Domain Reload Profiling: 2003ms
	BeginReloadAssembly (232ms)
		ExecutionOrderSort (0ms)
		DisableScriptedObjects (6ms)
		BackupInstance (0ms)
		ReleaseScriptingObjects (0ms)
		CreateAndSetChildDomain (52ms)
	RebuildCommonClasses (28ms)
	RebuildNativeTypeToScriptingClass (10ms)
	initialDomainReloadingComplete (33ms)
	LoadAllAssembliesAndSetupDomain (689ms)
		LoadAssemblies (554ms)
		RebuildTransferFunctionScriptingTraits (0ms)
		AnalyzeDomain (234ms)
			TypeCache.Refresh (8ms)
				TypeCache.ScanAssembly (0ms)
			BuildScriptInfoCaches (212ms)
			ResolveRequiredComponents (10ms)
	FinalizeReload (1012ms)
		ReleaseScriptCaches (0ms)
		RebuildScriptCaches (0ms)
		SetupLoadedEditorAssemblies (861ms)
			LogAssemblyErrors (0ms)
			InitializePlatformSupportModulesInManaged (9ms)
			SetLoadedEditorAssemblies (5ms)
			BeforeProcessingInitializeOnLoad (160ms)
			ProcessInitializeOnLoadAttributes (413ms)
			ProcessInitializeOnLoadMethodAttributes (265ms)
			AfterProcessingInitializeOnLoad (9ms)
			EditorAssembliesLoaded (1ms)
		ExecutionOrderSort2 (0ms)
		AwakeInstancesAfterBackupRestoration (20ms)
WARNING: Shader Unsupported: 'Hidden/Simulation/URP/Synthetic' - All subshaders removed
WARNING: Shader Did you use #pragma only_renderers and omit this platform?
WARNING: Shader If subshaders removal was intentional, you may have forgotten turning Fallback off?
WARNING: Shader Unsupported: 'Hidden/Simulation/URP/Synthetic' - All subshaders removed
WARNING: Shader Did you use #pragma only_renderers and omit this platform?
WARNING: Shader If subshaders removal was intentional, you may have forgotten turning Fallback off?
WARNING: Shader Unsupported: 'Simulation/Standard Lit' - All subshaders removed
WARNING: Shader Did you use #pragma only_renderers and omit this platform?
WARNING: Shader If subshaders removal was intentional, you may have forgotten turning Fallback off?
WARNING: Shader Unsupported: 'Simulation/Standard Lit' - All subshaders removed
WARNING: Shader Did you use #pragma only_renderers and omit this platform?
WARNING: Shader If subshaders removal was intentional, you may have forgotten turning Fallback off?
WARNING: Shader Unsupported: 'Hidden/Simulation/Synthetic Lit' - All subshaders removed
WARNING: Shader Did you use #pragma only_renderers and omit this platform?
WARNING: Shader If subshaders removal was intentional, you may have forgotten turning Fallback off?
WARNING: Shader Unsupported: 'Hidden/Simulation/Synthetic Lit' - All subshaders removed
WARNING: Shader Did you use #pragma only_renderers and omit this platform?
WARNING: Shader If subshaders removal was intentional, you may have forgotten turning Fallback off?
WARNING: Shader Unsupported: 'Simulation/URP/Room X-Ray' - All subshaders removed
WARNING: Shader Did you use #pragma only_renderers and omit this platform?
WARNING: Shader If subshaders removal was intentional, you may have forgotten turning Fallback off?
WARNING: Shader Unsupported: 'Simulation/URP/Room X-Ray' - All subshaders removed
WARNING: Shader Did you use #pragma only_renderers and omit this platform?
WARNING: Shader If subshaders removal was intentional, you may have forgotten turning Fallback off?
WARNING: Shader Unsupported: 'Simulation/Room X-Ray' - All subshaders removed
WARNING: Shader Did you use #pragma only_renderers and omit this platform?
WARNING: Shader If subshaders removal was intentional, you may have forgotten turning Fallback off?
WARNING: Shader Unsupported: 'Simulation/Room X-Ray' - All subshaders removed
WARNING: Shader Did you use #pragma only_renderers and omit this platform?
WARNING: Shader If subshaders removal was intentional, you may have forgotten turning Fallback off?
WARNING: Shader Unsupported: 'Simulation/URP/Lit' - All subshaders removed
WARNING: Shader Did you use #pragma only_renderers and omit this platform?
WARNING: Shader If subshaders removal was intentional, you may have forgotten turning Fallback off?
WARNING: Shader Unsupported: 'Simulation/URP/Lit' - All subshaders removed
WARNING: Shader Did you use #pragma only_renderers and omit this platform?
WARNING: Shader If subshaders removal was intentional, you may have forgotten turning Fallback off?
Refreshing native plugins compatible for Editor in 36.19 ms, found 19 plugins.
Preloading 2 native plugins for Editor in 0.18 ms.
Unloading 23 Unused Serialized files (Serialized files now loaded: 0)
Unloading 9113 unused Assets / (9.9 MB). Loaded Objects now: 10064.
Memory consumption went from 228.0 MB to 218.1 MB.
Total: 13.554300 ms (FindLiveObjects: 0.722400 ms CreateObjectMapping: 0.607400 ms MarkObjects: 7.732100 ms  DeleteObjects: 4.491600 ms)

Prepare: number of updated asset objects reloaded= 0
========================================================================
Received Prepare
Begin MonoManager ReloadAssembly
Symbol file LoadedFromMemory is not a mono symbol file
- Loaded All Assemblies, in  1.015 seconds
Refreshing native plugins compatible for Editor in 44.06 ms, found 19 plugins.
Native extension for Android target not found
Native extension for WindowsStandalone target not found
[Package Manager] Failed to launch server process. Reason: Unity was launched with the -noUpm command-line argument
[Package Manager] Unable to send message (not connected to server process).
[Package Manager] Cannot connect to Unity Package Manager local server
[Package Manager] Failed to launch server process. Reason: Unity was launched with the -noUpm command-line argument
[Package Manager] Unable to send message (not connected to server process).
[Package Manager] Cannot connect to Unity Package Manager local server
[Package Manager] Failed to launch server process. Reason: Unity was launched with the -noUpm command-line argument
[Package Manager] Unable to send message (not connected to server process).
[Package Manager] Cannot connect to Unity Package Manager local server
System.Reflection.TargetInvocationException: Exception has been thrown by the target of an invocation. ---> System.NullReferenceException: Object reference not set to an instance of an object
  at Unity.XR.Oculus.OculusLoader.AssetPathToAbsolutePath (System.String assetPath) [0x0003d] in .\Library\PackageCache\com.unity.xr.oculus@68ef97a4d91e\Runtime\OculusLoader.cs:312 
  at Unity.XR.Oculus.OculusLoader.EditorLoadOVRPlugin () [0x0008c] in .\Library\PackageCache\com.unity.xr.oculus@68ef97a4d91e\Runtime\OculusLoader.cs:297 
  at (wrapper managed-to-native) System.Reflection.RuntimeMethodInfo.InternalInvoke(System.Reflection.RuntimeMethodInfo,object,object[],System.Exception&)
  at System.Reflection.RuntimeMethodInfo.Invoke (System.Object obj, System.Reflection.BindingFlags invokeAttr, System.Reflection.Binder binder, System.Object[] parameters, System.Globalization.CultureInfo culture) [0x0006a] in <59bd7c40c082431db25e1e728ab62789>:0 
   --- End of inner exception stack trace ---
  at System.Reflection.RuntimeMethodInfo.Invoke (System.Object obj, System.Reflection.BindingFlags invokeAttr, System.Reflection.Binder binder, System.Object[] parameters, System.Globalization.CultureInfo culture) [0x00083] in <59bd7c40c082431db25e1e728ab62789>:0 
  at System.Reflection.MethodBase.Invoke (System.Object obj, System.Object[] parameters) [0x00000] in <59bd7c40c082431db25e1e728ab62789>:0 
  at UnityEditor.EditorAssemblies.ProcessInitializeOnLoadMethodAttributes () [0x00087] in <1acad9deef3549c4b9617dfa169c6659>:0 
UnityEngine.Debug:ExtractStackTraceNoAlloc (byte*,int,string)
UnityEngine.StackTraceUtility:ExtractStackTrace ()
UnityEngine.DebugLogHandler:Internal_Log (UnityEngine.LogType,UnityEngine.LogOption,string,UnityEngine.Object)
UnityEngine.DebugLogHandler:LogFormat (UnityEngine.LogType,UnityEngine.Object,string,object[])
UnityEngine.Logger:Log (UnityEngine.LogType,object)
UnityEngine.Debug:LogError (object)
UnityEditor.EditorAssemblies:ProcessInitializeOnLoadMethodAttributes ()

[MODES] ModeService[none].Initialize
[MODES] ModeService[none].LoadModes
[Package Manager] Failed to launch server process. Reason: Unity was launched with the -noUpm command-line argument
[Package Manager] Unable to send message (not connected to server process).
[Package Manager] Cannot connect to Unity Package Manager local server
AssertionException: Error removing KTX for Unity WebGL sub-packages.. Failed fetching installed packages.
Assertion failure. Values are not equal.
Expected: Failure == Success
  at UnityEngine.Assertions.Assert.Fail (System.String message, System.String userMessage) [0x00043] in <b4c8c45fec274213bfac03ee0e9a3d62>:0 
  at UnityEngine.Assertions.Assert.AreEqual[T] (T expected, T actual, System.String message, System.Collections.Generic.IEqualityComparer`1[T] comparer) [0x0005f] in <b4c8c45fec274213bfac03ee0e9a3d62>:0 
  at UnityEngine.Assertions.Assert.AreEqual[T] (T expected, T actual, System.String message) [0x00009] in <b4c8c45fec274213bfac03ee0e9a3d62>:0 
  at SubPackage.SubPackageRemover.GetAllInstalledPackagesAsync (System.Double timeout) [0x000b7] in .\Library\PackageCache\com.unity.cloud.ktx@7a35f681840e\Editor\Scripts\SubPackage\SubPackageRemover.cs:81 
  at SubPackage.SubPackageRemover.TryRemoveObsoleteSubPackagesAsync () [0x0002a] in .\Library\PackageCache\com.unity.cloud.ktx@7a35f681840e\Editor\Scripts\SubPackage\SubPackageRemover.cs:35 
UnityEngine.DebugLogHandler:Internal_LogException_Injected(Exception, IntPtr)
UnityEngine.DebugLogHandler:Internal_LogException(Exception, Object)
UnityEngine.DebugLogHandler:LogException(Exception, Object)
UnityEngine.Logger:LogException(Exception, Object)
UnityEngine.Debug:LogException(Exception)
SubPackage.<TryRemoveObsoleteSubPackagesAsync>d__5:MoveNext() (at .\Library\PackageCache\com.unity.cloud.ktx@7a35f681840e\Editor\Scripts\SubPackage\SubPackageRemover.cs:52)
System.Runtime.CompilerServices.AsyncVoidMethodBuilder:Start(<TryRemoveObsoleteSubPackagesAsync>d__5&)
SubPackage.SubPackageRemover:TryRemoveObsoleteSubPackagesAsync()
System.Reflection.RuntimeMethodInfo:InternalInvoke(RuntimeMethodInfo, Object, Object[], Exception&)
System.Reflection.RuntimeMethodInfo:Invoke(Object, BindingFlags, Binder, Object[], CultureInfo)
System.Reflection.MethodBase:Invoke(Object, Object[])
UnityEditor.EditorAssemblies:ProcessInitializeOnLoadMethodAttributes()

(Filename: ./Library/PackageCache/com.unity.cloud.ktx@7a35f681840e/Editor/Scripts/SubPackage/SubPackageRemover.cs Line: 52)

Mono: successfully reloaded assembly
[Package Manager] Failed to launch server process. Reason: Unity was launched with the -noUpm command-line argument
[Package Manager] Unable to send message (not connected to server process).
[Package Manager] Cannot connect to Unity Package Manager local server
- Finished resetting the current domain, in  1.002 seconds
Domain Reload Profiling: 2006ms
	BeginReloadAssembly (227ms)
		ExecutionOrderSort (0ms)
		DisableScriptedObjects (5ms)
		BackupInstance (0ms)
		ReleaseScriptingObjects (0ms)
		CreateAndSetChildDomain (49ms)
	RebuildCommonClasses (30ms)
	RebuildNativeTypeToScriptingClass (10ms)
	initialDomainReloadingComplete (33ms)
	LoadAllAssembliesAndSetupDomain (704ms)
		LoadAssemblies (572ms)
		RebuildTransferFunctionScriptingTraits (0ms)
		AnalyzeDomain (235ms)
			TypeCache.Refresh (8ms)
				TypeCache.ScanAssembly (0ms)
			BuildScriptInfoCaches (211ms)
			ResolveRequiredComponents (9ms)
	FinalizeReload (1002ms)
		ReleaseScriptCaches (0ms)
		RebuildScriptCaches (0ms)
		SetupLoadedEditorAssemblies (854ms)
			LogAssemblyErrors (0ms)
			InitializePlatformSupportModulesInManaged (9ms)
			SetLoadedEditorAssemblies (5ms)
			BeforeProcessingInitializeOnLoad (170ms)
			ProcessInitializeOnLoadAttributes (399ms)
			ProcessInitializeOnLoadMethodAttributes (260ms)
			AfterProcessingInitializeOnLoad (11ms)
			EditorAssembliesLoaded (1ms)
		ExecutionOrderSort2 (0ms)
		AwakeInstancesAfterBackupRestoration (20ms)
WARNING: Shader Unsupported: 'Hidden/Simulation/URP/Synthetic' - All subshaders removed
WARNING: Shader Did you use #pragma only_renderers and omit this platform?
WARNING: Shader If subshaders removal was intentional, you may have forgotten turning Fallback off?
WARNING: Shader Unsupported: 'Hidden/Simulation/URP/Synthetic' - All subshaders removed
WARNING: Shader Did you use #pragma only_renderers and omit this platform?
WARNING: Shader If subshaders removal was intentional, you may have forgotten turning Fallback off?
WARNING: Shader Unsupported: 'Simulation/Standard Lit' - All subshaders removed
WARNING: Shader Did you use #pragma only_renderers and omit this platform?
WARNING: Shader If subshaders removal was intentional, you may have forgotten turning Fallback off?
WARNING: Shader Unsupported: 'Simulation/Standard Lit' - All subshaders removed
WARNING: Shader Did you use #pragma only_renderers and omit this platform?
WARNING: Shader If subshaders removal was intentional, you may have forgotten turning Fallback off?
WARNING: Shader Unsupported: 'Hidden/Simulation/Synthetic Lit' - All subshaders removed
WARNING: Shader Did you use #pragma only_renderers and omit this platform?
WARNING: Shader If subshaders removal was intentional, you may have forgotten turning Fallback off?
WARNING: Shader Unsupported: 'Hidden/Simulation/Synthetic Lit' - All subshaders removed
WARNING: Shader Did you use #pragma only_renderers and omit this platform?
WARNING: Shader If subshaders removal was intentional, you may have forgotten turning Fallback off?
WARNING: Shader Unsupported: 'Simulation/URP/Room X-Ray' - All subshaders removed
WARNING: Shader Did you use #pragma only_renderers and omit this platform?
WARNING: Shader If subshaders removal was intentional, you may have forgotten turning Fallback off?
WARNING: Shader Unsupported: 'Simulation/URP/Room X-Ray' - All subshaders removed
WARNING: Shader Did you use #pragma only_renderers and omit this platform?
WARNING: Shader If subshaders removal was intentional, you may have forgotten turning Fallback off?
WARNING: Shader Unsupported: 'Simulation/Room X-Ray' - All subshaders removed
WARNING: Shader Did you use #pragma only_renderers and omit this platform?
WARNING: Shader If subshaders removal was intentional, you may have forgotten turning Fallback off?
WARNING: Shader Unsupported: 'Simulation/Room X-Ray' - All subshaders removed
WARNING: Shader Did you use #pragma only_renderers and omit this platform?
WARNING: Shader If subshaders removal was intentional, you may have forgotten turning Fallback off?
WARNING: Shader Unsupported: 'Simulation/URP/Lit' - All subshaders removed
WARNING: Shader Did you use #pragma only_renderers and omit this platform?
WARNING: Shader If subshaders removal was intentional, you may have forgotten turning Fallback off?
WARNING: Shader Unsupported: 'Simulation/URP/Lit' - All subshaders removed
WARNING: Shader Did you use #pragma only_renderers and omit this platform?
WARNING: Shader If subshaders removal was intentional, you may have forgotten turning Fallback off?
Refreshing native plugins compatible for Editor in 37.73 ms, found 19 plugins.
Preloading 2 native plugins for Editor in 0.21 ms.
Unloading 23 Unused Serialized files (Serialized files now loaded: 0)
Unloading 9113 unused Assets / (10.6 MB). Loaded Objects now: 10069.
Memory consumption went from 228.0 MB to 217.4 MB.
Total: 13.416500 ms (FindLiveObjects: 0.649700 ms CreateObjectMapping: 0.620600 ms MarkObjects: 7.422300 ms  DeleteObjects: 4.723000 ms)

Prepare: number of updated asset objects reloaded= 0
========================================================================
Received Prepare
[Licensing::Client] Successfully resolved entitlement details
Begin MonoManager ReloadAssembly
[Licensing::Client] Successfully resolved entitlement details
Symbol file LoadedFromMemory is not a mono symbol file
- Loaded All Assemblies, in  0.979 seconds
Refreshing native plugins compatible for Editor in 39.80 ms, found 19 plugins.
Native extension for Android target not found
Native extension for WindowsStandalone target not found
[Package Manager] Failed to launch server process. Reason: Unity was launched with the -noUpm command-line argument
[Package Manager] Unable to send message (not connected to server process).
[Package Manager] Cannot connect to Unity Package Manager local server
[Package Manager] Failed to launch server process. Reason: Unity was launched with the -noUpm command-line argument
[Package Manager] Unable to send message (not connected to server process).
[Package Manager] Cannot connect to Unity Package Manager local server
[Package Manager] Failed to launch server process. Reason: Unity was launched with the -noUpm command-line argument
[Package Manager] Unable to send message (not connected to server process).
[Package Manager] Cannot connect to Unity Package Manager local server
System.Reflection.TargetInvocationException: Exception has been thrown by the target of an invocation. ---> System.NullReferenceException: Object reference not set to an instance of an object
  at Unity.XR.Oculus.OculusLoader.AssetPathToAbsolutePath (System.String assetPath) [0x0003d] in .\Library\PackageCache\com.unity.xr.oculus@68ef97a4d91e\Runtime\OculusLoader.cs:312 
  at Unity.XR.Oculus.OculusLoader.EditorLoadOVRPlugin () [0x0008c] in .\Library\PackageCache\com.unity.xr.oculus@68ef97a4d91e\Runtime\OculusLoader.cs:297 
  at (wrapper managed-to-native) System.Reflection.RuntimeMethodInfo.InternalInvoke(System.Reflection.RuntimeMethodInfo,object,object[],System.Exception&)
  at System.Reflection.RuntimeMethodInfo.Invoke (System.Object obj, System.Reflection.BindingFlags invokeAttr, System.Reflection.Binder binder, System.Object[] parameters, System.Globalization.CultureInfo culture) [0x0006a] in <59bd7c40c082431db25e1e728ab62789>:0 
   --- End of inner exception stack trace ---
  at System.Reflection.RuntimeMethodInfo.Invoke (System.Object obj, System.Reflection.BindingFlags invokeAttr, System.Reflection.Binder binder, System.Object[] parameters, System.Globalization.CultureInfo culture) [0x00083] in <59bd7c40c082431db25e1e728ab62789>:0 
  at System.Reflection.MethodBase.Invoke (System.Object obj, System.Object[] parameters) [0x00000] in <59bd7c40c082431db25e1e728ab62789>:0 
  at UnityEditor.EditorAssemblies.ProcessInitializeOnLoadMethodAttributes () [0x00087] in <1acad9deef3549c4b9617dfa169c6659>:0 
UnityEngine.Debug:ExtractStackTraceNoAlloc (byte*,int,string)
UnityEngine.StackTraceUtility:ExtractStackTrace ()
UnityEngine.DebugLogHandler:Internal_Log (UnityEngine.LogType,UnityEngine.LogOption,string,UnityEngine.Object)
UnityEngine.DebugLogHandler:LogFormat (UnityEngine.LogType,UnityEngine.Object,string,object[])
UnityEngine.Logger:Log (UnityEngine.LogType,object)
UnityEngine.Debug:LogError (object)
UnityEditor.EditorAssemblies:ProcessInitializeOnLoadMethodAttributes ()

[MODES] ModeService[none].Initialize
[MODES] ModeService[none].LoadModes
[Package Manager] Failed to launch server process. Reason: Unity was launched with the -noUpm command-line argument
[Package Manager] Unable to send message (not connected to server process).
[Package Manager] Cannot connect to Unity Package Manager local server
AssertionException: Error removing KTX for Unity WebGL sub-packages.. Failed fetching installed packages.
Assertion failure. Values are not equal.
Expected: Failure == Success
  at UnityEngine.Assertions.Assert.Fail (System.String message, System.String userMessage) [0x00043] in <b4c8c45fec274213bfac03ee0e9a3d62>:0 
  at UnityEngine.Assertions.Assert.AreEqual[T] (T expected, T actual, System.String message, System.Collections.Generic.IEqualityComparer`1[T] comparer) [0x0005f] in <b4c8c45fec274213bfac03ee0e9a3d62>:0 
  at UnityEngine.Assertions.Assert.AreEqual[T] (T expected, T actual, System.String message) [0x00009] in <b4c8c45fec274213bfac03ee0e9a3d62>:0 
  at SubPackage.SubPackageRemover.GetAllInstalledPackagesAsync (System.Double timeout) [0x000b7] in .\Library\PackageCache\com.unity.cloud.ktx@7a35f681840e\Editor\Scripts\SubPackage\SubPackageRemover.cs:81 
  at SubPackage.SubPackageRemover.TryRemoveObsoleteSubPackagesAsync () [0x0002a] in .\Library\PackageCache\com.unity.cloud.ktx@7a35f681840e\Editor\Scripts\SubPackage\SubPackageRemover.cs:35 
UnityEngine.DebugLogHandler:Internal_LogException_Injected(Exception, IntPtr)
UnityEngine.DebugLogHandler:Internal_LogException(Exception, Object)
UnityEngine.DebugLogHandler:LogException(Exception, Object)
UnityEngine.Logger:LogException(Exception, Object)
UnityEngine.Debug:LogException(Exception)
SubPackage.<TryRemoveObsoleteSubPackagesAsync>d__5:MoveNext() (at .\Library\PackageCache\com.unity.cloud.ktx@7a35f681840e\Editor\Scripts\SubPackage\SubPackageRemover.cs:52)
System.Runtime.CompilerServices.AsyncVoidMethodBuilder:Start(<TryRemoveObsoleteSubPackagesAsync>d__5&)
SubPackage.SubPackageRemover:TryRemoveObsoleteSubPackagesAsync()
System.Reflection.RuntimeMethodInfo:InternalInvoke(RuntimeMethodInfo, Object, Object[], Exception&)
System.Reflection.RuntimeMethodInfo:Invoke(Object, BindingFlags, Binder, Object[], CultureInfo)
System.Reflection.MethodBase:Invoke(Object, Object[])
UnityEditor.EditorAssemblies:ProcessInitializeOnLoadMethodAttributes()

(Filename: ./Library/PackageCache/com.unity.cloud.ktx@7a35f681840e/Editor/Scripts/SubPackage/SubPackageRemover.cs Line: 52)

Mono: successfully reloaded assembly
[Package Manager] Failed to launch server process. Reason: Unity was launched with the -noUpm command-line argument
[Package Manager] Unable to send message (not connected to server process).
[Package Manager] Cannot connect to Unity Package Manager local server
- Finished resetting the current domain, in  1.017 seconds
Domain Reload Profiling: 1985ms
	BeginReloadAssembly (224ms)
		ExecutionOrderSort (0ms)
		DisableScriptedObjects (5ms)
		BackupInstance (0ms)
		ReleaseScriptingObjects (0ms)
		CreateAndSetChildDomain (46ms)
	RebuildCommonClasses (29ms)
	RebuildNativeTypeToScriptingClass (10ms)
	initialDomainReloadingComplete (34ms)
	LoadAllAssembliesAndSetupDomain (671ms)
		LoadAssemblies (536ms)
		RebuildTransferFunctionScriptingTraits (0ms)
		AnalyzeDomain (233ms)
			TypeCache.Refresh (9ms)
				TypeCache.ScanAssembly (0ms)
			BuildScriptInfoCaches (209ms)
			ResolveRequiredComponents (10ms)
	FinalizeReload (1017ms)
		ReleaseScriptCaches (0ms)
		RebuildScriptCaches (0ms)
		SetupLoadedEditorAssemblies (867ms)
			LogAssemblyErrors (0ms)
			InitializePlatformSupportModulesInManaged (9ms)
			SetLoadedEditorAssemblies (5ms)
			BeforeProcessingInitializeOnLoad (161ms)
			ProcessInitializeOnLoadAttributes (399ms)
			ProcessInitializeOnLoadMethodAttributes (281ms)
			AfterProcessingInitializeOnLoad (11ms)
			EditorAssembliesLoaded (1ms)
		ExecutionOrderSort2 (0ms)
		AwakeInstancesAfterBackupRestoration (19ms)
WARNING: Shader Unsupported: 'Hidden/Simulation/URP/Synthetic' - All subshaders removed
WARNING: Shader Did you use #pragma only_renderers and omit this platform?
WARNING: Shader If subshaders removal was intentional, you may have forgotten turning Fallback off?
WARNING: Shader Unsupported: 'Hidden/Simulation/URP/Synthetic' - All subshaders removed
WARNING: Shader Did you use #pragma only_renderers and omit this platform?
WARNING: Shader If subshaders removal was intentional, you may have forgotten turning Fallback off?
WARNING: Shader Unsupported: 'Simulation/Standard Lit' - All subshaders removed
WARNING: Shader Did you use #pragma only_renderers and omit this platform?
WARNING: Shader If subshaders removal was intentional, you may have forgotten turning Fallback off?
WARNING: Shader Unsupported: 'Simulation/Standard Lit' - All subshaders removed
WARNING: Shader Did you use #pragma only_renderers and omit this platform?
WARNING: Shader If subshaders removal was intentional, you may have forgotten turning Fallback off?
WARNING: Shader Unsupported: 'Hidden/Simulation/Synthetic Lit' - All subshaders removed
WARNING: Shader Did you use #pragma only_renderers and omit this platform?
WARNING: Shader If subshaders removal was intentional, you may have forgotten turning Fallback off?
WARNING: Shader Unsupported: 'Hidden/Simulation/Synthetic Lit' - All subshaders removed
WARNING: Shader Did you use #pragma only_renderers and omit this platform?
WARNING: Shader If subshaders removal was intentional, you may have forgotten turning Fallback off?
WARNING: Shader Unsupported: 'Simulation/URP/Room X-Ray' - All subshaders removed
WARNING: Shader Did you use #pragma only_renderers and omit this platform?
WARNING: Shader If subshaders removal was intentional, you may have forgotten turning Fallback off?
WARNING: Shader Unsupported: 'Simulation/URP/Room X-Ray' - All subshaders removed
WARNING: Shader Did you use #pragma only_renderers and omit this platform?
WARNING: Shader If subshaders removal was intentional, you may have forgotten turning Fallback off?
WARNING: Shader Unsupported: 'Simulation/Room X-Ray' - All subshaders removed
WARNING: Shader Did you use #pragma only_renderers and omit this platform?
WARNING: Shader If subshaders removal was intentional, you may have forgotten turning Fallback off?
WARNING: Shader Unsupported: 'Simulation/Room X-Ray' - All subshaders removed
WARNING: Shader Did you use #pragma only_renderers and omit this platform?
WARNING: Shader If subshaders removal was intentional, you may have forgotten turning Fallback off?
WARNING: Shader Unsupported: 'Simulation/URP/Lit' - All subshaders removed
WARNING: Shader Did you use #pragma only_renderers and omit this platform?
WARNING: Shader If subshaders removal was intentional, you may have forgotten turning Fallback off?
WARNING: Shader Unsupported: 'Simulation/URP/Lit' - All subshaders removed
WARNING: Shader Did you use #pragma only_renderers and omit this platform?
WARNING: Shader If subshaders removal was intentional, you may have forgotten turning Fallback off?
Refreshing native plugins compatible for Editor in 48.20 ms, found 19 plugins.
Preloading 2 native plugins for Editor in 0.21 ms.
Unloading 23 Unused Serialized files (Serialized files now loaded: 0)
Unloading 9113 unused Assets / (9.8 MB). Loaded Objects now: 10074.
Memory consumption went from 228.1 MB to 218.2 MB.
Total: 13.677300 ms (FindLiveObjects: 0.713700 ms CreateObjectMapping: 0.617800 ms MarkObjects: 7.739200 ms  DeleteObjects: 4.605700 ms)

Prepare: number of updated asset objects reloaded= 0
========================================================================
Received Import Request.
  Time since last request: 1185.533608 seconds.
  path: Assets/External Assets/MyNPC/test_rig.fbx
  artifactKey: Guid(a2e5f8c81c50be148866522c38ed7fc4) Importer(815301076,1909f56bfc062723c751e8b465ee728b)
Start importing Assets/External Assets/MyNPC/test_rig.fbx using Guid(a2e5f8c81c50be148866522c38ed7fc4) Importer(815301076,1909f56bfc062723c751e8b465ee728b) (PreviewImporter) -> (artifact id: '311038d24f3961866ecd7a95fa6d37c3') in 0.4222424 seconds
Number of updated asset objects reloaded before import = 0Number of asset objects unloaded after import = 95

========================================================================
Received Prepare
[Licensing::Client] Successfully resolved entitlement details
Begin MonoManager ReloadAssembly
[Licensing::Client] Successfully resolved entitlement details
Symbol file LoadedFromMemory is not a mono symbol file
- Loaded All Assemblies, in  1.051 seconds
Refreshing native plugins compatible for Editor in 37.60 ms, found 19 plugins.
Native extension for Android target not found
Native extension for WindowsStandalone target not found
[Package Manager] Failed to launch server process. Reason: Unity was launched with the -noUpm command-line argument
[Package Manager] Unable to send message (not connected to server process).
[Package Manager] Cannot connect to Unity Package Manager local server
[Package Manager] Failed to launch server process. Reason: Unity was launched with the -noUpm command-line argument
[Package Manager] Unable to send message (not connected to server process).
[Package Manager] Cannot connect to Unity Package Manager local server
[Package Manager] Failed to launch server process. Reason: Unity was launched with the -noUpm command-line argument
[Package Manager] Unable to send message (not connected to server process).
[Package Manager] Cannot connect to Unity Package Manager local server
System.Reflection.TargetInvocationException: Exception has been thrown by the target of an invocation. ---> System.NullReferenceException: Object reference not set to an instance of an object
  at Unity.XR.Oculus.OculusLoader.AssetPathToAbsolutePath (System.String assetPath) [0x0003d] in .\Library\PackageCache\com.unity.xr.oculus@68ef97a4d91e\Runtime\OculusLoader.cs:312 
  at Unity.XR.Oculus.OculusLoader.EditorLoadOVRPlugin () [0x0008c] in .\Library\PackageCache\com.unity.xr.oculus@68ef97a4d91e\Runtime\OculusLoader.cs:297 
  at (wrapper managed-to-native) System.Reflection.RuntimeMethodInfo.InternalInvoke(System.Reflection.RuntimeMethodInfo,object,object[],System.Exception&)
  at System.Reflection.RuntimeMethodInfo.Invoke (System.Object obj, System.Reflection.BindingFlags invokeAttr, System.Reflection.Binder binder, System.Object[] parameters, System.Globalization.CultureInfo culture) [0x0006a] in <59bd7c40c082431db25e1e728ab62789>:0 
   --- End of inner exception stack trace ---
  at System.Reflection.RuntimeMethodInfo.Invoke (System.Object obj, System.Reflection.BindingFlags invokeAttr, System.Reflection.Binder binder, System.Object[] parameters, System.Globalization.CultureInfo culture) [0x00083] in <59bd7c40c082431db25e1e728ab62789>:0 
  at System.Reflection.MethodBase.Invoke (System.Object obj, System.Object[] parameters) [0x00000] in <59bd7c40c082431db25e1e728ab62789>:0 
  at UnityEditor.EditorAssemblies.ProcessInitializeOnLoadMethodAttributes () [0x00087] in <1acad9deef3549c4b9617dfa169c6659>:0 
UnityEngine.Debug:ExtractStackTraceNoAlloc (byte*,int,string)
UnityEngine.StackTraceUtility:ExtractStackTrace ()
UnityEngine.DebugLogHandler:Internal_Log (UnityEngine.LogType,UnityEngine.LogOption,string,UnityEngine.Object)
UnityEngine.DebugLogHandler:LogFormat (UnityEngine.LogType,UnityEngine.Object,string,object[])
UnityEngine.Logger:Log (UnityEngine.LogType,object)
UnityEngine.Debug:LogError (object)
UnityEditor.EditorAssemblies:ProcessInitializeOnLoadMethodAttributes ()

[MODES] ModeService[none].Initialize
[MODES] ModeService[none].LoadModes
[Package Manager] Failed to launch server process. Reason: Unity was launched with the -noUpm command-line argument
[Package Manager] Unable to send message (not connected to server process).
[Package Manager] Cannot connect to Unity Package Manager local server
AssertionException: Error removing KTX for Unity WebGL sub-packages.. Failed fetching installed packages.
Assertion failure. Values are not equal.
Expected: Failure == Success
  at UnityEngine.Assertions.Assert.Fail (System.String message, System.String userMessage) [0x00043] in <b4c8c45fec274213bfac03ee0e9a3d62>:0 
  at UnityEngine.Assertions.Assert.AreEqual[T] (T expected, T actual, System.String message, System.Collections.Generic.IEqualityComparer`1[T] comparer) [0x0005f] in <b4c8c45fec274213bfac03ee0e9a3d62>:0 
  at UnityEngine.Assertions.Assert.AreEqual[T] (T expected, T actual, System.String message) [0x00009] in <b4c8c45fec274213bfac03ee0e9a3d62>:0 
  at SubPackage.SubPackageRemover.GetAllInstalledPackagesAsync (System.Double timeout) [0x000b7] in .\Library\PackageCache\com.unity.cloud.ktx@7a35f681840e\Editor\Scripts\SubPackage\SubPackageRemover.cs:81 
  at SubPackage.SubPackageRemover.TryRemoveObsoleteSubPackagesAsync () [0x0002a] in .\Library\PackageCache\com.unity.cloud.ktx@7a35f681840e\Editor\Scripts\SubPackage\SubPackageRemover.cs:35 
UnityEngine.DebugLogHandler:Internal_LogException_Injected(Exception, IntPtr)
UnityEngine.DebugLogHandler:Internal_LogException(Exception, Object)
UnityEngine.DebugLogHandler:LogException(Exception, Object)
UnityEngine.Logger:LogException(Exception, Object)
UnityEngine.Debug:LogException(Exception)
SubPackage.<TryRemoveObsoleteSubPackagesAsync>d__5:MoveNext() (at .\Library\PackageCache\com.unity.cloud.ktx@7a35f681840e\Editor\Scripts\SubPackage\SubPackageRemover.cs:52)
System.Runtime.CompilerServices.AsyncVoidMethodBuilder:Start(<TryRemoveObsoleteSubPackagesAsync>d__5&)
SubPackage.SubPackageRemover:TryRemoveObsoleteSubPackagesAsync()
System.Reflection.RuntimeMethodInfo:InternalInvoke(RuntimeMethodInfo, Object, Object[], Exception&)
System.Reflection.RuntimeMethodInfo:Invoke(Object, BindingFlags, Binder, Object[], CultureInfo)
System.Reflection.MethodBase:Invoke(Object, Object[])
UnityEditor.EditorAssemblies:ProcessInitializeOnLoadMethodAttributes()

(Filename: ./Library/PackageCache/com.unity.cloud.ktx@7a35f681840e/Editor/Scripts/SubPackage/SubPackageRemover.cs Line: 52)

Mono: successfully reloaded assembly
[Package Manager] Failed to launch server process. Reason: Unity was launched with the -noUpm command-line argument
[Package Manager] Unable to send message (not connected to server process).
[Package Manager] Cannot connect to Unity Package Manager local server
- Finished resetting the current domain, in  1.028 seconds
Domain Reload Profiling: 2067ms
	BeginReloadAssembly (261ms)
		ExecutionOrderSort (0ms)
		DisableScriptedObjects (17ms)
		BackupInstance (0ms)
		ReleaseScriptingObjects (0ms)
		CreateAndSetChildDomain (61ms)
	RebuildCommonClasses (30ms)
	RebuildNativeTypeToScriptingClass (10ms)
	initialDomainReloadingComplete (37ms)
	LoadAllAssembliesAndSetupDomain (700ms)
		LoadAssemblies (574ms)
		RebuildTransferFunctionScriptingTraits (0ms)
		AnalyzeDomain (236ms)
			TypeCache.Refresh (8ms)
				TypeCache.ScanAssembly (0ms)
			BuildScriptInfoCaches (214ms)
			ResolveRequiredComponents (9ms)
	FinalizeReload (1029ms)
		ReleaseScriptCaches (0ms)
		RebuildScriptCaches (0ms)
		SetupLoadedEditorAssemblies (877ms)
			LogAssemblyErrors (0ms)
			InitializePlatformSupportModulesInManaged (10ms)
			SetLoadedEditorAssemblies (5ms)
			BeforeProcessingInitializeOnLoad (164ms)
			ProcessInitializeOnLoadAttributes (412ms)
			ProcessInitializeOnLoadMethodAttributes (273ms)
			AfterProcessingInitializeOnLoad (12ms)
			EditorAssembliesLoaded (1ms)
		ExecutionOrderSort2 (0ms)
		AwakeInstancesAfterBackupRestoration (21ms)
WARNING: Shader Unsupported: 'Hidden/Simulation/URP/Synthetic' - All subshaders removed
WARNING: Shader Did you use #pragma only_renderers and omit this platform?
WARNING: Shader If subshaders removal was intentional, you may have forgotten turning Fallback off?
WARNING: Shader Unsupported: 'Hidden/Simulation/URP/Synthetic' - All subshaders removed
WARNING: Shader Did you use #pragma only_renderers and omit this platform?
WARNING: Shader If subshaders removal was intentional, you may have forgotten turning Fallback off?
WARNING: Shader Unsupported: 'Simulation/Standard Lit' - All subshaders removed
WARNING: Shader Did you use #pragma only_renderers and omit this platform?
WARNING: Shader If subshaders removal was intentional, you may have forgotten turning Fallback off?
WARNING: Shader Unsupported: 'Simulation/Standard Lit' - All subshaders removed
WARNING: Shader Did you use #pragma only_renderers and omit this platform?
WARNING: Shader If subshaders removal was intentional, you may have forgotten turning Fallback off?
WARNING: Shader Unsupported: 'Hidden/Simulation/Synthetic Lit' - All subshaders removed
WARNING: Shader Did you use #pragma only_renderers and omit this platform?
WARNING: Shader If subshaders removal was intentional, you may have forgotten turning Fallback off?
WARNING: Shader Unsupported: 'Hidden/Simulation/Synthetic Lit' - All subshaders removed
WARNING: Shader Did you use #pragma only_renderers and omit this platform?
WARNING: Shader If subshaders removal was intentional, you may have forgotten turning Fallback off?
WARNING: Shader Unsupported: 'Simulation/URP/Room X-Ray' - All subshaders removed
WARNING: Shader Did you use #pragma only_renderers and omit this platform?
WARNING: Shader If subshaders removal was intentional, you may have forgotten turning Fallback off?
WARNING: Shader Unsupported: 'Simulation/URP/Room X-Ray' - All subshaders removed
WARNING: Shader Did you use #pragma only_renderers and omit this platform?
WARNING: Shader If subshaders removal was intentional, you may have forgotten turning Fallback off?
WARNING: Shader Unsupported: 'Simulation/Room X-Ray' - All subshaders removed
WARNING: Shader Did you use #pragma only_renderers and omit this platform?
WARNING: Shader If subshaders removal was intentional, you may have forgotten turning Fallback off?
WARNING: Shader Unsupported: 'Simulation/Room X-Ray' - All subshaders removed
WARNING: Shader Did you use #pragma only_renderers and omit this platform?
WARNING: Shader If subshaders removal was intentional, you may have forgotten turning Fallback off?
WARNING: Shader Unsupported: 'Simulation/URP/Lit' - All subshaders removed
WARNING: Shader Did you use #pragma only_renderers and omit this platform?
WARNING: Shader If subshaders removal was intentional, you may have forgotten turning Fallback off?
WARNING: Shader Unsupported: 'Simulation/URP/Lit' - All subshaders removed
WARNING: Shader Did you use #pragma only_renderers and omit this platform?
WARNING: Shader If subshaders removal was intentional, you may have forgotten turning Fallback off?
Refreshing native plugins compatible for Editor in 35.78 ms, found 19 plugins.
Preloading 2 native plugins for Editor in 0.19 ms.
Unloading 23 Unused Serialized files (Serialized files now loaded: 0)
Unloading 9114 unused Assets / (10.1 MB). Loaded Objects now: 10099.
Memory consumption went from 228.2 MB to 218.1 MB.
Total: 13.242100 ms (FindLiveObjects: 0.712300 ms CreateObjectMapping: 0.593100 ms MarkObjects: 7.329900 ms  DeleteObjects: 4.605400 ms)

Prepare: number of updated asset objects reloaded= 0
========================================================================
Received Prepare
[Licensing::Client] Successfully resolved entitlement details
Begin MonoManager ReloadAssembly
[Licensing::Client] Successfully resolved entitlement details
Symbol file LoadedFromMemory is not a mono symbol file
- Loaded All Assemblies, in  0.974 seconds
Refreshing native plugins compatible for Editor in 40.47 ms, found 19 plugins.
Native extension for Android target not found
Native extension for WindowsStandalone target not found
[Package Manager] Failed to launch server process. Reason: Unity was launched with the -noUpm command-line argument
[Package Manager] Unable to send message (not connected to server process).
[Package Manager] Cannot connect to Unity Package Manager local server
[Package Manager] Failed to launch server process. Reason: Unity was launched with the -noUpm command-line argument
[Package Manager] Unable to send message (not connected to server process).
[Package Manager] Cannot connect to Unity Package Manager local server
[Package Manager] Failed to launch server process. Reason: Unity was launched with the -noUpm command-line argument
[Package Manager] Unable to send message (not connected to server process).
[Package Manager] Cannot connect to Unity Package Manager local server
System.Reflection.TargetInvocationException: Exception has been thrown by the target of an invocation. ---> System.NullReferenceException: Object reference not set to an instance of an object
  at Unity.XR.Oculus.OculusLoader.AssetPathToAbsolutePath (System.String assetPath) [0x0003d] in .\Library\PackageCache\com.unity.xr.oculus@68ef97a4d91e\Runtime\OculusLoader.cs:312 
  at Unity.XR.Oculus.OculusLoader.EditorLoadOVRPlugin () [0x0008c] in .\Library\PackageCache\com.unity.xr.oculus@68ef97a4d91e\Runtime\OculusLoader.cs:297 
  at (wrapper managed-to-native) System.Reflection.RuntimeMethodInfo.InternalInvoke(System.Reflection.RuntimeMethodInfo,object,object[],System.Exception&)
  at System.Reflection.RuntimeMethodInfo.Invoke (System.Object obj, System.Reflection.BindingFlags invokeAttr, System.Reflection.Binder binder, System.Object[] parameters, System.Globalization.CultureInfo culture) [0x0006a] in <59bd7c40c082431db25e1e728ab62789>:0 
   --- End of inner exception stack trace ---
  at System.Reflection.RuntimeMethodInfo.Invoke (System.Object obj, System.Reflection.BindingFlags invokeAttr, System.Reflection.Binder binder, System.Object[] parameters, System.Globalization.CultureInfo culture) [0x00083] in <59bd7c40c082431db25e1e728ab62789>:0 
  at System.Reflection.MethodBase.Invoke (System.Object obj, System.Object[] parameters) [0x00000] in <59bd7c40c082431db25e1e728ab62789>:0 
  at UnityEditor.EditorAssemblies.ProcessInitializeOnLoadMethodAttributes () [0x00087] in <1acad9deef3549c4b9617dfa169c6659>:0 
UnityEngine.Debug:ExtractStackTraceNoAlloc (byte*,int,string)
UnityEngine.StackTraceUtility:ExtractStackTrace ()
UnityEngine.DebugLogHandler:Internal_Log (UnityEngine.LogType,UnityEngine.LogOption,string,UnityEngine.Object)
UnityEngine.DebugLogHandler:LogFormat (UnityEngine.LogType,UnityEngine.Object,string,object[])
UnityEngine.Logger:Log (UnityEngine.LogType,object)
UnityEngine.Debug:LogError (object)
UnityEditor.EditorAssemblies:ProcessInitializeOnLoadMethodAttributes ()

[MODES] ModeService[none].Initialize
[MODES] ModeService[none].LoadModes
[Package Manager] Failed to launch server process. Reason: Unity was launched with the -noUpm command-line argument
[Package Manager] Unable to send message (not connected to server process).
[Package Manager] Cannot connect to Unity Package Manager local server
AssertionException: Error removing KTX for Unity WebGL sub-packages.. Failed fetching installed packages.
Assertion failure. Values are not equal.
Expected: Failure == Success
  at UnityEngine.Assertions.Assert.Fail (System.String message, System.String userMessage) [0x00043] in <b4c8c45fec274213bfac03ee0e9a3d62>:0 
  at UnityEngine.Assertions.Assert.AreEqual[T] (T expected, T actual, System.String message, System.Collections.Generic.IEqualityComparer`1[T] comparer) [0x0005f] in <b4c8c45fec274213bfac03ee0e9a3d62>:0 
  at UnityEngine.Assertions.Assert.AreEqual[T] (T expected, T actual, System.String message) [0x00009] in <b4c8c45fec274213bfac03ee0e9a3d62>:0 
  at SubPackage.SubPackageRemover.GetAllInstalledPackagesAsync (System.Double timeout) [0x000b7] in .\Library\PackageCache\com.unity.cloud.ktx@7a35f681840e\Editor\Scripts\SubPackage\SubPackageRemover.cs:81 
  at SubPackage.SubPackageRemover.TryRemoveObsoleteSubPackagesAsync () [0x0002a] in .\Library\PackageCache\com.unity.cloud.ktx@7a35f681840e\Editor\Scripts\SubPackage\SubPackageRemover.cs:35 
UnityEngine.DebugLogHandler:Internal_LogException_Injected(Exception, IntPtr)
UnityEngine.DebugLogHandler:Internal_LogException(Exception, Object)
UnityEngine.DebugLogHandler:LogException(Exception, Object)
UnityEngine.Logger:LogException(Exception, Object)
UnityEngine.Debug:LogException(Exception)
SubPackage.<TryRemoveObsoleteSubPackagesAsync>d__5:MoveNext() (at .\Library\PackageCache\com.unity.cloud.ktx@7a35f681840e\Editor\Scripts\SubPackage\SubPackageRemover.cs:52)
System.Runtime.CompilerServices.AsyncVoidMethodBuilder:Start(<TryRemoveObsoleteSubPackagesAsync>d__5&)
SubPackage.SubPackageRemover:TryRemoveObsoleteSubPackagesAsync()
System.Reflection.RuntimeMethodInfo:InternalInvoke(RuntimeMethodInfo, Object, Object[], Exception&)
System.Reflection.RuntimeMethodInfo:Invoke(Object, BindingFlags, Binder, Object[], CultureInfo)
System.Reflection.MethodBase:Invoke(Object, Object[])
UnityEditor.EditorAssemblies:ProcessInitializeOnLoadMethodAttributes()

(Filename: ./Library/PackageCache/com.unity.cloud.ktx@7a35f681840e/Editor/Scripts/SubPackage/SubPackageRemover.cs Line: 52)

Mono: successfully reloaded assembly
[Package Manager] Failed to launch server process. Reason: Unity was launched with the -noUpm command-line argument
[Package Manager] Unable to send message (not connected to server process).
[Package Manager] Cannot connect to Unity Package Manager local server
- Finished resetting the current domain, in  1.019 seconds
Domain Reload Profiling: 1982ms
	BeginReloadAssembly (221ms)
		ExecutionOrderSort (0ms)
		DisableScriptedObjects (5ms)
		BackupInstance (0ms)
		ReleaseScriptingObjects (0ms)
		CreateAndSetChildDomain (47ms)
	RebuildCommonClasses (29ms)
	RebuildNativeTypeToScriptingClass (10ms)
	initialDomainReloadingComplete (31ms)
	LoadAllAssembliesAndSetupDomain (672ms)
		LoadAssemblies (536ms)
		RebuildTransferFunctionScriptingTraits (0ms)
		AnalyzeDomain (236ms)
			TypeCache.Refresh (8ms)
				TypeCache.ScanAssembly (0ms)
			BuildScriptInfoCaches (213ms)
			ResolveRequiredComponents (10ms)
	FinalizeReload (1019ms)
		ReleaseScriptCaches (0ms)
		RebuildScriptCaches (0ms)
		SetupLoadedEditorAssemblies (870ms)
			LogAssemblyErrors (0ms)
			InitializePlatformSupportModulesInManaged (9ms)
			SetLoadedEditorAssemblies (5ms)
			BeforeProcessingInitializeOnLoad (165ms)
			ProcessInitializeOnLoadAttributes (404ms)
			ProcessInitializeOnLoadMethodAttributes (277ms)
			AfterProcessingInitializeOnLoad (10ms)
			EditorAssembliesLoaded (1ms)
		ExecutionOrderSort2 (0ms)
		AwakeInstancesAfterBackupRestoration (21ms)
WARNING: Shader Unsupported: 'Hidden/Simulation/URP/Synthetic' - All subshaders removed
WARNING: Shader Did you use #pragma only_renderers and omit this platform?
WARNING: Shader If subshaders removal was intentional, you may have forgotten turning Fallback off?
WARNING: Shader Unsupported: 'Hidden/Simulation/URP/Synthetic' - All subshaders removed
WARNING: Shader Did you use #pragma only_renderers and omit this platform?
WARNING: Shader If subshaders removal was intentional, you may have forgotten turning Fallback off?
WARNING: Shader Unsupported: 'Simulation/Standard Lit' - All subshaders removed
WARNING: Shader Did you use #pragma only_renderers and omit this platform?
WARNING: Shader If subshaders removal was intentional, you may have forgotten turning Fallback off?
WARNING: Shader Unsupported: 'Simulation/Standard Lit' - All subshaders removed
WARNING: Shader Did you use #pragma only_renderers and omit this platform?
WARNING: Shader If subshaders removal was intentional, you may have forgotten turning Fallback off?
WARNING: Shader Unsupported: 'Hidden/Simulation/Synthetic Lit' - All subshaders removed
WARNING: Shader Did you use #pragma only_renderers and omit this platform?
WARNING: Shader If subshaders removal was intentional, you may have forgotten turning Fallback off?
WARNING: Shader Unsupported: 'Hidden/Simulation/Synthetic Lit' - All subshaders removed
WARNING: Shader Did you use #pragma only_renderers and omit this platform?
WARNING: Shader If subshaders removal was intentional, you may have forgotten turning Fallback off?
WARNING: Shader Unsupported: 'Simulation/URP/Room X-Ray' - All subshaders removed
WARNING: Shader Did you use #pragma only_renderers and omit this platform?
WARNING: Shader If subshaders removal was intentional, you may have forgotten turning Fallback off?
WARNING: Shader Unsupported: 'Simulation/URP/Room X-Ray' - All subshaders removed
WARNING: Shader Did you use #pragma only_renderers and omit this platform?
WARNING: Shader If subshaders removal was intentional, you may have forgotten turning Fallback off?
WARNING: Shader Unsupported: 'Simulation/Room X-Ray' - All subshaders removed
WARNING: Shader Did you use #pragma only_renderers and omit this platform?
WARNING: Shader If subshaders removal was intentional, you may have forgotten turning Fallback off?
WARNING: Shader Unsupported: 'Simulation/Room X-Ray' - All subshaders removed
WARNING: Shader Did you use #pragma only_renderers and omit this platform?
WARNING: Shader If subshaders removal was intentional, you may have forgotten turning Fallback off?
WARNING: Shader Unsupported: 'Simulation/URP/Lit' - All subshaders removed
WARNING: Shader Did you use #pragma only_renderers and omit this platform?
WARNING: Shader If subshaders removal was intentional, you may have forgotten turning Fallback off?
WARNING: Shader Unsupported: 'Simulation/URP/Lit' - All subshaders removed
WARNING: Shader Did you use #pragma only_renderers and omit this platform?
WARNING: Shader If subshaders removal was intentional, you may have forgotten turning Fallback off?
Refreshing native plugins compatible for Editor in 38.39 ms, found 19 plugins.
Preloading 2 native plugins for Editor in 0.18 ms.
Unloading 23 Unused Serialized files (Serialized files now loaded: 0)
Unloading 9113 unused Assets / (9.4 MB). Loaded Objects now: 10104.
Memory consumption went from 228.1 MB to 218.7 MB.
Total: 13.484700 ms (FindLiveObjects: 0.703400 ms CreateObjectMapping: 0.644300 ms MarkObjects: 7.822900 ms  DeleteObjects: 4.312900 ms)

Prepare: number of updated asset objects reloaded= 0
========================================================================
Received Prepare
Begin MonoManager ReloadAssembly
Symbol file LoadedFromMemory is not a mono symbol file
- Loaded All Assemblies, in  1.046 seconds
Refreshing native plugins compatible for Editor in 42.02 ms, found 19 plugins.
Native extension for Android target not found
Native extension for WindowsStandalone target not found
[Package Manager] Failed to launch server process. Reason: Unity was launched with the -noUpm command-line argument
[Package Manager] Unable to send message (not connected to server process).
[Package Manager] Cannot connect to Unity Package Manager local server
[Package Manager] Failed to launch server process. Reason: Unity was launched with the -noUpm command-line argument
[Package Manager] Unable to send message (not connected to server process).
[Package Manager] Cannot connect to Unity Package Manager local server
[Package Manager] Failed to launch server process. Reason: Unity was launched with the -noUpm command-line argument
[Package Manager] Unable to send message (not connected to server process).
[Package Manager] Cannot connect to Unity Package Manager local server
System.Reflection.TargetInvocationException: Exception has been thrown by the target of an invocation. ---> System.NullReferenceException: Object reference not set to an instance of an object
  at Unity.XR.Oculus.OculusLoader.AssetPathToAbsolutePath (System.String assetPath) [0x0003d] in .\Library\PackageCache\com.unity.xr.oculus@68ef97a4d91e\Runtime\OculusLoader.cs:312 
  at Unity.XR.Oculus.OculusLoader.EditorLoadOVRPlugin () [0x0008c] in .\Library\PackageCache\com.unity.xr.oculus@68ef97a4d91e\Runtime\OculusLoader.cs:297 
  at (wrapper managed-to-native) System.Reflection.RuntimeMethodInfo.InternalInvoke(System.Reflection.RuntimeMethodInfo,object,object[],System.Exception&)
  at System.Reflection.RuntimeMethodInfo.Invoke (System.Object obj, System.Reflection.BindingFlags invokeAttr, System.Reflection.Binder binder, System.Object[] parameters, System.Globalization.CultureInfo culture) [0x0006a] in <59bd7c40c082431db25e1e728ab62789>:0 
   --- End of inner exception stack trace ---
  at System.Reflection.RuntimeMethodInfo.Invoke (System.Object obj, System.Reflection.BindingFlags invokeAttr, System.Reflection.Binder binder, System.Object[] parameters, System.Globalization.CultureInfo culture) [0x00083] in <59bd7c40c082431db25e1e728ab62789>:0 
  at System.Reflection.MethodBase.Invoke (System.Object obj, System.Object[] parameters) [0x00000] in <59bd7c40c082431db25e1e728ab62789>:0 
  at UnityEditor.EditorAssemblies.ProcessInitializeOnLoadMethodAttributes () [0x00087] in <1acad9deef3549c4b9617dfa169c6659>:0 
UnityEngine.Debug:ExtractStackTraceNoAlloc (byte*,int,string)
UnityEngine.StackTraceUtility:ExtractStackTrace ()
UnityEngine.DebugLogHandler:Internal_Log (UnityEngine.LogType,UnityEngine.LogOption,string,UnityEngine.Object)
UnityEngine.DebugLogHandler:LogFormat (UnityEngine.LogType,UnityEngine.Object,string,object[])
UnityEngine.Logger:Log (UnityEngine.LogType,object)
UnityEngine.Debug:LogError (object)
UnityEditor.EditorAssemblies:ProcessInitializeOnLoadMethodAttributes ()

[MODES] ModeService[none].Initialize
[MODES] ModeService[none].LoadModes
[Package Manager] Failed to launch server process. Reason: Unity was launched with the -noUpm command-line argument
[Package Manager] Unable to send message (not connected to server process).
[Package Manager] Cannot connect to Unity Package Manager local server
AssertionException: Error removing KTX for Unity WebGL sub-packages.. Failed fetching installed packages.
Assertion failure. Values are not equal.
Expected: Failure == Success
  at UnityEngine.Assertions.Assert.Fail (System.String message, System.String userMessage) [0x00043] in <b4c8c45fec274213bfac03ee0e9a3d62>:0 
  at UnityEngine.Assertions.Assert.AreEqual[T] (T expected, T actual, System.String message, System.Collections.Generic.IEqualityComparer`1[T] comparer) [0x0005f] in <b4c8c45fec274213bfac03ee0e9a3d62>:0 
  at UnityEngine.Assertions.Assert.AreEqual[T] (T expected, T actual, System.String message) [0x00009] in <b4c8c45fec274213bfac03ee0e9a3d62>:0 
  at SubPackage.SubPackageRemover.GetAllInstalledPackagesAsync (System.Double timeout) [0x000b7] in .\Library\PackageCache\com.unity.cloud.ktx@7a35f681840e\Editor\Scripts\SubPackage\SubPackageRemover.cs:81 
  at SubPackage.SubPackageRemover.TryRemoveObsoleteSubPackagesAsync () [0x0002a] in .\Library\PackageCache\com.unity.cloud.ktx@7a35f681840e\Editor\Scripts\SubPackage\SubPackageRemover.cs:35 
UnityEngine.DebugLogHandler:Internal_LogException_Injected(Exception, IntPtr)
UnityEngine.DebugLogHandler:Internal_LogException(Exception, Object)
UnityEngine.DebugLogHandler:LogException(Exception, Object)
UnityEngine.Logger:LogException(Exception, Object)
UnityEngine.Debug:LogException(Exception)
SubPackage.<TryRemoveObsoleteSubPackagesAsync>d__5:MoveNext() (at .\Library\PackageCache\com.unity.cloud.ktx@7a35f681840e\Editor\Scripts\SubPackage\SubPackageRemover.cs:52)
System.Runtime.CompilerServices.AsyncVoidMethodBuilder:Start(<TryRemoveObsoleteSubPackagesAsync>d__5&)
SubPackage.SubPackageRemover:TryRemoveObsoleteSubPackagesAsync()
System.Reflection.RuntimeMethodInfo:InternalInvoke(RuntimeMethodInfo, Object, Object[], Exception&)
System.Reflection.RuntimeMethodInfo:Invoke(Object, BindingFlags, Binder, Object[], CultureInfo)
System.Reflection.MethodBase:Invoke(Object, Object[])
UnityEditor.EditorAssemblies:ProcessInitializeOnLoadMethodAttributes()

(Filename: ./Library/PackageCache/com.unity.cloud.ktx@7a35f681840e/Editor/Scripts/SubPackage/SubPackageRemover.cs Line: 52)

Mono: successfully reloaded assembly
[Package Manager] Failed to launch server process. Reason: Unity was launched with the -noUpm command-line argument
[Package Manager] Unable to send message (not connected to server process).
[Package Manager] Cannot connect to Unity Package Manager local server
- Finished resetting the current domain, in  1.022 seconds
Domain Reload Profiling: 2058ms
	BeginReloadAssembly (219ms)
		ExecutionOrderSort (0ms)
		DisableScriptedObjects (5ms)
		BackupInstance (0ms)
		ReleaseScriptingObjects (0ms)
		CreateAndSetChildDomain (47ms)
	RebuildCommonClasses (29ms)
	RebuildNativeTypeToScriptingClass (10ms)
	initialDomainReloadingComplete (35ms)
	LoadAllAssembliesAndSetupDomain (743ms)
		LoadAssemblies (560ms)
		RebuildTransferFunctionScriptingTraits (0ms)
		AnalyzeDomain (279ms)
			TypeCache.Refresh (8ms)
				TypeCache.ScanAssembly (0ms)
			BuildScriptInfoCaches (255ms)
			ResolveRequiredComponents (10ms)
	FinalizeReload (1023ms)
		ReleaseScriptCaches (0ms)
		RebuildScriptCaches (0ms)
		SetupLoadedEditorAssemblies (873ms)
			LogAssemblyErrors (0ms)
			InitializePlatformSupportModulesInManaged (9ms)
			SetLoadedEditorAssemblies (5ms)
			BeforeProcessingInitializeOnLoad (164ms)
			ProcessInitializeOnLoadAttributes (406ms)
			ProcessInitializeOnLoadMethodAttributes (280ms)
			AfterProcessingInitializeOnLoad (8ms)
			EditorAssembliesLoaded (1ms)
		ExecutionOrderSort2 (0ms)
		AwakeInstancesAfterBackupRestoration (21ms)
WARNING: Shader Unsupported: 'Hidden/Simulation/URP/Synthetic' - All subshaders removed
WARNING: Shader Did you use #pragma only_renderers and omit this platform?
WARNING: Shader If subshaders removal was intentional, you may have forgotten turning Fallback off?
WARNING: Shader Unsupported: 'Hidden/Simulation/URP/Synthetic' - All subshaders removed
WARNING: Shader Did you use #pragma only_renderers and omit this platform?
WARNING: Shader If subshaders removal was intentional, you may have forgotten turning Fallback off?
WARNING: Shader Unsupported: 'Simulation/Standard Lit' - All subshaders removed
WARNING: Shader Did you use #pragma only_renderers and omit this platform?
WARNING: Shader If subshaders removal was intentional, you may have forgotten turning Fallback off?
WARNING: Shader Unsupported: 'Simulation/Standard Lit' - All subshaders removed
WARNING: Shader Did you use #pragma only_renderers and omit this platform?
WARNING: Shader If subshaders removal was intentional, you may have forgotten turning Fallback off?
WARNING: Shader Unsupported: 'Hidden/Simulation/Synthetic Lit' - All subshaders removed
WARNING: Shader Did you use #pragma only_renderers and omit this platform?
WARNING: Shader If subshaders removal was intentional, you may have forgotten turning Fallback off?
WARNING: Shader Unsupported: 'Hidden/Simulation/Synthetic Lit' - All subshaders removed
WARNING: Shader Did you use #pragma only_renderers and omit this platform?
WARNING: Shader If subshaders removal was intentional, you may have forgotten turning Fallback off?
WARNING: Shader Unsupported: 'Simulation/URP/Room X-Ray' - All subshaders removed
WARNING: Shader Did you use #pragma only_renderers and omit this platform?
WARNING: Shader If subshaders removal was intentional, you may have forgotten turning Fallback off?
WARNING: Shader Unsupported: 'Simulation/URP/Room X-Ray' - All subshaders removed
WARNING: Shader Did you use #pragma only_renderers and omit this platform?
WARNING: Shader If subshaders removal was intentional, you may have forgotten turning Fallback off?
WARNING: Shader Unsupported: 'Simulation/Room X-Ray' - All subshaders removed
WARNING: Shader Did you use #pragma only_renderers and omit this platform?
WARNING: Shader If subshaders removal was intentional, you may have forgotten turning Fallback off?
WARNING: Shader Unsupported: 'Simulation/Room X-Ray' - All subshaders removed
WARNING: Shader Did you use #pragma only_renderers and omit this platform?
WARNING: Shader If subshaders removal was intentional, you may have forgotten turning Fallback off?
WARNING: Shader Unsupported: 'Simulation/URP/Lit' - All subshaders removed
WARNING: Shader Did you use #pragma only_renderers and omit this platform?
WARNING: Shader If subshaders removal was intentional, you may have forgotten turning Fallback off?
WARNING: Shader Unsupported: 'Simulation/URP/Lit' - All subshaders removed
WARNING: Shader Did you use #pragma only_renderers and omit this platform?
WARNING: Shader If subshaders removal was intentional, you may have forgotten turning Fallback off?
Refreshing native plugins compatible for Editor in 36.66 ms, found 19 plugins.
Preloading 2 native plugins for Editor in 0.22 ms.
Unloading 23 Unused Serialized files (Serialized files now loaded: 0)
Unloading 9113 unused Assets / (10.6 MB). Loaded Objects now: 10109.
Memory consumption went from 228.3 MB to 217.6 MB.
Total: 14.776600 ms (FindLiveObjects: 0.681200 ms CreateObjectMapping: 0.671300 ms MarkObjects: 7.945700 ms  DeleteObjects: 5.476900 ms)

Prepare: number of updated asset objects reloaded= 0
========================================================================
Received Prepare
[Licensing::Client] Successfully resolved entitlement details
Begin MonoManager ReloadAssembly
[Licensing::Client] Successfully resolved entitlement details
Symbol file LoadedFromMemory is not a mono symbol file
- Loaded All Assemblies, in  0.999 seconds
Refreshing native plugins compatible for Editor in 37.43 ms, found 19 plugins.
Native extension for Android target not found
Native extension for WindowsStandalone target not found
[Package Manager] Failed to launch server process. Reason: Unity was launched with the -noUpm command-line argument
[Package Manager] Unable to send message (not connected to server process).
[Package Manager] Cannot connect to Unity Package Manager local server
[Package Manager] Failed to launch server process. Reason: Unity was launched with the -noUpm command-line argument
[Package Manager] Unable to send message (not connected to server process).
[Package Manager] Cannot connect to Unity Package Manager local server
[Package Manager] Failed to launch server process. Reason: Unity was launched with the -noUpm command-line argument
[Package Manager] Unable to send message (not connected to server process).
[Package Manager] Cannot connect to Unity Package Manager local server
System.Reflection.TargetInvocationException: Exception has been thrown by the target of an invocation. ---> System.NullReferenceException: Object reference not set to an instance of an object
  at Unity.XR.Oculus.OculusLoader.AssetPathToAbsolutePath (System.String assetPath) [0x0003d] in .\Library\PackageCache\com.unity.xr.oculus@68ef97a4d91e\Runtime\OculusLoader.cs:312 
  at Unity.XR.Oculus.OculusLoader.EditorLoadOVRPlugin () [0x0008c] in .\Library\PackageCache\com.unity.xr.oculus@68ef97a4d91e\Runtime\OculusLoader.cs:297 
  at (wrapper managed-to-native) System.Reflection.RuntimeMethodInfo.InternalInvoke(System.Reflection.RuntimeMethodInfo,object,object[],System.Exception&)
  at System.Reflection.RuntimeMethodInfo.Invoke (System.Object obj, System.Reflection.BindingFlags invokeAttr, System.Reflection.Binder binder, System.Object[] parameters, System.Globalization.CultureInfo culture) [0x0006a] in <59bd7c40c082431db25e1e728ab62789>:0 
   --- End of inner exception stack trace ---
  at System.Reflection.RuntimeMethodInfo.Invoke (System.Object obj, System.Reflection.BindingFlags invokeAttr, System.Reflection.Binder binder, System.Object[] parameters, System.Globalization.CultureInfo culture) [0x00083] in <59bd7c40c082431db25e1e728ab62789>:0 
  at System.Reflection.MethodBase.Invoke (System.Object obj, System.Object[] parameters) [0x00000] in <59bd7c40c082431db25e1e728ab62789>:0 
  at UnityEditor.EditorAssemblies.ProcessInitializeOnLoadMethodAttributes () [0x00087] in <1acad9deef3549c4b9617dfa169c6659>:0 
UnityEngine.Debug:ExtractStackTraceNoAlloc (byte*,int,string)
UnityEngine.StackTraceUtility:ExtractStackTrace ()
UnityEngine.DebugLogHandler:Internal_Log (UnityEngine.LogType,UnityEngine.LogOption,string,UnityEngine.Object)
UnityEngine.DebugLogHandler:LogFormat (UnityEngine.LogType,UnityEngine.Object,string,object[])
UnityEngine.Logger:Log (UnityEngine.LogType,object)
UnityEngine.Debug:LogError (object)
UnityEditor.EditorAssemblies:ProcessInitializeOnLoadMethodAttributes ()

[MODES] ModeService[none].Initialize
[MODES] ModeService[none].LoadModes
[Package Manager] Failed to launch server process. Reason: Unity was launched with the -noUpm command-line argument
[Package Manager] Unable to send message (not connected to server process).
[Package Manager] Cannot connect to Unity Package Manager local server
AssertionException: Error removing KTX for Unity WebGL sub-packages.. Failed fetching installed packages.
Assertion failure. Values are not equal.
Expected: Failure == Success
  at UnityEngine.Assertions.Assert.Fail (System.String message, System.String userMessage) [0x00043] in <b4c8c45fec274213bfac03ee0e9a3d62>:0 
  at UnityEngine.Assertions.Assert.AreEqual[T] (T expected, T actual, System.String message, System.Collections.Generic.IEqualityComparer`1[T] comparer) [0x0005f] in <b4c8c45fec274213bfac03ee0e9a3d62>:0 
  at UnityEngine.Assertions.Assert.AreEqual[T] (T expected, T actual, System.String message) [0x00009] in <b4c8c45fec274213bfac03ee0e9a3d62>:0 
  at SubPackage.SubPackageRemover.GetAllInstalledPackagesAsync (System.Double timeout) [0x000b7] in .\Library\PackageCache\com.unity.cloud.ktx@7a35f681840e\Editor\Scripts\SubPackage\SubPackageRemover.cs:81 
  at SubPackage.SubPackageRemover.TryRemoveObsoleteSubPackagesAsync () [0x0002a] in .\Library\PackageCache\com.unity.cloud.ktx@7a35f681840e\Editor\Scripts\SubPackage\SubPackageRemover.cs:35 
UnityEngine.DebugLogHandler:Internal_LogException_Injected(Exception, IntPtr)
UnityEngine.DebugLogHandler:Internal_LogException(Exception, Object)
UnityEngine.DebugLogHandler:LogException(Exception, Object)
UnityEngine.Logger:LogException(Exception, Object)
UnityEngine.Debug:LogException(Exception)
SubPackage.<TryRemoveObsoleteSubPackagesAsync>d__5:MoveNext() (at .\Library\PackageCache\com.unity.cloud.ktx@7a35f681840e\Editor\Scripts\SubPackage\SubPackageRemover.cs:52)
System.Runtime.CompilerServices.AsyncVoidMethodBuilder:Start(<TryRemoveObsoleteSubPackagesAsync>d__5&)
SubPackage.SubPackageRemover:TryRemoveObsoleteSubPackagesAsync()
System.Reflection.RuntimeMethodInfo:InternalInvoke(RuntimeMethodInfo, Object, Object[], Exception&)
System.Reflection.RuntimeMethodInfo:Invoke(Object, BindingFlags, Binder, Object[], CultureInfo)
System.Reflection.MethodBase:Invoke(Object, Object[])
UnityEditor.EditorAssemblies:ProcessInitializeOnLoadMethodAttributes()

(Filename: ./Library/PackageCache/com.unity.cloud.ktx@7a35f681840e/Editor/Scripts/SubPackage/SubPackageRemover.cs Line: 52)

Mono: successfully reloaded assembly
[Package Manager] Failed to launch server process. Reason: Unity was launched with the -noUpm command-line argument
[Package Manager] Unable to send message (not connected to server process).
[Package Manager] Cannot connect to Unity Package Manager local server
- Finished resetting the current domain, in  0.996 seconds
Domain Reload Profiling: 1986ms
	BeginReloadAssembly (243ms)
		ExecutionOrderSort (0ms)
		DisableScriptedObjects (5ms)
		BackupInstance (0ms)
		ReleaseScriptingObjects (0ms)
		CreateAndSetChildDomain (47ms)
	RebuildCommonClasses (31ms)
	RebuildNativeTypeToScriptingClass (10ms)
	initialDomainReloadingComplete (38ms)
	LoadAllAssembliesAndSetupDomain (667ms)
		LoadAssemblies (542ms)
		RebuildTransferFunctionScriptingTraits (0ms)
		AnalyzeDomain (231ms)
			TypeCache.Refresh (8ms)
				TypeCache.ScanAssembly (0ms)
			BuildScriptInfoCaches (208ms)
			ResolveRequiredComponents (10ms)
	FinalizeReload (997ms)
		ReleaseScriptCaches (0ms)
		RebuildScriptCaches (0ms)
		SetupLoadedEditorAssemblies (847ms)
			LogAssemblyErrors (0ms)
			InitializePlatformSupportModulesInManaged (9ms)
			SetLoadedEditorAssemblies (5ms)
			BeforeProcessingInitializeOnLoad (158ms)
			ProcessInitializeOnLoadAttributes (399ms)
			ProcessInitializeOnLoadMethodAttributes (266ms)
			AfterProcessingInitializeOnLoad (9ms)
			EditorAssembliesLoaded (1ms)
		ExecutionOrderSort2 (0ms)
		AwakeInstancesAfterBackupRestoration (21ms)
WARNING: Shader Unsupported: 'Hidden/Simulation/URP/Synthetic' - All subshaders removed
WARNING: Shader Did you use #pragma only_renderers and omit this platform?
WARNING: Shader If subshaders removal was intentional, you may have forgotten turning Fallback off?
WARNING: Shader Unsupported: 'Hidden/Simulation/URP/Synthetic' - All subshaders removed
WARNING: Shader Did you use #pragma only_renderers and omit this platform?
WARNING: Shader If subshaders removal was intentional, you may have forgotten turning Fallback off?
WARNING: Shader Unsupported: 'Simulation/Standard Lit' - All subshaders removed
WARNING: Shader Did you use #pragma only_renderers and omit this platform?
WARNING: Shader If subshaders removal was intentional, you may have forgotten turning Fallback off?
WARNING: Shader Unsupported: 'Simulation/Standard Lit' - All subshaders removed
WARNING: Shader Did you use #pragma only_renderers and omit this platform?
WARNING: Shader If subshaders removal was intentional, you may have forgotten turning Fallback off?
WARNING: Shader Unsupported: 'Hidden/Simulation/Synthetic Lit' - All subshaders removed
WARNING: Shader Did you use #pragma only_renderers and omit this platform?
WARNING: Shader If subshaders removal was intentional, you may have forgotten turning Fallback off?
WARNING: Shader Unsupported: 'Hidden/Simulation/Synthetic Lit' - All subshaders removed
WARNING: Shader Did you use #pragma only_renderers and omit this platform?
WARNING: Shader If subshaders removal was intentional, you may have forgotten turning Fallback off?
WARNING: Shader Unsupported: 'Simulation/URP/Room X-Ray' - All subshaders removed
WARNING: Shader Did you use #pragma only_renderers and omit this platform?
WARNING: Shader If subshaders removal was intentional, you may have forgotten turning Fallback off?
WARNING: Shader Unsupported: 'Simulation/URP/Room X-Ray' - All subshaders removed
WARNING: Shader Did you use #pragma only_renderers and omit this platform?
WARNING: Shader If subshaders removal was intentional, you may have forgotten turning Fallback off?
WARNING: Shader Unsupported: 'Simulation/Room X-Ray' - All subshaders removed
WARNING: Shader Did you use #pragma only_renderers and omit this platform?
WARNING: Shader If subshaders removal was intentional, you may have forgotten turning Fallback off?
WARNING: Shader Unsupported: 'Simulation/Room X-Ray' - All subshaders removed
WARNING: Shader Did you use #pragma only_renderers and omit this platform?
WARNING: Shader If subshaders removal was intentional, you may have forgotten turning Fallback off?
WARNING: Shader Unsupported: 'Simulation/URP/Lit' - All subshaders removed
WARNING: Shader Did you use #pragma only_renderers and omit this platform?
WARNING: Shader If subshaders removal was intentional, you may have forgotten turning Fallback off?
WARNING: Shader Unsupported: 'Simulation/URP/Lit' - All subshaders removed
WARNING: Shader Did you use #pragma only_renderers and omit this platform?
WARNING: Shader If subshaders removal was intentional, you may have forgotten turning Fallback off?
Refreshing native plugins compatible for Editor in 38.35 ms, found 19 plugins.
Preloading 2 native plugins for Editor in 0.28 ms.
Unloading 23 Unused Serialized files (Serialized files now loaded: 0)
Unloading 9113 unused Assets / (9.1 MB). Loaded Objects now: 10114.
Memory consumption went from 228.3 MB to 219.2 MB.
Total: 12.949000 ms (FindLiveObjects: 0.720200 ms CreateObjectMapping: 0.642500 ms MarkObjects: 7.481100 ms  DeleteObjects: 4.103900 ms)

Prepare: number of updated asset objects reloaded= 0
========================================================================
Received Prepare
[Licensing::Client] Successfully resolved entitlement details
Begin MonoManager ReloadAssembly
[Licensing::Client] Successfully resolved entitlement details
Symbol file LoadedFromMemory is not a mono symbol file
- Loaded All Assemblies, in  1.007 seconds
Refreshing native plugins compatible for Editor in 44.49 ms, found 19 plugins.
Native extension for Android target not found
Native extension for WindowsStandalone target not found
[Package Manager] Failed to launch server process. Reason: Unity was launched with the -noUpm command-line argument
[Package Manager] Unable to send message (not connected to server process).
[Package Manager] Cannot connect to Unity Package Manager local server
[Package Manager] Failed to launch server process. Reason: Unity was launched with the -noUpm command-line argument
[Package Manager] Unable to send message (not connected to server process).
[Package Manager] Cannot connect to Unity Package Manager local server
[Package Manager] Failed to launch server process. Reason: Unity was launched with the -noUpm command-line argument
[Package Manager] Unable to send message (not connected to server process).
[Package Manager] Cannot connect to Unity Package Manager local server
System.Reflection.TargetInvocationException: Exception has been thrown by the target of an invocation. ---> System.NullReferenceException: Object reference not set to an instance of an object
  at Unity.XR.Oculus.OculusLoader.AssetPathToAbsolutePath (System.String assetPath) [0x0003d] in .\Library\PackageCache\com.unity.xr.oculus@68ef97a4d91e\Runtime\OculusLoader.cs:312 
  at Unity.XR.Oculus.OculusLoader.EditorLoadOVRPlugin () [0x0008c] in .\Library\PackageCache\com.unity.xr.oculus@68ef97a4d91e\Runtime\OculusLoader.cs:297 
  at (wrapper managed-to-native) System.Reflection.RuntimeMethodInfo.InternalInvoke(System.Reflection.RuntimeMethodInfo,object,object[],System.Exception&)
  at System.Reflection.RuntimeMethodInfo.Invoke (System.Object obj, System.Reflection.BindingFlags invokeAttr, System.Reflection.Binder binder, System.Object[] parameters, System.Globalization.CultureInfo culture) [0x0006a] in <59bd7c40c082431db25e1e728ab62789>:0 
   --- End of inner exception stack trace ---
  at System.Reflection.RuntimeMethodInfo.Invoke (System.Object obj, System.Reflection.BindingFlags invokeAttr, System.Reflection.Binder binder, System.Object[] parameters, System.Globalization.CultureInfo culture) [0x00083] in <59bd7c40c082431db25e1e728ab62789>:0 
  at System.Reflection.MethodBase.Invoke (System.Object obj, System.Object[] parameters) [0x00000] in <59bd7c40c082431db25e1e728ab62789>:0 
  at UnityEditor.EditorAssemblies.ProcessInitializeOnLoadMethodAttributes () [0x00087] in <1acad9deef3549c4b9617dfa169c6659>:0 
UnityEngine.Debug:ExtractStackTraceNoAlloc (byte*,int,string)
UnityEngine.StackTraceUtility:ExtractStackTrace ()
UnityEngine.DebugLogHandler:Internal_Log (UnityEngine.LogType,UnityEngine.LogOption,string,UnityEngine.Object)
UnityEngine.DebugLogHandler:LogFormat (UnityEngine.LogType,UnityEngine.Object,string,object[])
UnityEngine.Logger:Log (UnityEngine.LogType,object)
UnityEngine.Debug:LogError (object)
UnityEditor.EditorAssemblies:ProcessInitializeOnLoadMethodAttributes ()

[MODES] ModeService[none].Initialize
[MODES] ModeService[none].LoadModes
[Package Manager] Failed to launch server process. Reason: Unity was launched with the -noUpm command-line argument
[Package Manager] Unable to send message (not connected to server process).
[Package Manager] Cannot connect to Unity Package Manager local server
AssertionException: Error removing KTX for Unity WebGL sub-packages.. Failed fetching installed packages.
Assertion failure. Values are not equal.
Expected: Failure == Success
  at UnityEngine.Assertions.Assert.Fail (System.String message, System.String userMessage) [0x00043] in <b4c8c45fec274213bfac03ee0e9a3d62>:0 
  at UnityEngine.Assertions.Assert.AreEqual[T] (T expected, T actual, System.String message, System.Collections.Generic.IEqualityComparer`1[T] comparer) [0x0005f] in <b4c8c45fec274213bfac03ee0e9a3d62>:0 
  at UnityEngine.Assertions.Assert.AreEqual[T] (T expected, T actual, System.String message) [0x00009] in <b4c8c45fec274213bfac03ee0e9a3d62>:0 
  at SubPackage.SubPackageRemover.GetAllInstalledPackagesAsync (System.Double timeout) [0x000b7] in .\Library\PackageCache\com.unity.cloud.ktx@7a35f681840e\Editor\Scripts\SubPackage\SubPackageRemover.cs:81 
  at SubPackage.SubPackageRemover.TryRemoveObsoleteSubPackagesAsync () [0x0002a] in .\Library\PackageCache\com.unity.cloud.ktx@7a35f681840e\Editor\Scripts\SubPackage\SubPackageRemover.cs:35 
UnityEngine.DebugLogHandler:Internal_LogException_Injected(Exception, IntPtr)
UnityEngine.DebugLogHandler:Internal_LogException(Exception, Object)
UnityEngine.DebugLogHandler:LogException(Exception, Object)
UnityEngine.Logger:LogException(Exception, Object)
UnityEngine.Debug:LogException(Exception)
SubPackage.<TryRemoveObsoleteSubPackagesAsync>d__5:MoveNext() (at .\Library\PackageCache\com.unity.cloud.ktx@7a35f681840e\Editor\Scripts\SubPackage\SubPackageRemover.cs:52)
System.Runtime.CompilerServices.AsyncVoidMethodBuilder:Start(<TryRemoveObsoleteSubPackagesAsync>d__5&)
SubPackage.SubPackageRemover:TryRemoveObsoleteSubPackagesAsync()
System.Reflection.RuntimeMethodInfo:InternalInvoke(RuntimeMethodInfo, Object, Object[], Exception&)
System.Reflection.RuntimeMethodInfo:Invoke(Object, BindingFlags, Binder, Object[], CultureInfo)
System.Reflection.MethodBase:Invoke(Object, Object[])
UnityEditor.EditorAssemblies:ProcessInitializeOnLoadMethodAttributes()

(Filename: ./Library/PackageCache/com.unity.cloud.ktx@7a35f681840e/Editor/Scripts/SubPackage/SubPackageRemover.cs Line: 52)

Mono: successfully reloaded assembly
[Package Manager] Failed to launch server process. Reason: Unity was launched with the -noUpm command-line argument
[Package Manager] Unable to send message (not connected to server process).
[Package Manager] Cannot connect to Unity Package Manager local server
- Finished resetting the current domain, in  1.019 seconds
Domain Reload Profiling: 2006ms
	BeginReloadAssembly (228ms)
		ExecutionOrderSort (0ms)
		DisableScriptedObjects (6ms)
		BackupInstance (0ms)
		ReleaseScriptingObjects (0ms)
		CreateAndSetChildDomain (47ms)
	RebuildCommonClasses (28ms)
	RebuildNativeTypeToScriptingClass (10ms)
	initialDomainReloadingComplete (34ms)
	LoadAllAssembliesAndSetupDomain (687ms)
		LoadAssemblies (549ms)
		RebuildTransferFunctionScriptingTraits (0ms)
		AnalyzeDomain (238ms)
			TypeCache.Refresh (8ms)
				TypeCache.ScanAssembly (0ms)
			BuildScriptInfoCaches (214ms)
			ResolveRequiredComponents (9ms)
	FinalizeReload (1019ms)
		ReleaseScriptCaches (0ms)
		RebuildScriptCaches (0ms)
		SetupLoadedEditorAssemblies (869ms)
			LogAssemblyErrors (0ms)
			InitializePlatformSupportModulesInManaged (9ms)
			SetLoadedEditorAssemblies (5ms)
			BeforeProcessingInitializeOnLoad (163ms)
			ProcessInitializeOnLoadAttributes (405ms)
			ProcessInitializeOnLoadMethodAttributes (277ms)
			AfterProcessingInitializeOnLoad (9ms)
			EditorAssembliesLoaded (1ms)
		ExecutionOrderSort2 (0ms)
		AwakeInstancesAfterBackupRestoration (19ms)
WARNING: Shader Unsupported: 'Hidden/Simulation/URP/Synthetic' - All subshaders removed
WARNING: Shader Did you use #pragma only_renderers and omit this platform?
WARNING: Shader If subshaders removal was intentional, you may have forgotten turning Fallback off?
WARNING: Shader Unsupported: 'Hidden/Simulation/URP/Synthetic' - All subshaders removed
WARNING: Shader Did you use #pragma only_renderers and omit this platform?
WARNING: Shader If subshaders removal was intentional, you may have forgotten turning Fallback off?
WARNING: Shader Unsupported: 'Simulation/Standard Lit' - All subshaders removed
WARNING: Shader Did you use #pragma only_renderers and omit this platform?
WARNING: Shader If subshaders removal was intentional, you may have forgotten turning Fallback off?
WARNING: Shader Unsupported: 'Simulation/Standard Lit' - All subshaders removed
WARNING: Shader Did you use #pragma only_renderers and omit this platform?
WARNING: Shader If subshaders removal was intentional, you may have forgotten turning Fallback off?
WARNING: Shader Unsupported: 'Hidden/Simulation/Synthetic Lit' - All subshaders removed
WARNING: Shader Did you use #pragma only_renderers and omit this platform?
WARNING: Shader If subshaders removal was intentional, you may have forgotten turning Fallback off?
WARNING: Shader Unsupported: 'Hidden/Simulation/Synthetic Lit' - All subshaders removed
WARNING: Shader Did you use #pragma only_renderers and omit this platform?
WARNING: Shader If subshaders removal was intentional, you may have forgotten turning Fallback off?
WARNING: Shader Unsupported: 'Simulation/URP/Room X-Ray' - All subshaders removed
WARNING: Shader Did you use #pragma only_renderers and omit this platform?
WARNING: Shader If subshaders removal was intentional, you may have forgotten turning Fallback off?
WARNING: Shader Unsupported: 'Simulation/URP/Room X-Ray' - All subshaders removed
WARNING: Shader Did you use #pragma only_renderers and omit this platform?
WARNING: Shader If subshaders removal was intentional, you may have forgotten turning Fallback off?
WARNING: Shader Unsupported: 'Simulation/Room X-Ray' - All subshaders removed
WARNING: Shader Did you use #pragma only_renderers and omit this platform?
WARNING: Shader If subshaders removal was intentional, you may have forgotten turning Fallback off?
WARNING: Shader Unsupported: 'Simulation/Room X-Ray' - All subshaders removed
WARNING: Shader Did you use #pragma only_renderers and omit this platform?
WARNING: Shader If subshaders removal was intentional, you may have forgotten turning Fallback off?
WARNING: Shader Unsupported: 'Simulation/URP/Lit' - All subshaders removed
WARNING: Shader Did you use #pragma only_renderers and omit this platform?
WARNING: Shader If subshaders removal was intentional, you may have forgotten turning Fallback off?
WARNING: Shader Unsupported: 'Simulation/URP/Lit' - All subshaders removed
WARNING: Shader Did you use #pragma only_renderers and omit this platform?
WARNING: Shader If subshaders removal was intentional, you may have forgotten turning Fallback off?
Refreshing native plugins compatible for Editor in 34.31 ms, found 19 plugins.
Preloading 2 native plugins for Editor in 0.24 ms.
Unloading 23 Unused Serialized files (Serialized files now loaded: 0)
Unloading 9113 unused Assets / (9.1 MB). Loaded Objects now: 10119.
Memory consumption went from 228.3 MB to 219.2 MB.
Total: 12.555900 ms (FindLiveObjects: 0.645800 ms CreateObjectMapping: 0.601900 ms MarkObjects: 7.467500 ms  DeleteObjects: 3.839600 ms)

Prepare: number of updated asset objects reloaded= 0
========================================================================
Received Prepare
WARNING: Shader Unsupported: 'Hidden/Simulation/URP/Synthetic' - All subshaders removed
WARNING: Shader Did you use #pragma only_renderers and omit this platform?
WARNING: Shader If subshaders removal was intentional, you may have forgotten turning Fallback off?
WARNING: Shader Unsupported: 'Hidden/Simulation/URP/Synthetic' - All subshaders removed
WARNING: Shader Did you use #pragma only_renderers and omit this platform?
WARNING: Shader If subshaders removal was intentional, you may have forgotten turning Fallback off?
WARNING: Shader Unsupported: 'Simulation/Standard Lit' - All subshaders removed
WARNING: Shader Did you use #pragma only_renderers and omit this platform?
WARNING: Shader If subshaders removal was intentional, you may have forgotten turning Fallback off?
WARNING: Shader Unsupported: 'Simulation/Standard Lit' - All subshaders removed
WARNING: Shader Did you use #pragma only_renderers and omit this platform?
WARNING: Shader If subshaders removal was intentional, you may have forgotten turning Fallback off?
WARNING: Shader Unsupported: 'Hidden/Simulation/Synthetic Lit' - All subshaders removed
WARNING: Shader Did you use #pragma only_renderers and omit this platform?
WARNING: Shader If subshaders removal was intentional, you may have forgotten turning Fallback off?
WARNING: Shader Unsupported: 'Hidden/Simulation/Synthetic Lit' - All subshaders removed
WARNING: Shader Did you use #pragma only_renderers and omit this platform?
WARNING: Shader If subshaders removal was intentional, you may have forgotten turning Fallback off?
WARNING: Shader Unsupported: 'Simulation/URP/Room X-Ray' - All subshaders removed
WARNING: Shader Did you use #pragma only_renderers and omit this platform?
WARNING: Shader If subshaders removal was intentional, you may have forgotten turning Fallback off?
WARNING: Shader Unsupported: 'Simulation/URP/Room X-Ray' - All subshaders removed
WARNING: Shader Did you use #pragma only_renderers and omit this platform?
WARNING: Shader If subshaders removal was intentional, you may have forgotten turning Fallback off?
WARNING: Shader Unsupported: 'Simulation/Room X-Ray' - All subshaders removed
WARNING: Shader Did you use #pragma only_renderers and omit this platform?
WARNING: Shader If subshaders removal was intentional, you may have forgotten turning Fallback off?
WARNING: Shader Unsupported: 'Simulation/Room X-Ray' - All subshaders removed
WARNING: Shader Did you use #pragma only_renderers and omit this platform?
WARNING: Shader If subshaders removal was intentional, you may have forgotten turning Fallback off?
WARNING: Shader Unsupported: 'Simulation/URP/Lit' - All subshaders removed
WARNING: Shader Did you use #pragma only_renderers and omit this platform?
WARNING: Shader If subshaders removal was intentional, you may have forgotten turning Fallback off?
WARNING: Shader Unsupported: 'Simulation/URP/Lit' - All subshaders removed
WARNING: Shader Did you use #pragma only_renderers and omit this platform?
WARNING: Shader If subshaders removal was intentional, you may have forgotten turning Fallback off?
Refreshing native plugins compatible for Editor in 40.54 ms, found 19 plugins.
Preloading 2 native plugins for Editor in 0.18 ms.
Unloading 23 Unused Serialized files (Serialized files now loaded: 0)
Unloading 8965 unused Assets / (8.1 MB). Loaded Objects now: 10098.
Memory consumption went from 197.0 MB to 188.9 MB.
Total: 12.772500 ms (FindLiveObjects: 0.708000 ms CreateObjectMapping: 0.603100 ms MarkObjects: 7.602400 ms  DeleteObjects: 3.858000 ms)

Prepare: number of updated asset objects reloaded= 0
========================================================================
Received Prepare
Begin MonoManager ReloadAssembly
Symbol file LoadedFromMemory is not a mono symbol file
- Loaded All Assemblies, in  1.004 seconds
Refreshing native plugins compatible for Editor in 40.03 ms, found 19 plugins.
Native extension for Android target not found
Native extension for WindowsStandalone target not found
[Package Manager] Failed to launch server process. Reason: Unity was launched with the -noUpm command-line argument
[Package Manager] Unable to send message (not connected to server process).
[Package Manager] Cannot connect to Unity Package Manager local server
[Package Manager] Failed to launch server process. Reason: Unity was launched with the -noUpm command-line argument
[Package Manager] Unable to send message (not connected to server process).
[Package Manager] Cannot connect to Unity Package Manager local server
[Package Manager] Failed to launch server process. Reason: Unity was launched with the -noUpm command-line argument
[Package Manager] Unable to send message (not connected to server process).
[Package Manager] Cannot connect to Unity Package Manager local server
System.Reflection.TargetInvocationException: Exception has been thrown by the target of an invocation. ---> System.NullReferenceException: Object reference not set to an instance of an object
  at Unity.XR.Oculus.OculusLoader.AssetPathToAbsolutePath (System.String assetPath) [0x0003d] in .\Library\PackageCache\com.unity.xr.oculus@68ef97a4d91e\Runtime\OculusLoader.cs:312 
  at Unity.XR.Oculus.OculusLoader.EditorLoadOVRPlugin () [0x0008c] in .\Library\PackageCache\com.unity.xr.oculus@68ef97a4d91e\Runtime\OculusLoader.cs:297 
  at (wrapper managed-to-native) System.Reflection.RuntimeMethodInfo.InternalInvoke(System.Reflection.RuntimeMethodInfo,object,object[],System.Exception&)
  at System.Reflection.RuntimeMethodInfo.Invoke (System.Object obj, System.Reflection.BindingFlags invokeAttr, System.Reflection.Binder binder, System.Object[] parameters, System.Globalization.CultureInfo culture) [0x0006a] in <59bd7c40c082431db25e1e728ab62789>:0 
   --- End of inner exception stack trace ---
  at System.Reflection.RuntimeMethodInfo.Invoke (System.Object obj, System.Reflection.BindingFlags invokeAttr, System.Reflection.Binder binder, System.Object[] parameters, System.Globalization.CultureInfo culture) [0x00083] in <59bd7c40c082431db25e1e728ab62789>:0 
  at System.Reflection.MethodBase.Invoke (System.Object obj, System.Object[] parameters) [0x00000] in <59bd7c40c082431db25e1e728ab62789>:0 
  at UnityEditor.EditorAssemblies.ProcessInitializeOnLoadMethodAttributes () [0x00087] in <1acad9deef3549c4b9617dfa169c6659>:0 
UnityEngine.Debug:ExtractStackTraceNoAlloc (byte*,int,string)
UnityEngine.StackTraceUtility:ExtractStackTrace ()
UnityEngine.DebugLogHandler:Internal_Log (UnityEngine.LogType,UnityEngine.LogOption,string,UnityEngine.Object)
UnityEngine.DebugLogHandler:LogFormat (UnityEngine.LogType,UnityEngine.Object,string,object[])
UnityEngine.Logger:Log (UnityEngine.LogType,object)
UnityEngine.Debug:LogError (object)
UnityEditor.EditorAssemblies:ProcessInitializeOnLoadMethodAttributes ()

[MODES] ModeService[none].Initialize
[MODES] ModeService[none].LoadModes
[Package Manager] Failed to launch server process. Reason: Unity was launched with the -noUpm command-line argument
[Package Manager] Unable to send message (not connected to server process).
[Package Manager] Cannot connect to Unity Package Manager local server
AssertionException: Error removing KTX for Unity WebGL sub-packages.. Failed fetching installed packages.
Assertion failure. Values are not equal.
Expected: Failure == Success
  at UnityEngine.Assertions.Assert.Fail (System.String message, System.String userMessage) [0x00043] in <b4c8c45fec274213bfac03ee0e9a3d62>:0 
  at UnityEngine.Assertions.Assert.AreEqual[T] (T expected, T actual, System.String message, System.Collections.Generic.IEqualityComparer`1[T] comparer) [0x0005f] in <b4c8c45fec274213bfac03ee0e9a3d62>:0 
  at UnityEngine.Assertions.Assert.AreEqual[T] (T expected, T actual, System.String message) [0x00009] in <b4c8c45fec274213bfac03ee0e9a3d62>:0 
  at SubPackage.SubPackageRemover.GetAllInstalledPackagesAsync (System.Double timeout) [0x000b7] in .\Library\PackageCache\com.unity.cloud.ktx@7a35f681840e\Editor\Scripts\SubPackage\SubPackageRemover.cs:81 
  at SubPackage.SubPackageRemover.TryRemoveObsoleteSubPackagesAsync () [0x0002a] in .\Library\PackageCache\com.unity.cloud.ktx@7a35f681840e\Editor\Scripts\SubPackage\SubPackageRemover.cs:35 
UnityEngine.DebugLogHandler:Internal_LogException_Injected(Exception, IntPtr)
UnityEngine.DebugLogHandler:Internal_LogException(Exception, Object)
UnityEngine.DebugLogHandler:LogException(Exception, Object)
UnityEngine.Logger:LogException(Exception, Object)
UnityEngine.Debug:LogException(Exception)
SubPackage.<TryRemoveObsoleteSubPackagesAsync>d__5:MoveNext() (at .\Library\PackageCache\com.unity.cloud.ktx@7a35f681840e\Editor\Scripts\SubPackage\SubPackageRemover.cs:52)
System.Runtime.CompilerServices.AsyncVoidMethodBuilder:Start(<TryRemoveObsoleteSubPackagesAsync>d__5&)
SubPackage.SubPackageRemover:TryRemoveObsoleteSubPackagesAsync()
System.Reflection.RuntimeMethodInfo:InternalInvoke(RuntimeMethodInfo, Object, Object[], Exception&)
System.Reflection.RuntimeMethodInfo:Invoke(Object, BindingFlags, Binder, Object[], CultureInfo)
System.Reflection.MethodBase:Invoke(Object, Object[])
UnityEditor.EditorAssemblies:ProcessInitializeOnLoadMethodAttributes()

(Filename: ./Library/PackageCache/com.unity.cloud.ktx@7a35f681840e/Editor/Scripts/SubPackage/SubPackageRemover.cs Line: 52)

Mono: successfully reloaded assembly
[Package Manager] Failed to launch server process. Reason: Unity was launched with the -noUpm command-line argument
[Package Manager] Unable to send message (not connected to server process).
[Package Manager] Cannot connect to Unity Package Manager local server
- Finished resetting the current domain, in  1.041 seconds
Domain Reload Profiling: 2034ms
	BeginReloadAssembly (216ms)
		ExecutionOrderSort (0ms)
		DisableScriptedObjects (5ms)
		BackupInstance (0ms)
		ReleaseScriptingObjects (0ms)
		CreateAndSetChildDomain (45ms)
	RebuildCommonClasses (29ms)
	RebuildNativeTypeToScriptingClass (10ms)
	initialDomainReloadingComplete (33ms)
	LoadAllAssembliesAndSetupDomain (705ms)
		LoadAssemblies (566ms)
		RebuildTransferFunctionScriptingTraits (0ms)
		AnalyzeDomain (237ms)
			TypeCache.Refresh (11ms)
				TypeCache.ScanAssembly (0ms)
			BuildScriptInfoCaches (210ms)
			ResolveRequiredComponents (9ms)
	FinalizeReload (1041ms)
		ReleaseScriptCaches (0ms)
		RebuildScriptCaches (0ms)
		SetupLoadedEditorAssemblies (894ms)
			LogAssemblyErrors (0ms)
			InitializePlatformSupportModulesInManaged (11ms)
			SetLoadedEditorAssemblies (5ms)
			BeforeProcessingInitializeOnLoad (174ms)
			ProcessInitializeOnLoadAttributes (421ms)
			ProcessInitializeOnLoadMethodAttributes (274ms)
			AfterProcessingInitializeOnLoad (8ms)
			EditorAssembliesLoaded (1ms)
		ExecutionOrderSort2 (0ms)
		AwakeInstancesAfterBackupRestoration (18ms)
WARNING: Shader Unsupported: 'Hidden/Simulation/URP/Synthetic' - All subshaders removed
WARNING: Shader Did you use #pragma only_renderers and omit this platform?
WARNING: Shader If subshaders removal was intentional, you may have forgotten turning Fallback off?
WARNING: Shader Unsupported: 'Hidden/Simulation/URP/Synthetic' - All subshaders removed
WARNING: Shader Did you use #pragma only_renderers and omit this platform?
WARNING: Shader If subshaders removal was intentional, you may have forgotten turning Fallback off?
WARNING: Shader Unsupported: 'Simulation/Standard Lit' - All subshaders removed
WARNING: Shader Did you use #pragma only_renderers and omit this platform?
WARNING: Shader If subshaders removal was intentional, you may have forgotten turning Fallback off?
WARNING: Shader Unsupported: 'Simulation/Standard Lit' - All subshaders removed
WARNING: Shader Did you use #pragma only_renderers and omit this platform?
WARNING: Shader If subshaders removal was intentional, you may have forgotten turning Fallback off?
WARNING: Shader Unsupported: 'Hidden/Simulation/Synthetic Lit' - All subshaders removed
WARNING: Shader Did you use #pragma only_renderers and omit this platform?
WARNING: Shader If subshaders removal was intentional, you may have forgotten turning Fallback off?
WARNING: Shader Unsupported: 'Hidden/Simulation/Synthetic Lit' - All subshaders removed
WARNING: Shader Did you use #pragma only_renderers and omit this platform?
WARNING: Shader If subshaders removal was intentional, you may have forgotten turning Fallback off?
WARNING: Shader Unsupported: 'Simulation/URP/Room X-Ray' - All subshaders removed
WARNING: Shader Did you use #pragma only_renderers and omit this platform?
WARNING: Shader If subshaders removal was intentional, you may have forgotten turning Fallback off?
WARNING: Shader Unsupported: 'Simulation/URP/Room X-Ray' - All subshaders removed
WARNING: Shader Did you use #pragma only_renderers and omit this platform?
WARNING: Shader If subshaders removal was intentional, you may have forgotten turning Fallback off?
WARNING: Shader Unsupported: 'Simulation/Room X-Ray' - All subshaders removed
WARNING: Shader Did you use #pragma only_renderers and omit this platform?
WARNING: Shader If subshaders removal was intentional, you may have forgotten turning Fallback off?
WARNING: Shader Unsupported: 'Simulation/Room X-Ray' - All subshaders removed
WARNING: Shader Did you use #pragma only_renderers and omit this platform?
WARNING: Shader If subshaders removal was intentional, you may have forgotten turning Fallback off?
WARNING: Shader Unsupported: 'Simulation/URP/Lit' - All subshaders removed
WARNING: Shader Did you use #pragma only_renderers and omit this platform?
WARNING: Shader If subshaders removal was intentional, you may have forgotten turning Fallback off?
WARNING: Shader Unsupported: 'Simulation/URP/Lit' - All subshaders removed
WARNING: Shader Did you use #pragma only_renderers and omit this platform?
WARNING: Shader If subshaders removal was intentional, you may have forgotten turning Fallback off?
Refreshing native plugins compatible for Editor in 33.58 ms, found 19 plugins.
Preloading 2 native plugins for Editor in 0.16 ms.
Unloading 23 Unused Serialized files (Serialized files now loaded: 0)
Unloading 9113 unused Assets / (9.1 MB). Loaded Objects now: 10124.
Memory consumption went from 228.4 MB to 219.3 MB.
Total: 12.689800 ms (FindLiveObjects: 0.653600 ms CreateObjectMapping: 0.608800 ms MarkObjects: 7.517600 ms  DeleteObjects: 3.908700 ms)

Prepare: number of updated asset objects reloaded= 0
========================================================================
Received Prepare
Begin MonoManager ReloadAssembly
Symbol file LoadedFromMemory is not a mono symbol file
- Loaded All Assemblies, in  0.990 seconds
Refreshing native plugins compatible for Editor in 36.96 ms, found 19 plugins.
Native extension for Android target not found
Native extension for WindowsStandalone target not found
[Package Manager] Failed to launch server process. Reason: Unity was launched with the -noUpm command-line argument
[Package Manager] Unable to send message (not connected to server process).
[Package Manager] Cannot connect to Unity Package Manager local server
[Package Manager] Failed to launch server process. Reason: Unity was launched with the -noUpm command-line argument
[Package Manager] Unable to send message (not connected to server process).
[Package Manager] Cannot connect to Unity Package Manager local server
[Package Manager] Failed to launch server process. Reason: Unity was launched with the -noUpm command-line argument
[Package Manager] Unable to send message (not connected to server process).
[Package Manager] Cannot connect to Unity Package Manager local server
System.Reflection.TargetInvocationException: Exception has been thrown by the target of an invocation. ---> System.NullReferenceException: Object reference not set to an instance of an object
  at Unity.XR.Oculus.OculusLoader.AssetPathToAbsolutePath (System.String assetPath) [0x0003d] in .\Library\PackageCache\com.unity.xr.oculus@68ef97a4d91e\Runtime\OculusLoader.cs:312 
  at Unity.XR.Oculus.OculusLoader.EditorLoadOVRPlugin () [0x0008c] in .\Library\PackageCache\com.unity.xr.oculus@68ef97a4d91e\Runtime\OculusLoader.cs:297 
  at (wrapper managed-to-native) System.Reflection.RuntimeMethodInfo.InternalInvoke(System.Reflection.RuntimeMethodInfo,object,object[],System.Exception&)
  at System.Reflection.RuntimeMethodInfo.Invoke (System.Object obj, System.Reflection.BindingFlags invokeAttr, System.Reflection.Binder binder, System.Object[] parameters, System.Globalization.CultureInfo culture) [0x0006a] in <59bd7c40c082431db25e1e728ab62789>:0 
   --- End of inner exception stack trace ---
  at System.Reflection.RuntimeMethodInfo.Invoke (System.Object obj, System.Reflection.BindingFlags invokeAttr, System.Reflection.Binder binder, System.Object[] parameters, System.Globalization.CultureInfo culture) [0x00083] in <59bd7c40c082431db25e1e728ab62789>:0 
  at System.Reflection.MethodBase.Invoke (System.Object obj, System.Object[] parameters) [0x00000] in <59bd7c40c082431db25e1e728ab62789>:0 
  at UnityEditor.EditorAssemblies.ProcessInitializeOnLoadMethodAttributes () [0x00087] in <1acad9deef3549c4b9617dfa169c6659>:0 
UnityEngine.Debug:ExtractStackTraceNoAlloc (byte*,int,string)
UnityEngine.StackTraceUtility:ExtractStackTrace ()
UnityEngine.DebugLogHandler:Internal_Log (UnityEngine.LogType,UnityEngine.LogOption,string,UnityEngine.Object)
UnityEngine.DebugLogHandler:LogFormat (UnityEngine.LogType,UnityEngine.Object,string,object[])
UnityEngine.Logger:Log (UnityEngine.LogType,object)
UnityEngine.Debug:LogError (object)
UnityEditor.EditorAssemblies:ProcessInitializeOnLoadMethodAttributes ()

[MODES] ModeService[none].Initialize
[MODES] ModeService[none].LoadModes
[Package Manager] Failed to launch server process. Reason: Unity was launched with the -noUpm command-line argument
[Package Manager] Unable to send message (not connected to server process).
[Package Manager] Cannot connect to Unity Package Manager local server
AssertionException: Error removing KTX for Unity WebGL sub-packages.. Failed fetching installed packages.
Assertion failure. Values are not equal.
Expected: Failure == Success
  at UnityEngine.Assertions.Assert.Fail (System.String message, System.String userMessage) [0x00043] in <b4c8c45fec274213bfac03ee0e9a3d62>:0 
  at UnityEngine.Assertions.Assert.AreEqual[T] (T expected, T actual, System.String message, System.Collections.Generic.IEqualityComparer`1[T] comparer) [0x0005f] in <b4c8c45fec274213bfac03ee0e9a3d62>:0 
  at UnityEngine.Assertions.Assert.AreEqual[T] (T expected, T actual, System.String message) [0x00009] in <b4c8c45fec274213bfac03ee0e9a3d62>:0 
  at SubPackage.SubPackageRemover.GetAllInstalledPackagesAsync (System.Double timeout) [0x000b7] in .\Library\PackageCache\com.unity.cloud.ktx@7a35f681840e\Editor\Scripts\SubPackage\SubPackageRemover.cs:81 
  at SubPackage.SubPackageRemover.TryRemoveObsoleteSubPackagesAsync () [0x0002a] in .\Library\PackageCache\com.unity.cloud.ktx@7a35f681840e\Editor\Scripts\SubPackage\SubPackageRemover.cs:35 
UnityEngine.DebugLogHandler:Internal_LogException_Injected(Exception, IntPtr)
UnityEngine.DebugLogHandler:Internal_LogException(Exception, Object)
UnityEngine.DebugLogHandler:LogException(Exception, Object)
UnityEngine.Logger:LogException(Exception, Object)
UnityEngine.Debug:LogException(Exception)
SubPackage.<TryRemoveObsoleteSubPackagesAsync>d__5:MoveNext() (at .\Library\PackageCache\com.unity.cloud.ktx@7a35f681840e\Editor\Scripts\SubPackage\SubPackageRemover.cs:52)
System.Runtime.CompilerServices.AsyncVoidMethodBuilder:Start(<TryRemoveObsoleteSubPackagesAsync>d__5&)
SubPackage.SubPackageRemover:TryRemoveObsoleteSubPackagesAsync()
System.Reflection.RuntimeMethodInfo:InternalInvoke(RuntimeMethodInfo, Object, Object[], Exception&)
System.Reflection.RuntimeMethodInfo:Invoke(Object, BindingFlags, Binder, Object[], CultureInfo)
System.Reflection.MethodBase:Invoke(Object, Object[])
UnityEditor.EditorAssemblies:ProcessInitializeOnLoadMethodAttributes()

(Filename: ./Library/PackageCache/com.unity.cloud.ktx@7a35f681840e/Editor/Scripts/SubPackage/SubPackageRemover.cs Line: 52)

Mono: successfully reloaded assembly
[Package Manager] Failed to launch server process. Reason: Unity was launched with the -noUpm command-line argument
[Package Manager] Unable to send message (not connected to server process).
[Package Manager] Cannot connect to Unity Package Manager local server
- Finished resetting the current domain, in  1.008 seconds
Domain Reload Profiling: 1983ms
	BeginReloadAssembly (223ms)
		ExecutionOrderSort (0ms)
		DisableScriptedObjects (5ms)
		BackupInstance (0ms)
		ReleaseScriptingObjects (0ms)
		CreateAndSetChildDomain (47ms)
	RebuildCommonClasses (31ms)
	RebuildNativeTypeToScriptingClass (10ms)
	initialDomainReloadingComplete (33ms)
	LoadAllAssembliesAndSetupDomain (678ms)
		LoadAssemblies (548ms)
		RebuildTransferFunctionScriptingTraits (0ms)
		AnalyzeDomain (233ms)
			TypeCache.Refresh (8ms)
				TypeCache.ScanAssembly (0ms)
			BuildScriptInfoCaches (211ms)
			ResolveRequiredComponents (10ms)
	FinalizeReload (1009ms)
		ReleaseScriptCaches (0ms)
		RebuildScriptCaches (0ms)
		SetupLoadedEditorAssemblies (859ms)
			LogAssemblyErrors (0ms)
			InitializePlatformSupportModulesInManaged (10ms)
			SetLoadedEditorAssemblies (5ms)
			BeforeProcessingInitializeOnLoad (160ms)
			ProcessInitializeOnLoadAttributes (410ms)
			ProcessInitializeOnLoadMethodAttributes (264ms)
			AfterProcessingInitializeOnLoad (9ms)
			EditorAssembliesLoaded (1ms)
		ExecutionOrderSort2 (0ms)
		AwakeInstancesAfterBackupRestoration (18ms)
WARNING: Shader Unsupported: 'Hidden/Simulation/URP/Synthetic' - All subshaders removed
WARNING: Shader Did you use #pragma only_renderers and omit this platform?
WARNING: Shader If subshaders removal was intentional, you may have forgotten turning Fallback off?
WARNING: Shader Unsupported: 'Hidden/Simulation/URP/Synthetic' - All subshaders removed
WARNING: Shader Did you use #pragma only_renderers and omit this platform?
WARNING: Shader If subshaders removal was intentional, you may have forgotten turning Fallback off?
WARNING: Shader Unsupported: 'Simulation/Standard Lit' - All subshaders removed
WARNING: Shader Did you use #pragma only_renderers and omit this platform?
WARNING: Shader If subshaders removal was intentional, you may have forgotten turning Fallback off?
WARNING: Shader Unsupported: 'Simulation/Standard Lit' - All subshaders removed
WARNING: Shader Did you use #pragma only_renderers and omit this platform?
WARNING: Shader If subshaders removal was intentional, you may have forgotten turning Fallback off?
WARNING: Shader Unsupported: 'Hidden/Simulation/Synthetic Lit' - All subshaders removed
WARNING: Shader Did you use #pragma only_renderers and omit this platform?
WARNING: Shader If subshaders removal was intentional, you may have forgotten turning Fallback off?
WARNING: Shader Unsupported: 'Hidden/Simulation/Synthetic Lit' - All subshaders removed
WARNING: Shader Did you use #pragma only_renderers and omit this platform?
WARNING: Shader If subshaders removal was intentional, you may have forgotten turning Fallback off?
WARNING: Shader Unsupported: 'Simulation/URP/Room X-Ray' - All subshaders removed
WARNING: Shader Did you use #pragma only_renderers and omit this platform?
WARNING: Shader If subshaders removal was intentional, you may have forgotten turning Fallback off?
WARNING: Shader Unsupported: 'Simulation/URP/Room X-Ray' - All subshaders removed
WARNING: Shader Did you use #pragma only_renderers and omit this platform?
WARNING: Shader If subshaders removal was intentional, you may have forgotten turning Fallback off?
WARNING: Shader Unsupported: 'Simulation/Room X-Ray' - All subshaders removed
WARNING: Shader Did you use #pragma only_renderers and omit this platform?
WARNING: Shader If subshaders removal was intentional, you may have forgotten turning Fallback off?
WARNING: Shader Unsupported: 'Simulation/Room X-Ray' - All subshaders removed
WARNING: Shader Did you use #pragma only_renderers and omit this platform?
WARNING: Shader If subshaders removal was intentional, you may have forgotten turning Fallback off?
WARNING: Shader Unsupported: 'Simulation/URP/Lit' - All subshaders removed
WARNING: Shader Did you use #pragma only_renderers and omit this platform?
WARNING: Shader If subshaders removal was intentional, you may have forgotten turning Fallback off?
WARNING: Shader Unsupported: 'Simulation/URP/Lit' - All subshaders removed
WARNING: Shader Did you use #pragma only_renderers and omit this platform?
WARNING: Shader If subshaders removal was intentional, you may have forgotten turning Fallback off?
Refreshing native plugins compatible for Editor in 42.90 ms, found 19 plugins.
Preloading 2 native plugins for Editor in 0.18 ms.
Unloading 23 Unused Serialized files (Serialized files now loaded: 0)
Unloading 9113 unused Assets / (9.0 MB). Loaded Objects now: 10129.
Memory consumption went from 228.6 MB to 219.6 MB.
Total: 13.358600 ms (FindLiveObjects: 0.686900 ms CreateObjectMapping: 0.594700 ms MarkObjects: 7.676000 ms  DeleteObjects: 4.399800 ms)

Prepare: number of updated asset objects reloaded= 0
